video_id,comment_text,comment_likes,comment_timestamp
vilo1pe7gdk,Nenu konedhi ledhu em ledhu endhuku chustunnano,0,2026-04-28T09:34:24Z
vilo1pe7gdk,"Anna starting lo mashup song link petava anna, hilate undhanna song F9LA",0,2026-04-26T11:19:45Z
vilo1pe7gdk,Editing oor mass🔥🔥🔥🔥,0,2026-04-24T10:10:24Z
vilo1pe7gdk,BYD better,0,2026-04-23T13:21:06Z
vilo1pe7gdk,Bro ❤❤show me autopilot,0,2026-04-23T05:43:54Z
vilo1pe7gdk,Nandaaa big fan,1,2026-04-18T18:28:44Z
vilo1pe7gdk,Edit ki evadeya award 🎉🔥,0,2026-04-16T10:35:54Z
vilo1pe7gdk,Anna Honda Amaze Gen3 anna pls,0,2026-04-15T13:33:30Z
vilo1pe7gdk,12:27 horn missed,1,2026-04-15T08:00:11Z
vilo1pe7gdk,Anna please oka doubt clarity ivvandi Toyota fortuner thisukovachaaa.... Ledha Tata harrier EV thisukovaala... But fortuner seconds lo tata first hand lo which one is better Tell me BRO...,0,2026-04-15T06:04:55Z
vilo1pe7gdk,one generator and 2 cans konukomanu saripotadi inkem avasaram ledu for petrol or diesel,0,2026-04-14T05:54:24Z
vilo1pe7gdk,"that's the difference between Tesla and other automobiles, But honestly BYD is ruling now in EV with all the features and less in price",0,2026-04-13T23:53:25Z
vilo1pe7gdk,You are a amazing creater and amazing person in youtube,0,2026-04-12T17:56:33Z
vilo1pe7gdk,ఆ డిస్ప్లే నీ రాయిచుకొని దేన్గితే ఆ కారు ఎందుకు పనికిరాదు కాదన్న😅,0,2026-04-12T11:14:16Z
vilo1pe7gdk,"Same price pedithe BYD Seal vastundi 
Annitlo deeni kante better",0,2026-04-11T02:30:27Z
vilo1pe7gdk,84 lakhs 😲 wow..,0,2026-04-10T14:14:36Z
vilo1pe7gdk,Review on Maruti Suzuki e-Vitara please.,0,2026-04-10T05:12:17Z
vilo1pe7gdk,Tesla Car Owner Ila chesi undadu,0,2026-04-10T05:00:08Z
vilo1pe7gdk,Owner 🤡🤡,0,2026-04-09T16:53:34Z
vilo1pe7gdk,Anna ki eh car lo under knee support undadhu😅,0,2026-04-09T09:10:45Z
vilo1pe7gdk,Sir bolero car new model review madi sir 🙏♥️,0,2026-04-09T08:20:24Z
vilo1pe7gdk,nice editing,0,2026-04-08T18:42:00Z
vilo1pe7gdk,Editing op Anna music is like Thaman BGM,0,2026-04-08T14:53:55Z
vilo1pe7gdk,Waiting for Honda gold wing three wheeler,0,2026-04-08T10:19:54Z
vilo1pe7gdk,Innova ibreed ఐ క్రాస్ gurinchi video ఎందుకు చెయ్యలేదు bro,0,2026-04-08T09:55:30Z
vilo1pe7gdk,Signal sounds ayte Highlight anna😂,0,2026-04-08T00:35:19Z
vilo1pe7gdk,"Kudhurthe finger nails cut cheskondi anna looks ugly 😅, anyway It is just my opinion tharavatha mee istam. As always loved your content fan of you",0,2026-04-07T12:14:43Z
vilo1pe7gdk,ప్రసాద్ అన్న కొనాలని ఉంది కానీ డబ్బులు లేవన్న ఏఎన్ఆర్ తిరణాలు వస్తే అక్కడ తీసుకుంటే😂,0,2026-04-07T07:45:07Z
vilo1pe7gdk,Ban Tesla !,0,2026-04-07T05:04:19Z
vilo1pe7gdk,Crysta car review,0,2026-04-07T03:26:55Z
vilo1pe7gdk,1:05 logo deggara music 🔥🔥🤩🤩🤩,0,2026-04-06T18:12:00Z
vilo1pe7gdk,Editor bro 😮🔥🔥❤,0,2026-04-06T16:17:13Z
vilo1pe7gdk,Anna next car Lamborghini car chyu anna plz ❤😊,1,2026-04-06T14:47:12Z
vilo1pe7gdk,thopu bayya nuvu first tesla review in telugu,2,2026-04-06T10:04:56Z
vilo1pe7gdk,Anna Bmw car medha oka video cheyandi anna,1,2026-04-06T07:18:03Z
vilo1pe7gdk,Editing❤❤,0,2026-04-06T04:46:24Z
vilo1pe7gdk,Cameraman and editor ki 🙇‍♀️🙇‍♀️🙇‍♀️🙇‍♀️🙇‍♀️🙇‍♀️🙇‍♂️🙇‍♂️🙇‍♂️,0,2026-04-06T01:25:53Z
vilo1pe7gdk,Price is too much. Same car here in USA is 30 lakhs Indian rupees. 84 lakhs too much.😅,0,2026-04-05T21:07:58Z
vilo1pe7gdk,Dubai lo tesla taxi ga vundhi bayya and latest twsla ne kotte byd car kooda maind blowing Dubai Avalaibale in taxis,0,2026-04-05T19:17:23Z
vilo1pe7gdk,Owner son vachadenti 😅,1,2026-04-05T17:49:08Z
vilo1pe7gdk,Peak editing ❤️‍🔥,0,2026-04-05T16:14:32Z
vilo1pe7gdk,Hello bro h r u,0,2026-04-05T15:38:58Z
vilo1pe7gdk,"❤
Watching done ✔️",0,2026-04-05T13:30:35Z
vilo1pe7gdk,"One day driving charge 100rs
Playing music in car : 100rs
Carrying extra people per person : 500rs charge
Ac charge : for every 3hrs 1000rs
For every click of burp sound : 100rs 
 Charging : 2k RS only for 6 hrs
Carrying GF : 10k only per day
Tesla logo charge : white colour 1k, red 2k, black 5k
If Required to  communicate with Elon musk regarding any problems: just 10lac for 5min
😂😂",7,2026-04-05T09:27:26Z
vilo1pe7gdk,hummer ev car,0,2026-04-05T08:54:07Z
vilo1pe7gdk,Anna nv foreign velli akkada cars review pettu anna.. we love you anna,0,2026-04-05T08:37:28Z
vilo1pe7gdk,Ultraviolet Automotive meda oka video cheiyendi,0,2026-04-05T08:04:49Z
vilo1pe7gdk,"@prasadautomobile, I am requesting a video that features both wired and wireless headsets with microphones. The intended audience for this video should include IT professionals and gamers, and the headsets should be competitively priced. A hybrid model, offering both wired and wireless capabilities, would be an excellent option. I have previously reached out via YouTube comments and email to your channels and Kanthu Anna's, but have yet to receive a response or update.",0,2026-04-05T07:27:34Z
vilo1pe7gdk,bokkala undhi car ah price ki,0,2026-04-05T07:04:18Z
vilo1pe7gdk,Andaru Kalisi Thailand trip veyandi,0,2026-04-05T06:13:35Z
vilo1pe7gdk,BGM....,0,2026-04-05T06:11:10Z
vilo1pe7gdk,Nanda is our relative,0,2026-04-05T06:00:48Z
vilo1pe7gdk,erripukodiki money value telidu anikunta,0,2026-04-05T05:29:59Z
vilo1pe7gdk,6:13 peddi 🔥🔥🔥,1,2026-04-05T05:07:37Z
vilo1pe7gdk,is there automatic,0,2026-04-05T04:56:24Z
vilo1pe7gdk,wast of money compared to our indian Car features and prices.,0,2026-04-05T03:52:31Z
vilo1pe7gdk,Prati daniki Dabbulu pettaly😂,0,2026-04-05T01:40:47Z
vilo1pe7gdk,"tesla ki service is not required, fully matured software no bugs, only bad is stiff suspension and road noise, no one in the world can match tesla software",0,2026-04-05T01:09:22Z
vilo1pe7gdk,bro meru chapa matter was super we are legally waiting for another episode but mobile's & electronic items are ok but car's means ok another brands ok but do some videos on ur local brands car's & bike's ok try to do video on tata & manhandr car's & another bike company ok bro i love ur video's ❤,0,2026-04-05T01:03:29Z
vilo1pe7gdk,ha ha haaaa ha ,0,2026-04-04T19:40:22Z
vilo1pe7gdk,Dubai lo taxi kinda vadi dengutunnaru,0,2026-04-04T18:54:33Z
vilo1pe7gdk,Editing super anna sapiñyou ann bjm ❤️‍🔥❤️‍🔥,0,2026-04-04T18:29:47Z
vilo1pe7gdk,Range antha esthadhi bro?,0,2026-04-04T18:26:03Z
vilo1pe7gdk,"This video made me appreciate Windsor EV 😆 Yendi bhayya idiiii, haven't seen a more inconvenient EV than this one 😁",0,2026-04-04T17:24:13Z
vilo1pe7gdk,Anna l taxi plate cars video cheyachu Kadha Anna,0,2026-04-04T17:10:51Z
vilo1pe7gdk,"asalaina owner ni pilichunte bagundu, ee guntadu konaledhu ga",0,2026-04-04T15:58:21Z
vilo1pe7gdk,Xpulse 210 review cheyandi anna,0,2026-04-04T14:09:47Z
vilo1pe7gdk,"I love Tesla, because of  it’s not made in India 😂",2,2026-04-04T13:38:17Z
vilo1pe7gdk,Anna edit adhursh anna mirey chyesthuru anna brand promotion 😅,0,2026-04-04T13:37:59Z
vilo1pe7gdk,Wurust baggrund music 👎👎👎👎,1,2026-04-04T13:16:05Z
vilo1pe7gdk,Not worth,0,2026-04-04T12:11:26Z
vilo1pe7gdk,My fav car,3,2026-04-04T12:05:16Z
vilo1pe7gdk,9:00 85 lacks - Gaming 😅,1,2026-04-04T11:58:09Z
vilo1pe7gdk,❤❤,0,2026-04-04T11:54:38Z
vilo1pe7gdk,Not worth,0,2026-04-04T11:39:16Z
vilo1pe7gdk,why does it costs 14-16 lakhs to bring and register it from Mumbai to Hyderabad? Aren't registration charges 0 in Hyderabad?,0,2026-04-04T11:16:35Z
vilo1pe7gdk,Every thing is ok & very good. But prathi extra vatiki cost too much peduthunaru & people kuda branding unte challu aani money eshtam vachinattu spend chesthunaru edhi company vallu Cash chesukuntunaru . I was thinking it was not fair,0,2026-04-04T10:51:21Z
vilo1pe7gdk,22:00 ha 💸 ha 💸ha 💸ha💸 ha 💸ha 💸,0,2026-04-04T10:50:37Z
vilo1pe7gdk,21:51 Back Side I think A Car From Mercedes i.e E Class.Anyway something Big is loading💥💯,0,2026-04-04T10:48:20Z
vilo1pe7gdk,renault new duster review chey anna,0,2026-04-04T09:20:46Z
vilo1pe7gdk,Entrance edit 💥💥💥💥💥💥✊️✊️✊️super.,0,2026-04-04T08:31:15Z
vilo1pe7gdk,13:40 wizard Anna ni chusi 10 mandhi anukuntundhi tesla papam 😂😂😂,0,2026-04-04T08:26:50Z
vilo1pe7gdk,intro orsum,1,2026-04-04T08:21:45Z
vilo1pe7gdk,Short video lo car colour match avvali shirt color kuda change chesaru ga,0,2026-04-04T07:21:24Z
vilo1pe7gdk,Volkswagen virtus gurinchi review cheyandi bro,0,2026-04-04T07:16:40Z
vilo1pe7gdk,Excellent edit  🔥🔥🔥❤‍🔥❤‍🔥❤‍🔥❤‍🔥❤‍🔥 In the coming days we are expecting peek content📈📈📈📈📈 Good Work team!!!!!!!,1,2026-04-04T07:03:32Z
vilo1pe7gdk,BYD Car review,0,2026-04-04T06:38:54Z
vilo1pe7gdk,Hammer car,1,2026-04-04T06:23:23Z
vilo1pe7gdk,We want z900 review ❤,0,2026-04-04T06:12:12Z
vilo1pe7gdk,Ni laga review ivadam impossible prasad bro👌clarity next level👏,0,2026-04-04T05:59:44Z
vilo1pe7gdk,"whoever the editor is, please upgrade bro. That was unnecessary intro. Most people prefer direct content, not unnecessary intros. Prasad bro meeraina cheppandi mee editor ki.",2,2026-04-04T05:55:14Z
vilo1pe7gdk,MAHENDRA 3XO REVIX A MODEL FULL REVIEW CHEYAGALARU.......,0,2026-04-04T05:05:25Z
vilo1pe7gdk,"Overhyped car, 5 lakh Suzuki Spresso car kooda 8 to 9 seconds lo 100km reach avthadhi kavalante try CHESI chudandi",0,2026-04-04T05:00:05Z
vilo1pe7gdk,"Hi anna 
Hope you are doing good.
Do the review on Innova Hycross zxo top variant anna",0,2026-04-04T04:59:56Z
vilo1pe7gdk,video lo white shirt vesukuna kota erripuku evaru,1,2026-04-04T03:36:42Z
vilo1pe7gdk,Seeing this vedio with 5.25₹ bank balance 😄😄,0,2026-04-04T03:05:28Z
vilo1pe7gdk,Entry music lo ms narayana voice ad cheyalsindhi,0,2026-04-04T02:35:07Z
vilo1pe7gdk,no worth useless  in united staes uae its ok for timepass enjoyment its ok for going tours for business works its useless,0,2026-04-04T02:29:20Z
vilo1pe7gdk,Dinikanna tata tiyago better anipisthundi bayya,0,2026-04-04T01:42:59Z
vilo1pe7gdk,Editing peaks level,1,2026-04-04T00:58:02Z
vilo1pe7gdk,"Its not a car, just an electronic box with wheels 😂",1,2026-04-04T00:40:05Z
vilo1pe7gdk,Indian roads meeda autopilot ante sahasam ane cheppali 😂,0,2026-04-03T21:03:11Z
vilo1pe7gdk,"Ee ev vehicles lo small battery packs Enduku testaro😅 adi kuda 84 peti, inkonchem peti top ye teyachu ga",0,2026-04-03T20:56:11Z
vilo1pe7gdk,worth varma,0,2026-04-03T20:55:01Z
vilo1pe7gdk,Brake pads ela marustaru😂 updates tho,0,2026-04-03T20:54:17Z
vilo1pe7gdk,Deeni badhulu oka tata sierra konukkvachu electric release ayyaka,0,2026-04-03T20:49:43Z
vilo1pe7gdk,"Editing department, camera department just chimpesaru mind blowing🤯 📈 📈 😍",0,2026-04-03T20:44:10Z
vilo1pe7gdk,Using Tesla Model Y long range all wheel drive from 3 years driven 30000+ miles in USA zero maintenance from date of purchase just used like Mobile phone top in tech and performance in that price switched from bmw X3 worth upgrade. would be fun if fsd is enabled in india with monthly subscription. Nice videos Prasad bro follower from many years.,1,2026-04-03T20:09:44Z
vilo1pe7gdk,Start paying for just LOGO 😂😂😂😂😂…. Forget India cars,0,2026-04-03T19:51:35Z
vilo1pe7gdk,84Lakhs aa..uff,0,2026-04-03T19:47:35Z
vilo1pe7gdk,Seee … now this will become STATUS symbol for wealthy Indians and CORRUPT people….. and they MUST buy item ….and profits to T 😂😂😂😂😂😂😂😂😂😂,0,2026-04-03T19:46:36Z
vilo1pe7gdk,One video on MG MEJESTOR 😊,0,2026-04-03T19:43:20Z
vilo1pe7gdk,"Hi Prasad Anna
Hero Xpulse review cheyandi please",0,2026-04-03T19:17:45Z
vilo1pe7gdk,Mahindra Scorpio s11 review anna,0,2026-04-03T18:54:34Z
vilo1pe7gdk,🔥 🔥 🔥 🔥 🔥 🔥 🔥 🔥 🔥 🔥 🔥 🔥 🔥 🔥 🔥 🔥 🔥 🔥 🔥 MASTER PEACE EDIT 🔥🔥🔥🔥🔥🔥🔥🔥🔥🔥🔥🔥🔥🔥🔥🔥🔥🔥🔥🔥🔥🔥🔥🔥🔥🔥🔥🔥🔥🔥🔥🔥,0,2026-04-03T18:49:41Z
vilo1pe7gdk,Kallumoskoni Byd seal ki velipovachu.  The best in India,0,2026-04-03T18:16:37Z
vilo1pe7gdk,"Car review la ledu, mobile review la undi",0,2026-04-03T17:07:02Z
vilo1pe7gdk,Xev 9E is better car at that price point than this.,0,2026-04-03T16:41:31Z
vilo1pe7gdk,Youtube ni Dolby cinema level ki thiskeli padesaru Bayya,0,2026-04-03T16:16:06Z
vilo1pe7gdk,editing 🔥🔥,0,2026-04-03T16:14:33Z
vilo1pe7gdk,Songs selection and editing 🔥🔥🔥🔥🔥,0,2026-04-03T16:05:18Z
vilo1pe7gdk,Editing and camera man peaks ❤,0,2026-04-03T16:02:35Z
vilo1pe7gdk,Inka nayam Breaks kuda touch screen lo ivveledu 😅,0,2026-04-03T16:02:12Z
vilo1pe7gdk,Videvadra bmw brand car kanna best cara adi,0,2026-04-03T15:46:27Z
vilo1pe7gdk,3:15 shot was nice,0,2026-04-03T15:28:15Z
vilo1pe7gdk,Fast car ... My home group chairman son  buying one year back I see tha car in house. I am working the company.,0,2026-04-03T15:22:56Z
vilo1pe7gdk,Song and editor rock the video❤‍🔥,0,2026-04-03T15:14:59Z
vilo1pe7gdk,Horn kuda display loo pettaru anna next generation loo😅,0,2026-04-03T15:04:34Z
vilo1pe7gdk,BYD,0,2026-04-03T14:52:52Z
vilo1pe7gdk,aa car ki owner ki emina link unda salu  ?,0,2026-04-03T14:41:36Z
vilo1pe7gdk,Super anna ❤,0,2026-04-03T14:41:27Z
vilo1pe7gdk,Tesla kante BYD thopu anthe,0,2026-04-03T14:38:05Z
vilo1pe7gdk,Front storage space ni Frunk antaru anna just for info anna,2,2026-04-03T14:25:29Z
vilo1pe7gdk,Editing super anna,0,2026-04-03T14:12:45Z
vilo1pe7gdk,Tata punch vehicle ki front and back dash cam budget upto 5k suggest cheyandi boss…,0,2026-04-03T13:47:39Z
vilo1pe7gdk,Annaw editing of intro is k ramp bgm ala blood loki ekkesindhi ⚡🔥🤯❣️,0,2026-04-03T13:46:15Z
vilo1pe7gdk,Hai Anna,0,2026-04-03T13:44:48Z
vilo1pe7gdk,"Anna this is vishwanath, Car games addetapudu Stearing tho addutham kadha basic ga stearing thipithey mannaku front weels thiruguthayye kadha. Eppudu games adetapudu weels thiruguthayyaa?",0,2026-04-03T13:36:10Z
vilo1pe7gdk,Hi bro ❤️ ❤️ ❤️ 👍🏻 👍🏻 👍🏻 😊,0,2026-04-03T13:23:12Z
vilo1pe7gdk,Ah car price ikkada US lo cyber truck osthadi anna😢,0,2026-04-03T13:21:36Z
vilo1pe7gdk,Compare to Mahindra xev 9e vs tesla difference anna,1,2026-04-03T13:10:35Z
vilo1pe7gdk,Next level😮,0,2026-04-03T13:05:14Z
vilo1pe7gdk,Common man ki aitee kastam...rich persons kee ee video...,0,2026-04-03T12:49:08Z
vilo1pe7gdk,Evadaynaa paga tirchu kovalante aa ikka screen @8.00 ni baddal kodite chalana mataa😢,0,2026-04-03T12:46:19Z
vilo1pe7gdk,అన్నా  నువ్వు  Super  AnnA  😊 మాటల  మధ్యలో  చిన్న  చిన్న  కామెడీ  😂  భలే  మాట్లాడుతావు  అన్నా.. TESLA🚗🔌🔋   బ్రాండ్  Touch చేసావ్  Drive  కూడా  చేసావ్ అందరి.. కోసం. మాతో   Feeling s  ని Share    చేసుకున్నందుకు  Thanks  😊,0,2026-04-03T12:41:02Z
vilo1pe7gdk,Be6 is best then this,1,2026-04-03T12:32:07Z
vilo1pe7gdk,adhe 80 lalhs budget isthe mana india vallu verey level plan chestharu,0,2026-04-03T12:32:05Z
vilo1pe7gdk,Edit 🔥🔥🔥,1,2026-04-03T12:22:49Z
vilo1pe7gdk,Editing meeda petina intrest information  meeda kuda peditey bagundu,3,2026-04-03T12:16:31Z
vilo1pe7gdk,Prasad tata harrier review petraaa,0,2026-04-03T12:15:20Z
vilo1pe7gdk,Sound irritation ekuva information tgakuva,0,2026-04-03T12:15:16Z
vilo1pe7gdk,Peak 🔥,0,2026-04-03T12:05:19Z
vilo1pe7gdk,Elon crafted Beast 🙇🏻🙇🏻🙇🏻,0,2026-04-03T12:03:48Z
vilo1pe7gdk,Presentation is good,0,2026-04-03T11:54:56Z
vilo1pe7gdk,Innova Crysta car review kavali anna,1,2026-04-03T11:52:21Z
vilo1pe7gdk,Bmw fans attendance.,0,2026-04-03T11:49:55Z
vilo1pe7gdk,చెత్త మోడల్ చెత్త కారు ఇంతకంటే దరిద్రమైన కారుని చూడలేదు 84 లక్షల దండగ దానికి 20 లక్షలు సరిపో ఎవడు గుద్ధ బలిసింది తీసుకున్నా నాడు,1,2026-04-03T11:44:53Z
vilo1pe7gdk,anna victus review chey,0,2026-04-03T11:37:49Z
vilo1pe7gdk,Car ఎలా ఉందంటే నడపడానికి కాకుండా అన్నిటికి పనికివస్తుంది like mobile,0,2026-04-03T11:34:16Z
vilo1pe7gdk,Anna Type C Tho Charging peytachu aa ?,0,2026-04-03T11:27:38Z
vilo1pe7gdk,"Yem baledu bhayya eee Tesla car.. car ante manual car.. technology undali Kani, mari intala prathi di touch screen nokkali ante driver divert avutaadu. Actual driving mazaa raadu..",0,2026-04-03T11:26:23Z
vilo1pe7gdk,Tesla video choostu unte madyalo renault add yenduku vastundoo telydhu😅 meku kuda ela vachinda   adds vaste comment cheyandi,0,2026-04-03T11:26:19Z
vilo1pe7gdk,parama chesthaga vunnadi car okka physcial control ledu thu..,0,2026-04-03T11:21:22Z
vilo1pe7gdk,"The first Tesla car has arrived in Hyderabad, purchased by a doctor from Kompally, Dr. Praveen Koduru, from a Tesla!!!! showroom in Mumbai. 👍🏻❤️‍🔥",0,2026-04-03T11:20:37Z
vilo1pe7gdk,Neeyava idhira editing ante 🎉,0,2026-04-03T11:07:38Z
vilo1pe7gdk,OMG wate explanation ana,0,2026-04-03T11:00:55Z
vilo1pe7gdk,Cameraman & editor 🔥🔥,1,2026-04-03T10:42:22Z
vilo1pe7gdk,Editing peaks...,0,2026-04-03T10:38:21Z
vilo1pe7gdk,Anna Suzuki v Strom sx 250 video😢😢 chey please 🙏,1,2026-04-03T10:29:13Z
vilo1pe7gdk,Anna Volkswagen virtus GT video chey 😢😢 plz,0,2026-04-03T10:27:33Z
vilo1pe7gdk,"Super, sir",0,2026-04-03T10:14:17Z
vilo1pe7gdk,Full video ❌ Intro ✅,0,2026-04-03T09:53:17Z
vilo1pe7gdk,"13:46 Wzard Anna be like : okkadane unna ga ,antha mandini chupistundi enti",3,2026-04-03T09:41:00Z
vilo1pe7gdk,08:58 😂😂😂😂❤❤❤,0,2026-04-03T09:30:54Z
vilo1pe7gdk,Duranga Unna kondalu nunnaga untai alage tesla kuda mana india lo mahindra Tata ev s bagunnai,1,2026-04-03T09:28:03Z
vilo1pe7gdk,editing 🔥🔥🔥🔥🔥🔥🔥,0,2026-04-03T09:21:16Z
vilo1pe7gdk,Edit📈📈📈📈📈📈📈📈📈📈📈,1,2026-04-03T09:20:29Z
vilo1pe7gdk,Sound x editor  💀💥,1,2026-04-03T09:18:05Z
vilo1pe7gdk,Vote for ROLLS ROYCE🔥🔥🔥🔥🔥🔥🔥,1,2026-04-03T09:16:57Z
vilo1pe7gdk,to be frank naku aslu nachaledu,1,2026-04-03T09:15:43Z
vilo1pe7gdk,Anna Rolles Royce video chy Anna ❤❤,1,2026-04-03T09:09:42Z
vilo1pe7gdk,editor cooked🫥,0,2026-04-03T09:07:23Z
vilo1pe7gdk,EDITING 💥 ℕ𝔼𝕏𝕋𝕃𝔼𝕍𝔼𝕃,0,2026-04-03T09:06:43Z
vilo1pe7gdk,Just because of car intro edits,0,2026-04-03T09:05:18Z
vilo1pe7gdk,Rolls-Royce review,0,2026-04-03T08:58:36Z
vilo1pe7gdk,Bajaj Chetak EV 3501 review,0,2026-04-03T08:57:11Z
vilo1pe7gdk,anna kia carens cheyyandi anna and carens clavis kuda cheyyandi,1,2026-04-03T08:52:07Z
vilo1pe7gdk,I drove tesla model y... 👍,0,2026-04-03T08:48:16Z
vilo1pe7gdk,0:25 0:32 0:33,0,2026-04-03T08:44:03Z
vilo1pe7gdk,❤❤❤❤❤❤,0,2026-04-03T08:40:10Z
vilo1pe7gdk,100 Missed from Elon musk,0,2026-04-03T08:33:31Z
vilo1pe7gdk,"Hi anna 
Colour change chesaru kada 
Bayata car kuda colour change avutunda really  chupinchaledu anna meeru 
Plz chupistara in case",0,2026-04-03T08:33:03Z
vilo1pe7gdk,👎,0,2026-04-03T08:28:59Z
vilo1pe7gdk,❤❤హాయ్ ❤అన్న ❤,0,2026-04-03T08:28:36Z
vilo1pe7gdk,Top speed ayte don't test from next videos,0,2026-04-03T08:25:34Z
vilo1pe7gdk,11:46 avi anni musk mama samples😂😂😂,0,2026-04-03T08:22:40Z
vilo1pe7gdk,"Koncham owner em chesthado kooda cheppi undalsindi
 Lekapothe valla dady money na",0,2026-04-03T08:22:13Z
vilo1pe7gdk,I'm ని... నాని ఎందుకు చూస్తానో నాకే తెలియదు😂😂😂,0,2026-04-03T08:21:55Z
vilo1pe7gdk,If you don't know what to do with 1 cr in hand this is the car 😂😅,0,2026-04-03T08:18:20Z
vilo1pe7gdk,Anni cameras Enduku blue film teesthara endhi,0,2026-04-03T08:15:09Z
vilo1pe7gdk,Edit ❤,0,2026-04-03T08:14:19Z
vilo1pe7gdk,"METER❌ Kadhu Bro
MILLIMETER ✔️",0,2026-04-03T08:14:19Z
vilo1pe7gdk,Over hyped edit Anukunta,4,2026-04-03T08:10:02Z
vilo1pe7gdk,Hi bro,0,2026-04-03T08:06:00Z
vilo1pe7gdk,Editing and cinimatography🎉🎉🎉🎉,1,2026-04-03T08:03:14Z
vilo1pe7gdk,Enti ah intro song. Rape chesthunnaru music tho,0,2026-04-03T08:02:45Z
vilo1pe7gdk,Kanthanna car video,0,2026-04-03T07:59:08Z
vilo1pe7gdk,❤❤❤,0,2026-04-03T07:57:58Z
vilo1pe7gdk,hatsoff for the editor,0,2026-04-03T07:53:46Z
vilo1pe7gdk,Money vuntee ani ok.  😅😅,0,2026-04-03T07:53:12Z
vilo1pe7gdk,Bgm 🔥🔥🔥🔥🔥🔥,0,2026-04-03T07:49:32Z
vilo1pe7gdk,idhe price ki auto pilot variants rendu vasthay emo Us lo aythe,0,2026-04-03T07:47:30Z
vilo1pe7gdk,Movie level. B-rolls....,0,2026-04-03T07:46:02Z
vilo1pe7gdk,540 km constent Ga velthundha ac on chesthay 540 range thaguthundha,0,2026-04-03T07:44:16Z
vilo1pe7gdk,sound ❤,0,2026-04-03T07:43:11Z
vilo1pe7gdk,Technology mana control lo kadhu manam technology control lo unnam annattu undhi,0,2026-04-03T07:42:35Z
vilo1pe7gdk,Editor ki 🙏,0,2026-04-03T07:37:16Z
vilo1pe7gdk,Editing 🔥🔥🔥🔥🔥🔥🔥🔥🔥🔥🔥🔥🔥🔥🔥🔥🔥🔥🔥🔥🔥🔥🔥🔥🔥🔥🔥🔥🔥🔥🔥🔥🔥🔥🔥🔥🔥🔥🔥🔥🔥🔥🔥🔥🔥,1,2026-04-03T07:32:19Z
vilo1pe7gdk,Editor ki hatts off... K ramp editing 🔥🔥🔥,1,2026-04-03T07:30:40Z
vilo1pe7gdk,Copyrights padava anna music ki,0,2026-04-03T07:26:34Z
vilo1pe7gdk,Nothing 1 ph నుంచి ఆపరేట్ chya vachu kadha,0,2026-04-03T07:25:04Z
vilo1pe7gdk,edit🔥🔥🔥,1,2026-04-03T07:17:33Z
vilo1pe7gdk,Car meeku suit ayindi theesukondi😊,0,2026-04-03T07:14:54Z
vilo1pe7gdk,"This is the worst EV car I've ever seen. 😮 what if it gets the touch problem?
Main drawback: No physical buttons, everything on the screen that can be easily disturbing while driving.
No physical service 😅 That is a comedy thing, which software update fix the physical damage 😅😅",1,2026-04-03T07:14:41Z
vilo1pe7gdk,Editing vere level undi anna,0,2026-04-03T07:11:41Z
vilo1pe7gdk,Decent Car in indian Road's 🎉,1,2026-04-03T07:07:50Z
vilo1pe7gdk,Home town ❤,1,2026-04-03T07:05:15Z
vilo1pe7gdk,❤,0,2026-04-03T07:04:52Z
vilo1pe7gdk,Anna kotha ga car tesaru kadha mi team lo adi kuda elane video cheyandi anna,0,2026-04-03T07:03:04Z
vilo1pe7gdk,Credits goes to editor 🙏🏻🔥,0,2026-04-03T06:58:19Z
vilo1pe7gdk,"3:30 sloping roof ఉంటె నీరు నిలవదు, వైపర్లు అవసరం లేదు. Vertical roof వాటికీ వైపర్‌లు ఎందుకు ఇస్తున్నారు దాని మీద నిలుస్తాయ? 😂",5,2026-04-03T06:58:01Z
vilo1pe7gdk,Super brother ❤ 🎉,1,2026-04-03T06:54:38Z
vilo1pe7gdk,Anna next Tesla Cybertruck review cheyyu anna,1,2026-04-03T06:48:42Z
vilo1pe7gdk,ఇండియా లో ఉన్న ఒకే కారు ఆది మీరు రివ్యూ చేశారు గ్రేట్ 😊🎉,3,2026-04-03T06:48:22Z
vilo1pe7gdk,Anna video end lo e video ki wrk chesina vallani pettu,1,2026-04-03T06:46:34Z
vilo1pe7gdk,Waiting for Cyber Truck review anna 😅,4,2026-04-03T06:45:19Z
vilo1pe7gdk,"Maa vizag lo suit avvadhu
1km ki 30 speed breakers vunnayi 1 feet height vuntayi",0,2026-04-03T06:41:25Z
vilo1pe7gdk,Anna ❤,0,2026-04-03T06:40:48Z
vilo1pe7gdk,Editing next level 👌 🔥🔥🔥🔥🔥,1,2026-04-03T06:37:25Z
vilo1pe7gdk,Edit....📈‼️,1,2026-04-03T06:34:28Z
vilo1pe7gdk,Intro video Adhurs 👌,1,2026-04-03T06:34:27Z
vilo1pe7gdk,Bro is roasting tesla,0,2026-04-03T06:32:18Z
vilo1pe7gdk,Any one uncle Tata is best company for electric vehicles but telsa is the best in america but india too  high cost,2,2026-04-03T06:30:12Z
vilo1pe7gdk,Racing limits game play chastha e car lo next level ❤️❤️❤️❤️❤️,2,2026-04-03T06:26:40Z
vilo1pe7gdk,editing🥰,1,2026-04-03T06:24:44Z
vilo1pe7gdk,Peddi industry hit kodatham ❤️❤️🙏🙏🔥🔥🔥,4,2026-04-03T06:21:32Z
vilo1pe7gdk,One minute editing Ramp ramp adincharu bhai peaks anthe 🥶🥶🥶🥶🥵🥵🥵🥵🥵,2,2026-04-03T06:20:51Z
vilo1pe7gdk,Nanda🔥🔥🔥🔥🔥,6,2026-04-03T06:18:22Z
vilo1pe7gdk,Intro🔥💥📈,1,2026-04-03T06:17:33Z
vilo1pe7gdk,Tesla 🔥,4,2026-04-03T06:16:28Z
vilo1pe7gdk,Nanda is our relative,25,2026-04-03T06:16:14Z
vilo1pe7gdk,"All the info, details, editing, and more deserve huge love and support from us! ❤🎉",1,2026-04-03T06:15:44Z
vilo1pe7gdk,Nice 👍 info bhaiya,1,2026-04-03T06:13:24Z
vilo1pe7gdk,❤❤❤❤❤,0,2026-04-03T06:13:19Z
vilo1pe7gdk,Waiting for Volkswagen virtus car review❤️‍🔥❤️‍🔥🔥🔥,11,2026-04-03T06:11:06Z
vilo1pe7gdk,How many people got shocked after seeing owner ?,188,2026-04-03T06:09:37Z
vilo1pe7gdk,Bro aa intro song vintunte tesla car ni troll chesi nattu undhi bro😂🤣,0,2026-04-03T06:09:09Z
vilo1pe7gdk,Next hummer ev cheyandi anna pls,7,2026-04-03T06:08:42Z
vilo1pe7gdk,Editor banged the video broooooooooo,3,2026-04-03T06:08:14Z
vilo1pe7gdk,Wizard valla 10members unnattu detect indi😂😂😂,0,2026-04-03T06:06:27Z
vilo1pe7gdk,0:56 wizard anna's expression:-😎,25,2026-04-03T06:05:07Z
vilo1pe7gdk,Anna your DOP is improving a lot but chupistha annadu em chupinchatley🤣🤣,1,2026-04-03T06:03:56Z
vilo1pe7gdk,Practical ga india lo ee car workout avvadhu...too much tech unna kuda bagodhu physical buttons mandatory konni due to traffic lo manam oorke screen chudalem,0,2026-04-03T06:02:58Z
vilo1pe7gdk,super bro,0,2026-04-03T05:59:51Z
vilo1pe7gdk,INTRO EDIT K PAL✨,1,2026-04-03T05:57:18Z
vilo1pe7gdk,Naku telsi over price 40 to 50 l vunte good,0,2026-04-03T05:56:02Z
vilo1pe7gdk,Ayya music enti ayya dj naa auto channel aa😂.,1,2026-04-03T05:53:53Z
vilo1pe7gdk,Durandhar X animal 😀,0,2026-04-03T05:53:12Z
vilo1pe7gdk,editor cooked,0,2026-04-03T05:52:58Z
vilo1pe7gdk,Anna Editor ki 50k salary icchina thakkuve. Chimpesadu.. 🔥🔥🔥,7,2026-04-03T05:49:50Z
vilo1pe7gdk,Intro ❤,0,2026-04-03T05:48:51Z
vilo1pe7gdk,Peddi 💥,0,2026-04-03T05:48:25Z
vilo1pe7gdk,8:53  superb feeling ❤,1,2026-04-03T05:48:23Z
vilo1pe7gdk,2:58 tyre lo kuda camara undi ani cheptaav anukunna flow lo😁,9,2026-04-03T05:46:48Z
vilo1pe7gdk,Aditer 📈📈📈📈📈📈📈📈☠️💀,0,2026-04-03T05:42:03Z
vilo1pe7gdk,Kanth anna car review waiting,2,2026-04-03T05:41:23Z
vilo1pe7gdk,BMW best,0,2026-04-03T05:39:49Z
vilo1pe7gdk,Editing going peak📈📈📈📈📈,1,2026-04-03T05:38:43Z
vilo1pe7gdk,"USA lo very basic model Tesla Y , intha hype Enduku anna... elevation lu baledu starting lo",0,2026-04-03T05:37:41Z
vilo1pe7gdk,Editor rock's and prasad anna and tesla car highlight,3,2026-04-03T05:35:22Z
vilo1pe7gdk,13:30 grab handles kuda screen lo vunnayi kachu check cheyu anna,12,2026-04-03T05:33:54Z
vilo1pe7gdk,Suppper vides bro 😘😘❤❤,0,2026-04-03T05:31:55Z
vilo1pe7gdk,Waiting for Rolls Royce cars!!❤️‍🔥,9,2026-04-03T05:28:13Z
vilo1pe7gdk,10k views 57 min  TESLA 🔥 Editor Cooked it,42,2026-04-03T05:28:11Z
vilo1pe7gdk,Next vid: Tesla 🚀😂,2,2026-04-03T05:26:29Z
vilo1pe7gdk,the intro....was not upto....felt like rushd....,5,2026-04-03T05:25:15Z
vilo1pe7gdk,Editing goes wild day by day 📈📈📈📈📈📈📈📈📈☠️🔥🔥🔥,2,2026-04-03T05:25:03Z
vilo1pe7gdk,EWWW 💥💥💥💥,0,2026-04-03T05:25:02Z
vilo1pe7gdk,Tesla Telugu,2,2026-04-03T05:24:53Z
vilo1pe7gdk,Editor bayya ki 🙌🏻,1,2026-04-03T05:23:40Z
vilo1pe7gdk,Editor deserves a hike in salary,173,2026-04-03T05:22:59Z
vilo1pe7gdk,aakariki tesla kuda ochindi channel lo kani SIERRA ravatle,14,2026-04-03T05:21:18Z
vilo1pe7gdk,Ladies and gentlemen you are still not ready for this ☠️💥🗿📈,2,2026-04-03T05:20:15Z
vilo1pe7gdk,Mahindra XEV 9S video pettandi !!!!!!!!!!!!!!!!!!!!!!!!,2,2026-04-03T05:19:36Z
vilo1pe7gdk,BMW GS1300. REVIEW,0,2026-04-03T05:13:33Z
vilo1pe7gdk,"Tata harrier ev better
Looks a car not toy",0,2026-04-03T05:12:40Z
vilo1pe7gdk,TVS Raider 125 and Hero Xtreme 125r review anna please ❤️,0,2026-04-03T05:11:30Z
vilo1pe7gdk,అన్న మీరు ఆంటే మాకు చాల అభిమానం . కానీ మీరు ఎలాంటి హై ఎండ్ కార్స్ వీడియో  వాళ్ళ మాకు ఏ ఉపయోగం లేదు Just information Thappa . మీకు ఇది ఒక  అచీవ్మెంట్ కానీ commercial vehicle వీడియో కూడా చేయండి ఎందుకు జనాలకు ఉపయోగం కదా కొత్తగ field లోకి వచ్చే వారికీ ఉపయోగం పడుతుంది .. TQ,32,2026-04-03T05:10:45Z
vilo1pe7gdk,Anna me ramraj blue shirt link pettandi anna,0,2026-04-03T05:10:22Z
vilo1pe7gdk,Rang Rover sport🚗 review Anna,13,2026-04-03T05:05:12Z
5_95Oo-BRIE,Bhai please try byd,0,2026-01-20T15:06:23Z
5_95Oo-BRIE,Who noticed voice is ai generated in some parts of video 🧐,0,2026-01-20T13:40:11Z
5_95Oo-BRIE,Omni 😩🗿 work mode on,0,2025-12-26T04:48:49Z
5_95Oo-BRIE,Try self drive in India.,0,2025-10-10T20:11:26Z
5_95Oo-BRIE,Detecting auto as bike?,0,2025-10-07T17:22:22Z
5_95Oo-BRIE,Dekh to yese raha hu jese lene vala hu😅😂,0,2025-09-30T08:49:46Z
5_95Oo-BRIE,Nice hairstyle,0,2025-09-27T15:01:02Z
5_95Oo-BRIE,5:00 kuch sunai diya?,0,2025-09-15T16:38:40Z
5_95Oo-BRIE,Bhai EV me engine nahi hota EV me sirf motor hoti hai.. kuch bhi bolne se pahle research kar liya karo,0,2025-09-13T11:27:28Z
5_95Oo-BRIE,Rate $$$$$😢😢😢😢😢,0,2025-09-08T02:53:16Z
5_95Oo-BRIE,Jo Afford Nahi kar sakte wo apna opinion de rhe hai comments section me 🤡,1,2025-09-07T05:43:16Z
5_95Oo-BRIE,July me ladder jacket pagal insaan,0,2025-09-06T13:44:47Z
5_95Oo-BRIE,"Will never buy TESLA, Funding America is the worst thing you can do.",2,2025-09-04T16:04:02Z
5_95Oo-BRIE,"shlok bhai, love your video and your jacket",0,2025-09-04T11:34:17Z
5_95Oo-BRIE,Bhai side mirror se battery life jyada increase hoti hai 😅😅😅😅,0,2025-08-30T15:45:50Z
5_95Oo-BRIE,Only Indian brand tata ❤❤❤,1,2025-08-29T17:53:12Z
5_95Oo-BRIE,Rent pa mila jaya ge Kya,0,2025-08-28T07:46:06Z
5_95Oo-BRIE,"Bhai 1cr me bhi india me aati to tum wooo karte 
Ghante ka gyani baba🤔",0,2025-08-27T14:50:30Z
5_95Oo-BRIE,Kaya yah gadi ko churaya ja sakta hai,0,2025-08-27T13:25:40Z
5_95Oo-BRIE,Kisi bhi desh m auto drive ho sakta h....lekin pakistan Bangladesh aur india m nahi ho sakta....kyuki yaha gae bel bakri bandar hathi..bhikari aur sabjiwala etc sab road m tapak jate h kahi se bhi😂,0,2025-08-26T18:57:23Z
5_95Oo-BRIE,XUV 9 ka test karo,0,2025-08-26T17:28:50Z
5_95Oo-BRIE,Nice video bro🎉,0,2025-08-25T12:04:23Z
5_95Oo-BRIE,B Y D bhai,1,2025-08-25T05:27:22Z
5_95Oo-BRIE,Lava,0,2025-08-24T03:55:59Z
5_95Oo-BRIE,Byd 👌👌👌,0,2025-08-22T23:26:52Z
5_95Oo-BRIE,Don't be excited as it is not made in india,0,2025-08-22T15:04:03Z
5_95Oo-BRIE,टाटा महेंद्र,0,2025-08-21T14:17:23Z
5_95Oo-BRIE,Voice sounds weird.,0,2025-08-20T07:42:33Z
5_95Oo-BRIE,Tata bhi khud manufacture karta hai,0,2025-08-18T09:34:23Z
5_95Oo-BRIE,Tesla model Y juniper pe video daalo bhai,0,2025-08-17T14:53:44Z
5_95Oo-BRIE,"Be Indian, Support Indian ❤❤",0,2025-08-17T05:19:45Z
5_95Oo-BRIE,Bhai marthi language mai kyui nhi bante😊,0,2025-08-15T18:41:24Z
5_95Oo-BRIE,Make in india😂😂😢,0,2025-08-15T15:09:09Z
5_95Oo-BRIE,Not even Close to Mahindra and Tata,1,2025-08-15T05:51:24Z
5_95Oo-BRIE,Fraud tech burner,0,2025-08-15T01:39:18Z
5_95Oo-BRIE,Jacket Kyu pehna hai itni garmi mai? Mumbaikars fomo with winter is next level.,0,2025-08-14T19:25:57Z
5_95Oo-BRIE,Bhai mera apse ek heart se request tha please Mi Mix Alpha ke uper ek video banaw please 🙏🙏🙏,0,2025-08-14T18:45:45Z
5_95Oo-BRIE,Apka videos dekoke Asa lagatha hea bro ❤❤❤❤,0,2025-08-14T03:02:03Z
5_95Oo-BRIE,too many flash effects in video... please don't put those.... People in tech are already having sensitive eyes,0,2025-08-13T17:56:29Z
5_95Oo-BRIE,"No Automobile Fan/Geek would ever truly appreciate this piece of junk. If you think this is state of the art, master machinery then go out and explore dude. and wtf was that cringe feature at the end!? how the heck is that a buying point for people.",0,2025-08-13T16:35:28Z
5_95Oo-BRIE,Buy Tesla ❌ Buy Tata ✅,4,2025-08-13T13:13:23Z
5_95Oo-BRIE,I think Battery's of Tesla are made by BYD🤔,0,2025-08-12T10:35:42Z
5_95Oo-BRIE,Byd khud ki battery khud bnata hai bhai,0,2025-08-12T06:47:50Z
5_95Oo-BRIE,Aarodynamic😂,0,2025-08-12T04:05:14Z
5_95Oo-BRIE,Build quality  ???,0,2025-08-11T04:20:55Z
5_95Oo-BRIE,Autodrive of Tesla check in front of Indian truck😂😂,0,2025-08-10T17:13:39Z
5_95Oo-BRIE,Maja nhi aaya 😢,0,2025-08-10T16:35:23Z
5_95Oo-BRIE,In india Auto driver car for selmon fish😂😂😂,0,2025-08-10T13:48:40Z
5_95Oo-BRIE,Promote Indian brand,0,2025-08-10T09:04:25Z
5_95Oo-BRIE,Bhai aapne itni garmi me Jacket kaise carry ki h 😂,0,2025-08-10T05:39:02Z
5_95Oo-BRIE,Kya hi fayda jab roads pe animals jada ho,0,2025-08-10T03:09:39Z
5_95Oo-BRIE,BOYCOTT US PRODUCT,0,2025-08-09T18:44:23Z
5_95Oo-BRIE,Good you are spending two cars worth for one,0,2025-08-09T13:16:33Z
5_95Oo-BRIE,Comment ❌ wanted like ✅,0,2025-08-09T12:33:05Z
5_95Oo-BRIE,Bharat me pehli tesla Surat me aai hai....,0,2025-08-09T10:28:15Z
5_95Oo-BRIE,भाई इसको एक बार हमारे बिहार के रास्ते में चला के दिखाओ 😂,0,2025-08-09T09:21:16Z
5_95Oo-BRIE,"Tesla ❌️
Taxla✅️",0,2025-08-09T01:15:04Z
5_95Oo-BRIE,This Tesla is bad,0,2025-08-08T16:06:47Z
5_95Oo-BRIE,Buy indian brand,0,2025-08-08T15:24:51Z
5_95Oo-BRIE,Now compared with Mahindra BE 6,0,2025-08-08T05:38:11Z
5_95Oo-BRIE,3:08 3:50 This is not a super charger 11.5 kw home charger. 🙆‍♂🙆‍♂🙆‍♂,0,2025-08-08T00:08:43Z
5_95Oo-BRIE,when a failed student becomes influencer....,0,2025-08-07T18:04:39Z
5_95Oo-BRIE,IGNORE AMERICAN PRODUCTS IN INDIA,0,2025-08-07T16:31:53Z
5_95Oo-BRIE,Price 30L tax 30L,0,2025-08-07T14:44:53Z
5_95Oo-BRIE,Delighted to see your video getting over a million views after so long good job bro keep working keep growing❤,0,2025-08-07T09:50:54Z
5_95Oo-BRIE,"tesla ne game khela sabko auto drive ka laalach deke sab band karke bas electric car pakda di 
mind blowing marketing elon musk ❤❤",0,2025-08-06T15:38:03Z
5_95Oo-BRIE,Mahindra Xev 9e is better than Tesla,0,2025-08-06T15:05:31Z
5_95Oo-BRIE,Technical channel dekhne walo berozgar Tesla ki gari dekh rahi h 😂😂😂,1,2025-08-06T14:02:07Z
5_95Oo-BRIE,I buy Tesla and play gta in playstation,1,2025-08-06T05:44:07Z
5_95Oo-BRIE,"Tesla ❎️
Tasla✅️",0,2025-08-06T03:58:37Z
5_95Oo-BRIE,Diggi bandh hone ke sath ad aa gaya 😂😂,0,2025-08-06T01:25:03Z
5_95Oo-BRIE,"India is not for self driving,  people  dont follow rules ,and road is too bad ,india is shit",0,2025-08-05T19:20:44Z
5_95Oo-BRIE,Ek poor family keshe buy kar Sakta hai 😭😭😢😮😢,2,2025-08-05T11:37:14Z
5_95Oo-BRIE,Why Moto add,0,2025-08-05T06:19:33Z
5_95Oo-BRIE,Too much adds buddy apki viewership km hogi isse,0,2025-08-05T04:33:52Z
5_95Oo-BRIE,Ram ram yaar...,0,2025-08-04T18:13:11Z
5_95Oo-BRIE,Only TATA ev🔥 tesla and byd expire😅😊,0,2025-08-04T05:46:47Z
5_95Oo-BRIE,So we can say that tesla is iphone of  electric cars 😂,0,2025-08-03T19:50:15Z
5_95Oo-BRIE,Vh,0,2025-08-03T11:08:53Z
5_95Oo-BRIE,1:30,0,2025-08-03T11:08:42Z
5_95Oo-BRIE,W,0,2025-08-03T09:48:14Z
5_95Oo-BRIE,Wo22k,0,2025-08-03T09:47:59Z
5_95Oo-BRIE,Motorola kya ad h har bar aajata age,0,2025-08-03T09:15:16Z
5_95Oo-BRIE,BYD  best h❤,0,2025-08-03T08:56:40Z
5_95Oo-BRIE,कुछ तो शर्म कर लो. USA is vowing to kill our economy and you are buying Tesla,0,2025-08-03T04:06:18Z
5_95Oo-BRIE,Ye to ola me bhi hai 😅,0,2025-08-03T01:48:46Z
5_95Oo-BRIE,Better than ANARC 😂😂😂😂,1,2025-08-03T00:04:18Z
5_95Oo-BRIE,"Tesla got no interiors 
Just a big laptop screen",0,2025-08-02T19:22:40Z
5_95Oo-BRIE,"Tesla is quite expensive compared to Indian Market, but yeah it's way better than many of the cars, I'd say we have already fucked earth enough with the crued oil driven vehicle now go for EV 💚",0,2025-08-02T12:50:05Z
5_95Oo-BRIE,"Kya Lucky hai bhai Shlok, har Luxury gadi ki test le rha hai ❤",0,2025-08-02T12:47:40Z
5_95Oo-BRIE,Bhai wo thik hai lekin lehter ki jacket kyu phene ho,0,2025-08-02T10:58:51Z
5_95Oo-BRIE,Lagta hai motorola ne mera phone hack kar liya 😂😂😅,0,2025-08-02T05:47:43Z
5_95Oo-BRIE,If Indian dad buy this car they put this car in wallet and they take it out the wallet and put on that side door hole  wallet😂😂😂,0,2025-08-01T21:10:32Z
5_95Oo-BRIE,Byd,0,2025-08-01T19:39:59Z
5_95Oo-BRIE,Pehle log india mein bmw aur porsche se marte the lekin ab tesla se bi marenge aur iske saath saath 300 words ka essay bi aayega full english mein,0,2025-08-01T19:32:27Z
5_95Oo-BRIE,body shape- Tarzan,0,2025-08-01T14:13:50Z
5_95Oo-BRIE,Mahindra tata ❤,0,2025-08-01T12:32:17Z
5_95Oo-BRIE,What about anrth watch 😂,0,2025-08-01T09:30:04Z
5_95Oo-BRIE,0:06 Anithing latest video background music,3,2025-08-01T09:06:08Z
5_95Oo-BRIE,Meanwhile BYD laughing in the corner,0,2025-08-01T07:54:29Z
5_95Oo-BRIE,Video kisne band kiya 😤,6,2025-08-01T05:54:09Z
5_95Oo-BRIE,Tesla will not work for hot climate country like India because the whole roof is glass in Tesla car,0,2025-08-01T05:38:54Z
5_95Oo-BRIE,7:49 arey bhai bandey ko thok diya ap n,0,2025-07-31T19:48:21Z
5_95Oo-BRIE,"Bhai iska insurance kara le warna takkar ke baad crack hi crack najar aayega.
saala iska toh insurance bhi mehenga padega.",0,2025-07-31T18:37:54Z
5_95Oo-BRIE,Be6 Better hai.,0,2025-07-31T16:44:32Z
5_95Oo-BRIE,"You forgot the byd that does the same,manufactures its own battery",0,2025-07-31T16:41:32Z
5_95Oo-BRIE,"Tesla is not Ideal for Indian Condition / roads 

Waiting for TATA AVINYA💪🔥",0,2025-07-31T16:28:22Z
5_95Oo-BRIE,Tesla ❌ Harrier✅,0,2025-07-31T16:25:56Z
5_95Oo-BRIE,"Ground clearance,.....???",0,2025-07-31T13:26:33Z
5_95Oo-BRIE,"🔥🔥 *There is no two ways about the fact that Tesla is quite popular brand not only in India but in every country at this time but honestly I don't think Tesla car will succeed in India the reason everyone knows. I mean who the hell will like to pay 30 lakh extra? 🤣 Obviously a middle-class person will never! Right now if i had to buy an EV car, I'd prefer a Mahindra Be 6e to a Tesla.*",0,2025-07-31T12:38:21Z
5_95Oo-BRIE,Zhuth na bolo..,0,2025-07-31T12:30:13Z
5_95Oo-BRIE,Bhai tata v krta hai uska khud ki company hai tata power,0,2025-07-31T11:04:18Z
5_95Oo-BRIE,safety feacture,0,2025-07-31T10:13:43Z
5_95Oo-BRIE,Omni 😂,0,2025-07-31T09:47:18Z
5_95Oo-BRIE,"Major fact of the year : 
2x keemat me milegi india me 😂",0,2025-07-31T08:58:34Z
5_95Oo-BRIE,"TATA HARRIER ev qwd is better, also comes in half price",0,2025-07-31T08:50:22Z
5_95Oo-BRIE,1:58 nintin totla hai ye to😂,1,2025-07-31T05:49:21Z
5_95Oo-BRIE,"Shlok is exaggerating some features - 
1. we get the same door handles in XUV 700
2. The windows come down when you unlock it - Mini cooper convertible, bmw z4, cle 300
3. Gadhdhe (potholes) - no matter what you buy you will feel it 
4. Interior - Functional, Minimal - Ok as an Indian at first place you wouldn't have considered it if TATA or Mahindra would have given it or would you

I used to love watching him but nowadays everyone seems BIK GAYE HAI!",0,2025-07-31T04:42:49Z
5_95Oo-BRIE,Koneigsegg ki 2cr ki chabi😈,0,2025-07-31T03:04:12Z
5_95Oo-BRIE,Looks like just the Electric version of Verna 😪,0,2025-07-31T01:31:52Z
5_95Oo-BRIE,Sun 🌞 light ka kya effect he,0,2025-07-31T00:41:51Z
5_95Oo-BRIE,Ye bhi tubelight nikli😂😂,0,2025-07-30T18:44:48Z
5_95Oo-BRIE,Range kitna hai,0,2025-07-30T16:44:58Z
5_95Oo-BRIE,Dekh leta hu leni to h hi 😊,0,2025-07-30T16:19:59Z
5_95Oo-BRIE,Bhai giveaway kabb kr rhe ho?,0,2025-07-30T16:15:14Z
5_95Oo-BRIE,Motorola ka add kis kis ko aya 😅😂,1,2025-07-30T15:58:06Z
5_95Oo-BRIE,"Mobile ka vedio banate banate car ki dunya me aa gaye , gajab h 😂",0,2025-07-30T15:24:00Z
5_95Oo-BRIE,Apani Desi TATA ev Harrier he acchi hai...❤,0,2025-07-30T15:14:30Z
5_95Oo-BRIE,bro for self driveing car need line on road but indian road ? lane eeh ke hoya,0,2025-07-30T15:00:42Z
5_95Oo-BRIE,waiting for DRIFT...,0,2025-07-30T14:17:12Z
5_95Oo-BRIE,Hope it survives the potholes,0,2025-07-30T14:01:17Z
5_95Oo-BRIE,Tesla ❌ Taxi✅,0,2025-07-30T11:27:15Z
5_95Oo-BRIE,Overacting  bakwas time pass,0,2025-07-30T11:21:51Z
5_95Oo-BRIE,Tata & Mahindra be like jhuke rehana padega mera samne 😂😂,0,2025-07-30T11:01:31Z
5_95Oo-BRIE,Itni garmi mei jacket kyu pehna hai?,0,2025-07-30T10:36:06Z
5_95Oo-BRIE,Xiaomi yu7 better then tesla😅😅,0,2025-07-30T10:29:14Z
5_95Oo-BRIE,"1:57 , 2:25Bhai mujhe lg ra h ya tu shi m totla hai bhai ya fir nak se bolta h ya teri jeeb moti h( lisp) 😅",0,2025-07-30T09:59:29Z
5_95Oo-BRIE,To iske liye driving licence chahiye ya nahi 😅😅,0,2025-07-30T07:19:51Z
5_95Oo-BRIE,BYD bhi khud battery manufacturer karta hai.,0,2025-07-30T06:43:26Z
5_95Oo-BRIE,Overhyped and over priced shit.,0,2025-07-30T06:13:17Z
5_95Oo-BRIE,Bhai sab to thik hai....lakin garmi me jaket kon pahnta hai....😅😅😅😂,0,2025-07-30T06:07:22Z
5_95Oo-BRIE,Hello moto 😂,0,2025-07-30T03:46:45Z
5_95Oo-BRIE,Light show andhere me record karna chahiye tha bhaiya😊,0,2025-07-30T02:25:39Z
5_95Oo-BRIE,"After updating my iPhone 12, the earpiece speaker stopped working — loudspeaker is fine. This same issue happened earlier too, and Apple fixed it for free back then.

Now they’re asking ₹29K to replace the screen just for a speaker issue!
No drop, no water damage — just an update.

Please raise this issue 🙏
I’m from India, and this phone cost me 2 months of salary.
I know I’m not the only one facing this.",0,2025-07-29T17:40:50Z
5_95Oo-BRIE,"Electric Vehicle me Engine nhi rhta ,motors hoti hai or management system hota hai main",1,2025-07-29T17:13:54Z
5_95Oo-BRIE,Ye video aaukat ki bahar hai next video cholo,1,2025-07-29T16:31:42Z
5_95Oo-BRIE,Dekh leta hu le to nhi payenge 😂,12,2025-07-29T16:30:29Z
5_95Oo-BRIE,Ek number,1,2025-07-29T16:00:41Z
5_95Oo-BRIE,"Elon bhai ne himachal, uttarkhand ki road dek li tu aag lga dega tesla ko🔥🗿",2,2025-07-29T15:53:28Z
5_95Oo-BRIE,Tu hi Elon Musk ko bola tha ab kyu hua usi ke naam se kamai kar raha hai,1,2025-07-29T15:01:43Z
5_95Oo-BRIE,Name kya hai iska,1,2025-07-29T14:50:32Z
5_95Oo-BRIE,"Overpriced vehicle, aint something special tbh.",0,2025-07-29T14:38:20Z
5_95Oo-BRIE,Kya price hogi iski india me ane k bad 😅,1,2025-07-29T14:30:28Z
5_95Oo-BRIE,be6 and xev 9e plzz video of mahindra,0,2025-07-29T14:02:58Z
5_95Oo-BRIE,1:44 its common in all cars.,1,2025-07-29T14:02:13Z
5_95Oo-BRIE,Waiting for drop test,0,2025-07-29T13:54:12Z
5_95Oo-BRIE,Please parmote made in Indian company,0,2025-07-29T13:16:27Z
5_95Oo-BRIE,Watching with Rs. 0.47 bank balance 😀,0,2025-07-29T13:12:56Z
5_95Oo-BRIE,"""Yeh gaadi bijli se chalti hai, aur iska engine peeche ke taraf hai"" how come it have a engine, if its electric?"" 2:43",0,2025-07-29T13:03:36Z
5_95Oo-BRIE,Nhi lunga 😂,0,2025-07-29T12:45:36Z
5_95Oo-BRIE,Bhai tu Q dekh rha ha... Bata bata,0,2025-07-29T12:38:12Z
5_95Oo-BRIE,Chaloo pattharbazo k liya new car Aagaye 😂😂😂 pahele train par pattharbazi krta tha aab car😂,0,2025-07-29T12:36:51Z
5_95Oo-BRIE,It looks like porche from outside and a taxi from inside 😂,1,2025-07-29T12:19:16Z
5_95Oo-BRIE,Yeh video achanak se end kaise ho gya mid conversation mein,0,2025-07-29T12:10:11Z
5_95Oo-BRIE,Bhai  self  driving ko 6 lakh Dene parta,0,2025-07-29T11:40:57Z
5_95Oo-BRIE,Bhai range kya deta he 💀,0,2025-07-29T11:34:23Z
5_95Oo-BRIE,Meanwhile harrier ev -laughing in the corner,0,2025-07-29T11:25:06Z
5_95Oo-BRIE,Bhai live show = tesla's mujra(dance)😂,0,2025-07-29T11:17:36Z
5_95Oo-BRIE,30001 me india me bhi chalegi Autopiolet,0,2025-07-29T10:51:17Z
5_95Oo-BRIE,Tesla auto final test,0,2025-07-29T10:39:06Z
5_95Oo-BRIE,Suna hai overpriced hai indians ke liye,0,2025-07-29T10:36:25Z
5_95Oo-BRIE,Mumbai aa k gaya or bola bhi nahi😅 aa jate the milne,0,2025-07-29T10:35:05Z
5_95Oo-BRIE,Omni van😂,0,2025-07-29T10:31:45Z
5_95Oo-BRIE,Omio,0,2025-07-29T10:25:40Z
5_95Oo-BRIE,Bhai Love your videos bhai ❤,0,2025-07-29T10:16:02Z
5_95Oo-BRIE,Pese to alto lene ke bhi nhi hen fir bhi puri video dekh li😂,1,2025-07-29T10:12:39Z
5_95Oo-BRIE,Omni was personal 😅,0,2025-07-29T10:11:14Z
5_95Oo-BRIE,Please unbox the Tempt juggler speaker,1,2025-07-29T09:58:58Z
5_95Oo-BRIE,vivo x200 fe me kabhi 120 fps ayega ky boldo plzzz 😊😊,0,2025-07-29T09:39:07Z
5_95Oo-BRIE,30 lakh ki gadi 60 lakh 😂😂😂😂,0,2025-07-29T09:31:24Z
5_95Oo-BRIE,1. Bro face🌚 2. Bro voice😏😊😏 3. Bro content😎 4. Bro subscribers🥶 5. Bro energy🔥 6. Bro hustle🤑 7. Bro squad💪 8. Bro flex😤 9. Bro vibes🤘 10. Bro attitude😈 11. Bro style✨ 12. Bro goals🎯 13. Bro skills👑 14. Bro grind⏳ 15. Bro dreams🚀 16. Bro mindset📈 17. Bro legacy🌟 18. Bro wins🏆 19. Bro journey🌍 20. Bro power⚡ 21. Bro focus🧐 22. Bro squadron🛡 23. Bro passion💥 24. Bro vision👀 25. Bro respect🙏 26. Bro charisma💫 27. Bro fame🎤 28. Bro progress📊 29. Bro hype🚨 30. Bro chill🧊 31. Bro courage🦁 32. Bro wealth💰 33. Bro team🏋 34. Bro art🎨 35. Bro future🌌 36. Bro innovation🛠 37. Bro strategy🎲 38. Bro drive🚗 39. Bro dedication📚 40. Bro influence🗣 41. Bro squad goals⚽ 42. Bro loyalty🤝 43. Bro adventure🎢 44. Bro story📖 45. Bro hustle hours⏱ 46. Bro network🌐 47. Bro creativity💡 48. Bro elevation⛰ 49. Bro wisdom📜 50. Bro solutions🧩 51. Bro achievements🎉 52. Bro faith☀ 53. Bro decisions🗺 54. Bro connection🌉 55. Bro skills unlocked🔓 56. Bro wave🌊 57. Bro strength🏋‍♂ 58. Bro kindness🫶 59. Bro universe🌠 60. Bro patience⏳ 61. Bro hustle game🎮 62. Bro grind mindset🧠 63. Bro top level🏔 64. Bro throne👑 65. Bro legend🔥 66. Bro effort💪 67. Bro challenges🧗 68. Bro reputation📜 69. Bro roar🦁 70. Bro peak⛰ 71. Bro transformation🌈 72. Bro synergy🤝 73. Bro clarity💎 74. Bro motivation🎯 75. Bro spark✨ 76. Bro dominance🏆 77. Bro endurance🏃 78. Bro reflection🪞 79. Bro impact💥 80. Bro shield🛡 81. Bro growth📈 82. Bro persistence🚶 83. Bro summit🎉 84. Bro drive mode🚗 85. Bro uplift🚀 86. Bro precision🎯 87. Bro tribe🦅 88. Bro gear⚙ 89. Bro solutions👷 90. Bro optimism☀ 91. Bro honor⚔ 92. Bro edge🪒 93. Bro tempo🎵 94. Bro fusion💥 95. Bro reality🌍 96. Bro momentum🏃 97. Bro optimism📈 98. Bro status🌟 99. Bro fire🔥 100. Bro vision board📋 101. Bro legacy stone🪨 102. Bro temple of grind🏛 103. Bro symbol💎 104. Bro fortune🍀 105. Bro fearless🗡 106. Bro boost🚀 107. Bro dynamic⚡ 108. Bro quest🎯 109. Bro zen🧘 110. Bro inner peace🌌 111. Bro setup🎮 112. Bro wall⚒ 113. Bro signal📡 114. Bro next step🏃‍♂ 115. Bro code🔢 116. Bro strike⚔ 117. Bro genius🔬 118. Bro beat🎵 119. Bro fire squad🔥 120. Bro climb🎢 121. Bro pack🐺 122. Bro upgrade🔧 123. Bro unity🤜🤛 124. Bro empire🏰 125. Bro guard🛡 126. Bro basecamp⛺ 127. Bro genius zone🧠 128. Bro mountaintop⛰ 129. Bro takeover🎯 130. Bro rhythm🎶 131. Bro epic mode⚔ 132. Bro glow✨ 133. Bro storm⚡ 134. Bro icon🖼 135. Bro mastery📖 136. Bro guide🧭 137. Bro potential🛡 138. Bro dominance🎯 139. Bro pulse💓 140. Bro stream🌊 141. Bro wings🦅 142. Bro call📞 143. Bro story mode📖 144. Bro operation🛠 145. Bro magic✨ 146. Bro fusion zone🔥 147. Bro prep⏱ 148. Bro badge🏅 149. Bro flow⛲ 150. Bro greatness🏆 151. Bro sharpness🗡 152. Bro instinct🐾 153. Bro hunger🍖 154. Bro masterpiece🎨 155. Bro fortress🏰 156. Bro clan🏹 157. Bro empire builder🏗 158. Bro tech⚙ 159. Bro mastermind🧠 160. Bro architect📐 161. Bro commander🎖 162. Bro torchbearer🔥 163. Bro frontier🌌 164. Bro beacon🕯 165. Bro revolution🌪 166. Bro blueprint📂 167. Bro edge seeker🪓 168. Bro radar📡 169. Bro uplifter🌈 170. Bro networker🌐 171. Bro magnet🧲 172. Bro radar finder📍 173. Bro innovator⚡ 174. Bro enigma🔮 175. Bro navigator🧭 176. Bro engine🚂 177. Bro essence🍃 178. Bro tactician🎮 179. Bro fueler⛽ 180. Bro experimenter🧪 181. Bro unlocker🔓 182. Bro wizard🪄 183. Bro vision maker🌠 184. Bro lighthouse🏮 185. Bro miracle💎 186. Bro conqueror🏆 187. Bro frontline⚔ 188. Bro core⚛ 189. Bro hammerer🔨 190. Bro sculptor🗿 191. Bro guardian🛡 192. Bro reactor🌋 193. Bro cycler🌪 194. Bro magnetism🧲 195. Bro fearless lion🦁 196. Bro satellite🛰 197. Bro striver🏋‍♂ 198. Bro combatant🏹 199. Bro analyst📈 200. Bro tracker🕵‍♂ 201. Bro optimizer⚙ 202. Bro builder🚧 203. Bro finisher🏁 204. Bro mechanic🔧 205. Bro voyager🛳 206. Bro pacesetter🏃‍♂ 207. Bro trailblazer⛺ 208. Bro goal chaser🎯 209. Bro adventurer🧗‍♂ 210. Bro perfectionist🎨 211. Bro magnet zone📡 212. Bro driver🚘 213. Bro wizardry🔮 214. Bro innovator zone⚙ 215. Bro timeline⏳ 216. Bro conductor🚋 217. Bro module🏗 218. Bro coder🖥 219. Bro shifter⚒ 220. Bro dreamer🌠 221. Bro streamliner⚡ 222. Bro optimizer zone🌌 223. Bro knight🛡 224. Bro charger🔋 225. Bro brainstorm🌪 226. Bro beacon light🔦 227. Bro map maker🗺 228. Bro courage zone🔥 229. Bro blast🎆 230. Bro trigger🎯 231. Bro survivor⛑ 232. Bro inventor🔬 233. Bro pinnacle⛰ 234. Bro resilience💪 235. Bro spark zone✨ 236. Bro hustler zone💼 237. Bro map discoverer📍 238. Bro believer🙏 239. Bro clarity zone💎 240. Bro supernova🌟 241. Bro aligner📐 242. Bro turbocharger🚀 243. Bro beast mode🦁 244. Bro traveler🧳 245. Bro target master🎯 246. Bro stronghold⛪ 247. Bro achiever🏅 248. Bro active zone⚡ 249. Bro climber⛰ 250. Bro finisher master🏁 251. Bro executor🗂 252. Bro igniter🔥 253. Bro expander📊 254. Bro progressor📈 255. Bro activator⏩ 256. Bro solution finder🔍 257. Bro foundation builder🏗 258. Bro vault breaker🔓 259. Bro treasure hunter💎 260. Bro climber instinct🧗‍♂ 261. Bro swift mover🕊 262. Bro balance maker⚖ 263. Bro future engineer📐 264. Bro health zone🌿 265. Bro lightning⚡ 266. Bro strategy seeker🎯 267. Bro inner spark✨ 268. Bro sharp climber⛏ 269. Bro base maker🏠 270. Bro alpha🐺 271. Bro zone master🎯 272. Bro plan maker📋 273. Bro wave runner🌊 274. Bro wall breaker💥 275. Bro infinite zone♾ 276. Bro hammer zone🔨 277. Bro explorer zone🌎 278. Bro fire starter🔥 279. Bro hustle finisher📈 280. Bro finder zone🔍 281. Bro courageous mind🦁 282. Bro ultimate🏆 283. Bro striker🎯 284. Bro frontier explorer🌍 285. Bro mission runner🚀 286. Bro leader master👑 287. Bro inner core⚛ 288. Bro triumph seeker🏅 289. Bro arrow sharp🎯 290. Bro builder mind🧠 291. Bro captain zone🛡 292. Bro gear master⚙ 293. Bro top planner📈 294. Bro fighter zone⚔ 295. Bro inner goals📋 296. Bro seeker vision🌌 297. Bro tower zone🏰 298. Bro galaxy star🌌 299.Bro core squad🧱 300. Bro build mode🏗 301. Bro lightning strike⚡ 302. Bro powerhouse🏋‍♂ 303. Bro hustle fuel⛽ 304. Bro inner drive🧠 305. Bro game plan📘 306. Bro gold zone🏅 307. Bro armor up🛡 308. Bro summit seeker⛰ 309. Bro glow mode✨ 310. Bro prime state🎯 311. Bro turbo mind🚀 312. Bro focus zone🧠 313. Bro heavy lifter🏋 314. Bro champion code🏆 315. Bro elite squad🎖 316. Bro hustle vibes🎧 317. Bro peak flow🌊 318. Bro full send🚀 319. Bro no limits♾ 320. Bro silent power🧘‍♂ 321. Bro midnight grind🌙 322. Bro high vision🔭 323. Bro steady climb🧗‍♂ 324. Bro next gen⚙ 325. Bro flow state🌊 326. Bro real one💯 327. Bro clean game🧼 328. Bro solid ground🪨 329. Bro synced up🔗 330. Bro locked in🔒 331. Bro elite hustle💼 332. Bro high gear⚙ 333. Bro discipline mode📘 334. Bro dream state🌠 335. Bro top-tier🧠 336. Bro steady fire🔥 337. Bro master move♟ 338. Bro soul fire✨ 339. Bro coded grind🔢 340. Bro tempo up🎵 341. Bro constant rise📈 342. Bro heavy crown👑 343. Bro rise zone🌄 344. Bro glory path🏆 345. Bro core fire⚛ 346. Bro gamechanger🎮 347. Bro clean vision👁 348. Bro motion track🎥 349. Bro high climb🏔 350. Bro on mission🚀 351. Bro alpha squad🐺 352. Bro unstoppable path🛤 353. Bro pure focus🔭 354. Bro high impact💥 355. Bro prime fuel🛢 356. Bro pure grind🛠 357. Bro tactical mind♟ 358. Bro bounce back🔁 359. Bro on fire🔥 360. Bro steady pulse💓 361. Bro high honor🏅 362. Bro control zone🎮 363. Bro power source⚡ 364. Bro next hustle📊 365. Bro daily grind📆 366. Bro trail runner🥾 367. Bro horizon eyes🌅 368. Bro heavy vision📡 369. Bro core squad🧱 370. Bro build mode🏗 371. Bro magnet force🧲 372. Bro code switch🔄 373. Bro night shift🌚 374. Bro clarity mode🔍 375. Bro laser focus🔦 376. Bro uplift vibes🌈 377. Bro champion rise🥇 378. Bro push zone🧱 379. Bro epic force🌌 380. Bro grind elite👑 381. Bro mind level📐 382. Bro connect mode📡 383. Bro blueprint hustle📂 384. Bro loud silence🤫 385. Bro move smart🧠 386. Bro hard vision🪞 387. Bro double flame🔥🔥 388. Bro mental edge🧠 389. Bro focus squad🎯 390. Bro consistent king📊 391. Bro level unlock🗝 392. Bro massive flow🌊 393. Bro battle mode⚔ 394. Bro team fire🔥 395. Bro impact zone💥 396. Bro sharp turn⤴ 397. Bro no cap🚫🧢 398.Bro ultimate conqueror👑 399.Bro eternal victory🏆 400.Bro unstoppable success🚀 ❤ Check ouT,2,2025-07-29T09:19:53Z
5_95Oo-BRIE,Bhai ek iphone mujhe bhi gift kar dena 😅,0,2025-07-29T09:14:05Z
5_95Oo-BRIE,Vivo x fold ki mkc,0,2025-07-29T09:11:32Z
5_95Oo-BRIE,👍🏻👍🏻👍🏻,0,2025-07-29T09:06:05Z
5_95Oo-BRIE,Flop car lunch in India,0,2025-07-29T08:53:46Z
5_95Oo-BRIE,Bro this is  way too much 😢😢 now incase i get subscribers and views like your channel may be ill able to  buy a nice maruti car ...,0,2025-07-29T08:49:51Z
5_95Oo-BRIE,BYD 😅 ka naam suna hai bhaii,0,2025-07-29T08:38:00Z
5_95Oo-BRIE,Good car but bit expensive around 30L would be pretty good,0,2025-07-29T08:34:07Z
5_95Oo-BRIE,"All the people shitting on Tela, i won't buy this car for 60 lakhs in India, it's definitely not worth that much

But it is still a fucking great car. People are judging the car wihout actuallt driving it. They don't even know how fucking amazing it is to drive",0,2025-07-29T08:31:20Z
5_95Oo-BRIE,1:20 engine???,0,2025-07-29T08:14:43Z
5_95Oo-BRIE,In Nepal I'm watching in 2023 running in road Tesla in India now coming to late,0,2025-07-29T08:01:38Z
5_95Oo-BRIE,"Old Tech Burner is Back,
Good to See You !",0,2025-07-29T07:57:06Z
5_95Oo-BRIE,"make a video on wired earphones bro , no one is making on these products and make on 3.5 mm jack because a lot of people  still using this .❤",0,2025-07-29T07:51:30Z
5_95Oo-BRIE,Verna lele ....yeh bhi Tesla hee lagta hai,0,2025-07-29T07:50:46Z
5_95Oo-BRIE,tech bhai o need a job please 🥺❤,0,2025-07-29T07:48:27Z
5_95Oo-BRIE,Bhai mera naam bi shlok he,0,2025-07-29T07:43:02Z
5_95Oo-BRIE,Bro compare with other ev like mahindra or tata EVs,0,2025-07-29T07:19:54Z
5_95Oo-BRIE,Bhy ya shit hai 🤮🤮🤮🤢,0,2025-07-29T07:02:24Z
5_95Oo-BRIE,Bhai main Samjh raha hun apki shadi hogaya hai zyada zimmedari aagaya hai iska matlab ye nahi ki app ek video main 10 ads dedo 🥲,0,2025-07-29T07:00:22Z
5_95Oo-BRIE,0:04 vivo fold 5 ad 😂,0,2025-07-29T06:52:15Z
5_95Oo-BRIE,Boycott this channel 😂,0,2025-07-29T06:50:36Z
5_95Oo-BRIE,Only tata and Mahindra ❤,0,2025-07-29T06:46:01Z
5_95Oo-BRIE,I support only INDIAN Brand car ❤,0,2025-07-29T06:43:53Z
5_95Oo-BRIE,Ground clearness to hoga he nai india 🇮🇳 k hisab se,0,2025-07-29T05:53:00Z
5_95Oo-BRIE,"E.V.🤡
I.C.E.💀",0,2025-07-29T05:40:02Z
5_95Oo-BRIE,meanwhile Toyota Fortuner mere bache ka bhi bacha hai tu😎😎😎,0,2025-07-29T05:39:21Z
5_95Oo-BRIE,Tesla ❌ Takla✅,1,2025-07-29T05:36:35Z
5_95Oo-BRIE,8:30 our civic sense will be its biggest challenge. We according to our will not according to rules 😂,0,2025-07-29T05:33:44Z
5_95Oo-BRIE,Bhai to sab se pehla bewakoof aap ban gaye,0,2025-07-29T05:31:26Z
5_95Oo-BRIE,Bhai isase achcha to mujhe Toyota Camry lagti Hai,0,2025-07-29T04:57:29Z
5_95Oo-BRIE,😂🔥,1,2025-07-29T04:45:51Z
5_95Oo-BRIE,bhaiyo is windshield crack hua toh pura chat change krna padega🤣🤣🤣🤣🤣🤣,0,2025-07-29T04:37:48Z
5_95Oo-BRIE,Uper pura glass hai aur safety??,0,2025-07-29T04:36:36Z
5_95Oo-BRIE,"Bhai ek phone dedo I phone 
Contant shooting  ke liye 50%50 deal jo bhi social media se eran karoga",0,2025-07-29T04:31:50Z
5_95Oo-BRIE,"Bellarium Network project reminds me of early Polygon — no hype, just solid execution.",0,2025-07-29T04:09:28Z
5_95Oo-BRIE,I’m seeing more and more alpha groups talking about Bellarium Network $BEL. That’s always a bullish sign.,0,2025-07-29T04:09:28Z
5_95Oo-BRIE,"If you missed past presale rockets, Bellarium Network ($BEL) gives you another shot.",0,2025-07-29T04:09:28Z
5_95Oo-BRIE,📣 Bellarium Network ($BEL) token presale is heating up fast — don't get left behind this cycle 🚀🔥,0,2025-07-29T04:09:28Z
5_95Oo-BRIE,$BEL by Bellarium Network might just be the best low-cap setup I’ve seen all quarter.,0,2025-07-29T04:07:20Z
5_95Oo-BRIE,Bellarium Network Token presale looks like it’s about to hit that viral phase. I’m locking in my bags now.,0,2025-07-29T04:07:20Z
5_95Oo-BRIE,Real projects with real goals. That’s why Bellarium Network stands out in this sea of noise.,0,2025-07-29T04:07:20Z
5_95Oo-BRIE,You don’t see this kind of organic buzz around many early tokens. Bellarium Network presale is different.,0,2025-07-29T04:07:20Z
5_95Oo-BRIE,I can feel it — Bellarium Network team is setting up for something major 💎🌐,0,2025-07-29T04:07:20Z
5_95Oo-BRIE,Don’t sleep on Bellarium Network — early access to $BEL is how smart investors get ahead.,0,2025-07-29T03:52:21Z
5_95Oo-BRIE,The vision behind Bellarium Network is aligned with where Web3 is actually heading.,0,2025-07-29T03:52:21Z
5_95Oo-BRIE,Every few years there’s a project like Bellarium Network that catches early believers big wins.,0,2025-07-29T03:52:20Z
5_95Oo-BRIE,Is gadi ko night mein chalao,0,2025-07-29T03:49:53Z
5_95Oo-BRIE,Not every low cap deserves attention. Bellarium Network does.,0,2025-07-29T03:49:27Z
5_95Oo-BRIE,"You can tell Bellarium Network team is serious. No fluff, just execution.",0,2025-07-29T03:49:27Z
5_95Oo-BRIE,"Even in a sideways market, Bellarium Network token is gaining traction — that’s a huge green flag.",0,2025-07-29T03:49:27Z
5_95Oo-BRIE,Airdrops + presale + strong token utility — that’s how Bellarium Network $BEL is winning early.,0,2025-07-29T03:43:23Z
5_95Oo-BRIE,"It’s early, but the Bellarium Network community is growing FAST.",0,2025-07-29T03:43:23Z
5_95Oo-BRIE,I've been stacking quietly and watching whales start to circle Bellarium Network token presale.,0,2025-07-29T03:43:23Z
5_95Oo-BRIE,This isn't a gamble — BEL Bellarium Network is a calculated early entry.,0,2025-07-29T03:43:23Z
5_95Oo-BRIE,"thik thak hai bahut itna acha nahi lagta hai mujhe 
TATA, mahindra best in my opinion made in india",0,2025-07-29T03:35:29Z
5_95Oo-BRIE,Lastest verna ko karol bagh le jao same to same banake denge ; ),0,2025-07-29T03:33:38Z
5_95Oo-BRIE,गर्मी में इतना मोटा कपड़ा कौन पहनता है बे😂,0,2025-07-29T03:31:48Z
5_95Oo-BRIE,Elon Musk Ki Verna,0,2025-07-29T03:25:56Z
5_95Oo-BRIE,Mujhe to design hi nhi pasand is gadi ki,0,2025-07-29T02:38:24Z
5_95Oo-BRIE,Bhai ko garmi ni lagti 🤣 jacket,0,2025-07-29T02:05:18Z
5_95Oo-BRIE,Vivo ka ad aa raha hai 4 bar 😅,0,2025-07-29T01:58:51Z
5_95Oo-BRIE,Bhaiya mujhe iqooz10r gift kar dijiye,0,2025-07-29T01:53:39Z
5_95Oo-BRIE,aakhir bhikari elon musk india aa hi gaya .......... still not producing cars in india,0,2025-07-29T00:39:24Z
5_95Oo-BRIE,Nonsense channel guys don’t subscribe 😊,0,2025-07-28T23:53:40Z
5_95Oo-BRIE,Next time BYD,1,2025-07-28T22:03:17Z
5_95Oo-BRIE,If someday Ai decided to take over the world ...Tesla's cars would be the first ones to get hacked into 😂,0,2025-07-28T21:41:28Z
5_95Oo-BRIE,Plaid ❌. Played ✅,0,2025-07-28T21:34:09Z
5_95Oo-BRIE,"into gram mai jacket
itni garmi mai jacket?",0,2025-07-28T21:08:01Z
5_95Oo-BRIE,indian cars b check kr lo kbhi saare features hai un mai b,0,2025-07-28T20:14:12Z
5_95Oo-BRIE,BYD IS Best,0,2025-07-28T20:04:57Z
5_95Oo-BRIE,Tesla Uses BYD batteries in model Y 🤭,0,2025-07-28T18:55:06Z
5_95Oo-BRIE,Bro please vivo y300 pe ek video Bhai please 🙏🏻🙏🏻🙏🏻🙏🏻🙏🏻🙏🏻🙏🏻🙏🏻🙏🏻🙏🏻🙏🏻🙏🏻🙏🏻🙏🏻🙏🏻🙏🏻🙏🏻🙏🏻🙏🏻🙏🏻🙏🏻🙏🏻🙏🏻🙏🏻🙏🏻🙏🏻🙏🏻🙏🏻🙏🏻🙏🏻🙏🏻🙏🏻🙏🏻🙏🏻🙏🏻🙏🏻🙏🏻 🙏🏻🙏🏻🙏🏻🙏🏻🙏🏻,0,2025-07-28T18:52:10Z
5_95Oo-BRIE,Bhai ka knowledge zero but still he is rising 🎉🎉,0,2025-07-28T18:43:33Z
5_95Oo-BRIE,टेस्ला को भारत सरकार भारत मे लाने के लिए  100% टैक्स Policy Ko Rato rat घटा कर 15% कर दिया वाह 😂😂🙏🙏,0,2025-07-28T18:32:39Z
5_95Oo-BRIE,thanks for sharing.,0,2025-07-28T18:32:18Z
5_95Oo-BRIE,"250 kw means 250 × 1000 = 2,50,000 W 🤯",0,2025-07-28T18:23:30Z
5_95Oo-BRIE,Tesla❌verna✅,0,2025-07-28T18:19:36Z
5_95Oo-BRIE,bhai agar car ka windshield tut gaya toh pura roof k sath change karna padega???,0,2025-07-28T18:15:44Z
5_95Oo-BRIE,1:20 EV me engine kaisa hota hai bhai? Hota to motor hai,0,2025-07-28T18:13:07Z
5_95Oo-BRIE,Anarth watch ka refund kab hoga bhai? 😂😂😂,0,2025-07-28T18:11:55Z
5_95Oo-BRIE,चाहे टेस्ला का रिव्यू कितने बड़े यूट्यूबर से करवा लें डूबेगी तो एक ही वजह से 😂 टैक्स टैक्स टैक्स टैक्स टैक्स टैक्स टैक्स टैक्स टैक्स टैक्स टैक्स टैक्स टैक्स टैक्स टैक्स टैक्स टैक्स टैक्स टैक्स टैक्स टैक्स टैक्स टैक्स टैक्स टैक्स टैक्स टैक्स टैक्स टैक्स टैक्स टैक्स टैक्स टैक्स टैक्स टैक्स टैक्स टैक्स टैक्स टैक्स टैक्स टैक्स टैक्स टैक्स टैक्स टैक्स टैक्स टैक्स टैक्स टैक्स टैक्स टैक्स टैक्स टैक्स टैक्स टैक्स टैक्स टैक्स टैक्स टैक्स टैक्स टैक्स टैक्स टैक्स टैक्स टैक्स टैक्स टैक्स टैक्स टैक्स टैक्स टैक्स टैक्स टैक्स टैक्स टैक्स टैक्स टैक्स टैक्स टैक्स टैक्स,0,2025-07-28T18:07:11Z
5_95Oo-BRIE,Vivo x fold lelo bhai koi 😢,0,2025-07-28T17:58:27Z
5_95Oo-BRIE,"7:10 India me auto driving ya self driving ki chinta chhod deni hogi kiuki achanak khadda aa gaya toh ya koi cow ya kutta aa jayega 😂😂😂😂 isliye bahana maar raha hai sholk bhai kuch aur batake...😅
Edit : space technology 😂",0,2025-07-28T17:56:40Z
5_95Oo-BRIE,Bhaika tera presentation dekhke ANARK watch ki yaad aa goi....aur result wahi hoga... wahiyaat 😢😂,0,2025-07-28T17:45:25Z
5_95Oo-BRIE,Abbey issse acha BYD sealion 7 kyun na lee...e toh tatti hai,0,2025-07-28T17:40:09Z
5_95Oo-BRIE,Subscribe please 🙏,0,2025-07-28T17:38:50Z
5_95Oo-BRIE,Maharashtra mein rahta na? Toh Marathi main video banane ka! 😂❤,19,2025-07-28T17:33:57Z
5_95Oo-BRIE,"Matlab apne aage viewers ko pura MURKH hi smajh rakhe ho kya? engine kaha hai, silencer kaha hai. hadd hai. TESLA ke bare me kise nhi pata? pahle mai tumhari bahut si videos dekha karta tha but jab se tumne videos me CHHAPARIYON jaisi baatein karni shuru ki hai dekhna band hi kr diya hai almost. and I'm sure bahut logon ko bhi kuch aisa hi lagta hoga. Thoda km bakchodi karke bhi videos banayi ja sakti hai.",0,2025-07-28T17:32:52Z
5_95Oo-BRIE,Bhai mujhe hi dedo giveaway kyuki main wahi kam karta hu garden ka,0,2025-07-28T17:22:43Z
5_95Oo-BRIE,Maine book krwa di hai🎉,0,2025-07-28T17:18:30Z
5_95Oo-BRIE,Rating kitne hai woh batao 🙄,0,2025-07-28T17:08:18Z
5_95Oo-BRIE,Tax -la,0,2025-07-28T17:03:03Z
5_95Oo-BRIE,Bhaiya Night me ride kro,0,2025-07-28T17:02:58Z
5_95Oo-BRIE,Mars Ready Vehicle,0,2025-07-28T16:55:02Z
5_95Oo-BRIE,Vivo tumhare kide padenge. Advertisement ki maa ka brosha tut fat jaaye,1,2025-07-28T16:54:27Z
5_95Oo-BRIE,Kya hee ganda experience review kara hai 😂,0,2025-07-28T16:49:14Z
5_95Oo-BRIE,Government be like : waah tesla...! Laa tax🫴,0,2025-07-28T16:48:37Z
5_95Oo-BRIE,Bhai I didn't expect from your video stabilization is 10%😅,0,2025-07-28T16:42:41Z
5_95Oo-BRIE,भाई अगर इसका सीसा टूट गया तो कहा डलेगा,0,2025-07-28T16:39:19Z
5_95Oo-BRIE,Taxlaa,0,2025-07-28T16:37:59Z
5_95Oo-BRIE,"Itna bada youtuber h puri information toh deta nhi 
Km range or warranty wagera kuch nhi batai",0,2025-07-28T16:30:09Z
5_95Oo-BRIE,Range toh batai he nhi ???,0,2025-07-28T16:28:54Z
5_95Oo-BRIE,BE 6E BADAASS,0,2025-07-28T16:21:28Z
5_95Oo-BRIE,SAFETY LEFT THE CHAT,0,2025-07-28T16:20:58Z
5_95Oo-BRIE,BRO IS SE ACHA INDIA KI KOI BHI EV LE LE HYUNDAI KI TATA KI YA MAHINDRA KI,0,2025-07-28T16:20:28Z
5_95Oo-BRIE,Kis kis ko vivo Ka ad aaya,7,2025-07-28T16:11:38Z
5_95Oo-BRIE,Bhai review de rahe ho ya Elon Musk ka mu main le rahe ho...,0,2025-07-28T16:11:09Z
5_95Oo-BRIE,Ye vivo ki ad 😢 😡🤬,1,2025-07-28T16:06:32Z
5_95Oo-BRIE,Bhai iski awaj kaise badal gai😵‍💫,0,2025-07-28T16:05:38Z
5_95Oo-BRIE,Video quality kitni low hai,0,2025-07-28T15:57:26Z
5_95Oo-BRIE,"No button
No jhanjhat😅",0,2025-07-28T15:52:42Z
5_95Oo-BRIE,Look like hyundai verna😂😂,0,2025-07-28T15:47:38Z
5_95Oo-BRIE,Accident mein khatam ho jayega,0,2025-07-28T15:44:46Z
5_95Oo-BRIE,Bhai Hyundai Verna lag rahi hai,0,2025-07-28T15:39:26Z
5_95Oo-BRIE,"I'm Indian and Sport indian Brand Company Like TATA, Mahendra. 🚫 Not sport Other companies",0,2025-07-28T15:32:50Z
5_95Oo-BRIE,Bhai price kya hai.?,0,2025-07-28T15:31:55Z
5_95Oo-BRIE,11:55 no bro BYD hai,0,2025-07-28T15:30:12Z
5_95Oo-BRIE,Bro wear jacket in summer 😂😂,0,2025-07-28T15:28:32Z
5_95Oo-BRIE,BYD 💀,0,2025-07-28T15:20:57Z
5_95Oo-BRIE,Bhai Iskandar colour kese change hua,0,2025-07-28T15:15:05Z
5_95Oo-BRIE,"Hlo brthr..... 
Love from kashmir",0,2025-07-28T15:13:36Z
5_95Oo-BRIE,Vivo add attendance!!,0,2025-07-28T15:09:15Z
5_95Oo-BRIE,looks achi nahi hai india me 30 lakh me bhi nahi sale hogi,0,2025-07-28T15:08:03Z
5_95Oo-BRIE,"Agar tubelight tesla me ho to wow 
Verna me ho to tatti 🤡",0,2025-07-28T15:05:03Z
5_95Oo-BRIE,"I thought that car reviewers would review it first.  But Tesla went for tech reviewer. It's actually a brilliant idea for reaching larger audiences. Moreover their products are nore tech than mechanics. So good for them.
Edit: The review was good.",0,2025-07-28T14:59:31Z
5_95Oo-BRIE,"If this comment gets 1k likes then shlok will gift me a gaming pc 🗣️ 0:01 

👇 Let's see...",0,2025-07-28T14:49:04Z
5_95Oo-BRIE,Bs yahi rah gaya tha,0,2025-07-28T14:40:48Z
5_95Oo-BRIE,this mofo could iterally shoot a video on TESLA but whyn't on XEV9E?,0,2025-07-28T14:34:35Z
5_95Oo-BRIE,"I have seen Tesla , it is ugly car and very small and castrophobic.",0,2025-07-28T14:31:13Z
5_95Oo-BRIE,"These US companies build anticipation by entering market very late, so that the aspirations build up and when they enters the market these lodus go crazy about promoting them, bhenchodd jab hamare TATA, MAHINDRA ki itni acchi acchi hitech feature available hai why the fuck should the indian govt let these firangi companies to start a business in india? why the govt doesn't impose high taxes tariffs on us products and build awareness among indian buyers to only purchase desi goods?",0,2025-07-28T14:29:58Z
5_95Oo-BRIE,"tesla y vs xev9e ki comparison karke dekhlo 
xev9e clear winner",0,2025-07-28T14:25:34Z
5_95Oo-BRIE,Why is  the sound  so weird ai lag ra he,0,2025-07-28T14:14:02Z
5_95Oo-BRIE,It looks like hyundai verna headlights,0,2025-07-28T14:09:43Z
5_95Oo-BRIE,Bhai durability test kro,1,2025-07-28T14:06:48Z
5_95Oo-BRIE,"Bahi ese review kar rahe ho saram nahi ata hain kya 

Isko to sab janta hain     iska naam texla hain",0,2025-07-28T14:01:15Z
5_95Oo-BRIE,Nepal ma 3 sala aaga gaya tha,0,2025-07-28T14:01:00Z
5_95Oo-BRIE,❤,1,2025-07-28T13:54:35Z
5_95Oo-BRIE,Electric verna😂,0,2025-07-28T13:53:40Z
5_95Oo-BRIE,2:31 bhai hma pta h yah electric car h or electric car k silencer hota he nhi h agar app bnaoge n kabhi apni car just like ANARC WATCHES uska da dena silencer electric car m fir vo pkka he ANARC ke trah success jarur hogi,1,2025-07-28T13:52:14Z
5_95Oo-BRIE,BYD better hai,0,2025-07-28T13:46:28Z
5_95Oo-BRIE,Samsung galaxy f36 par video banao bhai please,0,2025-07-28T13:46:20Z
5_95Oo-BRIE,Samsung galaxy f36 par video banao bhai please,0,2025-07-28T13:46:09Z
5_95Oo-BRIE,Samsung galaxy f36 par video banao bhai please,0,2025-07-28T13:45:36Z
5_95Oo-BRIE,Samsung galaxy f36 par video banao bhai,0,2025-07-28T13:45:20Z
5_95Oo-BRIE,Bhai ohTesla nahin tax renewal car hai GST mantri jindabad,0,2025-07-28T13:45:02Z
5_95Oo-BRIE,Samsung galaxy f36 par video banao bhai,0,2025-07-28T13:42:36Z
5_95Oo-BRIE,Bhai iss me cow 🐄 road pe dikha raha hai kya?,0,2025-07-28T13:40:52Z
5_95Oo-BRIE,Best video for a car,1,2025-07-28T13:35:24Z
5_95Oo-BRIE,11:47 screen pe dekh truck se accident huva,1,2025-07-28T13:33:16Z
5_95Oo-BRIE,❤alf Mbrook hbibi,0,2025-07-28T13:26:45Z
5_95Oo-BRIE,आप तोतले हो क्या 😂,1,2025-07-28T13:10:20Z
5_95Oo-BRIE,Ye bhi layers Anarch ki tarah niklegi kya ?,0,2025-07-28T13:03:19Z
5_95Oo-BRIE,Audio quality kharab kyu hai?,0,2025-07-28T12:58:26Z
5_95Oo-BRIE,"Bro, not just Tesla but BYD also manufactures its batteries along with cells in them. In fact, 'BLADE BATTRIES' by BYD are the safest EV batteries.",0,2025-07-28T12:56:51Z
5_95Oo-BRIE,Yeh Smartwatch Fraud karne wala banda hain nah?🤔,2,2025-07-28T12:55:42Z
5_95Oo-BRIE,Dodge Challenger ka bhi review kar do bhai,0,2025-07-28T12:48:43Z
5_95Oo-BRIE,Ye to wo kala mantri lene vala tha time kaise mila first vala,0,2025-07-28T12:48:21Z
5_95Oo-BRIE,50k likes on video aur shlok bhai gifts tesla to bhabhiji ❤😂,0,2025-07-28T12:33:26Z
5_95Oo-BRIE,What about BYD 💀,0,2025-07-28T12:27:11Z
5_95Oo-BRIE,Sir Aapko Pata Nahi Ki Fast Car Jaypur Me Liya Gaya Hai 😅😅,0,2025-07-28T12:25:34Z
5_95Oo-BRIE,3:22 full dalne ka maja le raha 😅😂,6,2025-07-28T12:25:10Z
5_95Oo-BRIE,Joker,0,2025-07-28T12:13:24Z
5_95Oo-BRIE,9:36 Bhaii editor hide krna bhool gya aapke tab pe number show ho rha hai 👀,2,2025-07-28T12:12:29Z
5_95Oo-BRIE,Bhai Thora totla raha hai,0,2025-07-28T11:46:26Z
5_95Oo-BRIE,nepal got it at first  then india has it now,0,2025-07-28T11:32:28Z
5_95Oo-BRIE,Video ended abruptly,0,2025-07-28T11:30:07Z
5_95Oo-BRIE,Car is nice but price is overexpensive like seriously 90 lack for this 😂,0,2025-07-28T11:29:51Z
5_95Oo-BRIE,Isse badiya to byd ki car hai look bhi badiya hai,0,2025-07-28T11:18:07Z
5_95Oo-BRIE,"This is India, garmi me haalat kharab ho jayegi, AC jyada chalegi milage kam ho gi",0,2025-07-28T11:13:51Z
5_95Oo-BRIE,Last mein Tesla ki lighting kam aur Nothing ki glyph light zyada lag rhi😂😂😂,0,2025-07-28T11:12:21Z
5_95Oo-BRIE,Whaa nice promotion bro 😅✌️,1,2025-07-28T11:09:25Z
5_95Oo-BRIE,This type of car arrived 1 months ago in Nepal.,0,2025-07-28T11:07:09Z
5_95Oo-BRIE,Welcome TAXLA😊,0,2025-07-28T11:00:00Z
5_95Oo-BRIE,side ki glass bi nikal  dete    air ache se flow hota,0,2025-07-28T10:52:19Z
5_95Oo-BRIE,"Jacket kyu pahn rakhi hai... Pahle ye batao... So hot
.. Plz rply",0,2025-07-28T10:50:54Z
5_95Oo-BRIE,Bro doesn't hesitate to giveaway 😂,0,2025-07-28T10:47:03Z
5_95Oo-BRIE,13:09 Abey raat mein karna tha😑,0,2025-07-28T10:41:44Z
5_95Oo-BRIE,Be6 se compression kro,0,2025-07-28T10:36:29Z
5_95Oo-BRIE,gawk gawk gawk gawk,0,2025-07-28T10:31:36Z
5_95Oo-BRIE,Tesla must be changed its name in India from Tesla to Taxla,0,2025-07-28T10:22:32Z
5_95Oo-BRIE,Tesla ka imp function h self driving bhai ne wohi nhi dikhaya👀,0,2025-07-28T10:21:27Z
5_95Oo-BRIE,Bhi Giveaway kargoe muje 😅?,0,2025-07-28T10:18:33Z
5_95Oo-BRIE,Bhai gadi ka colour change karo,0,2025-07-28T10:12:32Z
5_95Oo-BRIE,"Kisi  garib ko da do .
Like me 😊",0,2025-07-28T10:05:44Z
5_95Oo-BRIE,why is steering not touchscreen ?,0,2025-07-28T10:05:04Z
5_95Oo-BRIE,Dubai Tesla price 🗿 Indian Tesla 🤡 price,0,2025-07-28T09:57:01Z
5_95Oo-BRIE,"6:23 ,,,",0,2025-07-28T09:52:32Z
5_95Oo-BRIE,mhuje de doo😮❤,0,2025-07-28T09:45:59Z
5_95Oo-BRIE,What about build quality????😂,0,2025-07-28T09:44:23Z
5_95Oo-BRIE,Bhai mahindra tata ke samne sab fail hai,0,2025-07-28T09:37:46Z
5_95Oo-BRIE,Aaj motorola ka add nhi aaya 😅,1,2025-07-28T09:28:24Z
5_95Oo-BRIE,Mai konsa kharid ne wala hu 😒,1,2025-07-28T09:28:04Z
5_95Oo-BRIE,Not good car wastage American car,1,2025-07-28T09:25:54Z
5_95Oo-BRIE,What is different in that car it's structure,0,2025-07-28T09:25:28Z
5_95Oo-BRIE,Please try tron bike 🚲,0,2025-07-28T09:25:21Z
5_95Oo-BRIE,Uchalne wala bndrr 🐒🦥 tera video dekhne ka mannn nyii krta abbb ...bacha jaise krtee rehtaa hai ...grow up kid🫵🏻🐷,0,2025-07-28T09:23:41Z
5_95Oo-BRIE,Waiting for Karol Bagh Modification videos of tesla  ,0,2025-07-28T09:23:36Z
5_95Oo-BRIE,Bhai tum totle ho?,0,2025-07-28T09:23:20Z
5_95Oo-BRIE,I have been driving this for 2 years in Nepal now. Loving it❤,4,2025-07-28T09:22:23Z
5_95Oo-BRIE,Mahindra ke aage bekar hai,0,2025-07-28T09:18:39Z
5_95Oo-BRIE,JAI SHRI RAM❌JAI SHRI CHUTIY*A RAM ✅,0,2025-07-28T09:17:27Z
5_95Oo-BRIE,0:50 ये तो verna जेसी लग रही है tubelight 😂😂,5,2025-07-28T09:17:07Z
5_95Oo-BRIE,I dont mind mind paying 5% tax on whatever im spending on. But first remove direct tax. Or atleast make it 20% fixed for all. No subsidies no B.S. if someone is earning 10lakh theyll pay 2 lakh. If someone is earning 10 crore theyll pay 2 crore.,0,2025-07-28T09:16:22Z
5_95Oo-BRIE,manual wale like kro,1,2025-07-28T09:16:12Z
5_95Oo-BRIE,arre bc vo vivo fold phod dunga,0,2025-07-28T09:12:45Z
5_95Oo-BRIE,Bhai watch ka kya hua meri kharab ho gayi 🥲,0,2025-07-28T09:11:23Z
5_95Oo-BRIE,"After Lunch watch ⌚ and expose you 

i just see your video Frist time",0,2025-07-28T09:09:22Z
5_95Oo-BRIE,BYD,0,2025-07-28T08:58:23Z
5_95Oo-BRIE,Tesla tatti,0,2025-07-28T08:57:29Z
5_95Oo-BRIE,Tesla features 🔥BYD features 💀☠️,1,2025-07-28T08:50:38Z
5_95Oo-BRIE,Tesla ❌ BYD ✅,1,2025-07-28T08:48:47Z
5_95Oo-BRIE,"mahindra is best....
India's pride mahindra.......
jai hind💪",0,2025-07-28T08:47:23Z
5_95Oo-BRIE,1k subc complete 💯✅ thank you all friends,0,2025-07-28T08:41:10Z
5_95Oo-BRIE,Faltu  - overexpensive 😂😂😂,0,2025-07-28T08:40:51Z
5_95Oo-BRIE,"Bhai tu jakar phone hi review kar😂😂😂

- viper tedha hai😂😂
- dikki ka camera uske sath upar Chala jata Hai😂😂

I stopped watching at 1:51",0,2025-07-28T08:36:01Z
5_95Oo-BRIE,12:00 BYD bhi apni battery khud banati hai bruhhh,0,2025-07-28T08:33:42Z
5_95Oo-BRIE,Kya besharam reviewer hain yeah. Thik se baat karna Sikh le pehle,0,2025-07-28T08:32:56Z
5_95Oo-BRIE,EV Me Engine kab se aane laga?,0,2025-07-28T08:31:43Z
5_95Oo-BRIE,Only legend knows that this video is re-uploaded 😂🎉,0,2025-07-28T08:30:29Z
5_95Oo-BRIE,Why did it end so abruptly? Did anyone else feel that?,0,2025-07-28T08:27:02Z
5_95Oo-BRIE,Overrated asf,0,2025-07-28T08:22:48Z
5_95Oo-BRIE,Ab verna bikegi,0,2025-07-28T08:12:17Z
5_95Oo-BRIE,Bhai kiched camera blurr ho gaya to😮😮,0,2025-07-28T08:07:31Z
5_95Oo-BRIE,TESLA Car 🚗 Par TAX Aadhik hai,2,2025-07-28T07:46:44Z
5_95Oo-BRIE,BC? Tata harrier ev 30 lakh me 500km de re and 0-100 6 second  me,0,2025-07-28T07:37:55Z
5_95Oo-BRIE,Bhai Gadi thok ke dikhao,0,2025-07-28T07:25:54Z
5_95Oo-BRIE,Nano is better than his 🥲😆,0,2025-07-28T07:23:49Z
5_95Oo-BRIE,let us go towards tata and mahindra. they are matching the standard,0,2025-07-28T07:16:43Z
5_95Oo-BRIE,"Tesla ❌
Taxla ✅",0,2025-07-28T07:11:20Z
5_95Oo-BRIE,Yeh vivio ka add aur Kitna bar ayega,0,2025-07-28T07:11:00Z
5_95Oo-BRIE,Iska bhi drop test karo bhai…😂😂😂,1,2025-07-28T07:06:09Z
5_95Oo-BRIE,Sadak pe bhi baatvkr lo 😂😂😂😂😂😂😂,0,2025-07-28T07:01:13Z
5_95Oo-BRIE,"Video to banaya 4k me 
Brainless audio quality 2g Bala record kar Diya what a stupid",0,2025-07-28T07:00:44Z
5_95Oo-BRIE,"एलॉन मुस्क ने यह गलत किया

कमी इसमें एक चीज की वो यह की भाई इससे बाहर गुटखा कैसे तू कहेंगे🥺",0,2025-07-28T06:58:49Z
5_95Oo-BRIE,"Great car, if available under ₹ 30L 🤣",0,2025-07-28T06:54:14Z
5_95Oo-BRIE,"No physical button is still kind of stupid, whats need of changing features? its car not smartphone. this is dumb tbh",0,2025-07-28T06:52:50Z
5_95Oo-BRIE,top glass ka h tho thodlo saftey 😂,0,2025-07-28T06:46:44Z
5_95Oo-BRIE,Wow ❤,0,2025-07-28T06:40:04Z
5_95Oo-BRIE,Ye to tatti hai,1,2025-07-28T06:37:31Z
5_95Oo-BRIE,Bhai ye car mereko dedo,0,2025-07-28T06:33:15Z
5_95Oo-BRIE,"""Omni"" the real OG 😅😅",1,2025-07-28T06:30:23Z
5_95Oo-BRIE,TATA hairier EV,0,2025-07-28T06:29:04Z
5_95Oo-BRIE,"Bhai ek dhamakedaar idea hai! 🚀
Socha hai ki smartphone ki RAM ko USB device se upgrade kiya jaa sake – jaise SD card se storage badhate hain.
Yeh hardware-level expandable RAM concept hai – koi virtual RAM nahi.",0,2025-07-28T06:24:02Z
5_95Oo-BRIE,Price?,0,2025-07-28T06:23:44Z
5_95Oo-BRIE,Dog shit car for India,0,2025-07-28T06:22:20Z
5_95Oo-BRIE,wtf is wrong with outro,0,2025-07-28T06:09:17Z
5_95Oo-BRIE,Bhaii ne 1 cr kaama liye iss vdo se 😅,0,2025-07-28T06:08:37Z
5_95Oo-BRIE,Iska kimat kitna he bhiaya,0,2025-07-28T06:07:42Z
5_95Oo-BRIE,Tesla ❎ TAXLAAA ✅,1,2025-07-28T06:06:42Z
5_95Oo-BRIE,Full glass is not practical in Indian temperature.... Picha baithney wala banda toh pakk k omlet ban jayagaaa😜😜😜,12,2025-07-28T06:06:42Z
5_95Oo-BRIE,"Papa Kasam jisne like aur subscribe nahin kiya wo
exam mein pakka fail😢😢😢😢",1,2025-07-28T06:05:18Z
5_95Oo-BRIE,abe chalega kese self drive ke clearence nhi h india M,0,2025-07-28T06:03:03Z
5_95Oo-BRIE,Whatt about Anarc smartwatch …..? 😂,0,2025-07-28T06:02:55Z
5_95Oo-BRIE,Tesla ❌ Taxla 😂,1,2025-07-28T06:02:23Z
5_95Oo-BRIE,12.40 BYD ko bhul gaye kya,0,2025-07-28T06:01:16Z
5_95Oo-BRIE,Mahendra Be 9 🔥🔥,0,2025-07-28T06:00:35Z
5_95Oo-BRIE,😂😂😂😂😅,1,2025-07-28T05:59:43Z
5_95Oo-BRIE,"Auto pilot me jb samne kutte / cow / insan,  bike, car kese bhi cut marke jb aayenge tb dekho kese react krega auto pilot 💀💀",0,2025-07-28T05:59:37Z
5_95Oo-BRIE,As a production house owner I can say not a good thumbnail tbh,0,2025-07-28T05:54:35Z
5_95Oo-BRIE,"Tesla : bhai video me kuch kuch bolna hai  10 15 min tak. 
Le tech burner:......",0,2025-07-28T05:53:11Z
5_95Oo-BRIE,Welcome to Mumbai bhai Tesla bas Mumbai Mai hi hai in whole India 🎉🎉,0,2025-07-28T05:51:30Z
5_95Oo-BRIE,1:11 Tesla ❌ Tex-La ✅,67,2025-07-28T05:49:49Z
5_95Oo-BRIE,VIVO XFOLD 5 MKC BUTTON ✅✅✅,0,2025-07-28T05:44:46Z
5_95Oo-BRIE,Why you give me a Tablet,0,2025-07-28T05:38:38Z
5_95Oo-BRIE,"Bhai tesla , mhendra BE6 , tata curve तीनों car ka range test kr",0,2025-07-28T05:35:52Z
5_95Oo-BRIE,Vivo x fold ki mkc,0,2025-07-28T05:35:40Z
5_95Oo-BRIE,Tesla Car kharidane k phalee Class join Karna Padhega ke isko chalate kesa hain 😮,0,2025-07-28T05:34:23Z
5_95Oo-BRIE,Hello bro anrath ka video dalo😅,0,2025-07-28T05:31:07Z
5_95Oo-BRIE,"Video me he kya ,,"""" pure ki puri bachchodi """""" dekhne vale = 🃏",0,2025-07-28T05:22:13Z
5_95Oo-BRIE,Indian tesla is a bit different than Nepali Tesla,0,2025-07-28T05:16:29Z
5_95Oo-BRIE,"No offence Shlok bhai love your content but, when a tech reviewer is invited to review a car then it’s not a car it’s a gadget 🙃",1,2025-07-28T05:11:45Z
5_95Oo-BRIE,sab btadiya lekin yeh ni btaya ki ek charge me kitna kilometer chlti h,0,2025-07-28T05:06:09Z
5_95Oo-BRIE,ye light इंडिया me verna ne पहले leke aaya tha,0,2025-07-28T05:04:51Z
5_95Oo-BRIE,"Bhai tmko Indian car ya kch v indian Pasand nhi h ky 
Tata ka v to ev car aaya Tm to ek v Vdo nhi banaye ho",0,2025-07-28T04:59:50Z
5_95Oo-BRIE,"No car target🤔
mobile target✅😂",0,2025-07-28T04:50:06Z
5_95Oo-BRIE,Agar hamara mobile chori ho gaya to chor kar ko hi cantrol kar lega😂,0,2025-07-28T04:46:00Z
5_95Oo-BRIE,Mahendra be6 texla 😅 se bahater hai price ma bhi,0,2025-07-28T04:39:30Z
5_95Oo-BRIE,Yaar ye thoda sa bh..... Ka lo...... Ha kya chuuuuu...,0,2025-07-28T04:32:00Z
5_95Oo-BRIE,Safety rating?,0,2025-07-28T04:31:37Z
5_95Oo-BRIE,America hamne tesla le lekin sale kardi yeh america main bilkul fail ho gaye hai eski range har waqt mind main rehti hai jab ac on karke bilkul kamm range ho jaati hai apko tension lgi rehti hai battery kamm ho gayi etni reh gayi baar baar dyaan wahi rehta hai dimag main,0,2025-07-28T04:24:39Z
5_95Oo-BRIE,"I have tesla Y in Canada. It’s great vehicle but in India , it’s way to expensive",0,2025-07-28T04:24:33Z
5_95Oo-BRIE,Your Knowledge.. thank  god i never subscribe you... RED Number plate spacial gadi ...,0,2025-07-28T04:23:06Z
5_95Oo-BRIE,Isse ache to mahindra aur tata ki EVs hai😂,2,2025-07-28T04:21:48Z
5_95Oo-BRIE,Bhi 60lak ka gadi nehi lagta bhi tum jittne v promote karo na qqq😂,0,2025-07-28T04:17:33Z
5_95Oo-BRIE,"Bhai muje pandrive lena h 128 GB ka 
Konsa leu best se best ho 
Ek bar suggest bkr do ya video bna do please",0,2025-07-28T04:13:06Z
5_95Oo-BRIE,Better to promote Indian product..why promoting tesla..mahine mein 50 lac ke kamai bhi hota toh yeh nahi karid ta.,0,2025-07-28T04:12:01Z
5_95Oo-BRIE,Bhi 15% mita to iska 60+ lacs nahi hota 30 lacs ki car,0,2025-07-28T04:10:12Z
5_95Oo-BRIE,Verna😂,0,2025-07-28T03:58:37Z
5_95Oo-BRIE,We need more futuristic cars like this,0,2025-07-28T03:47:23Z
5_95Oo-BRIE,India me flop hai ye,0,2025-07-28T03:47:10Z
5_95Oo-BRIE,TATA 🦾,0,2025-07-28T03:44:17Z
5_95Oo-BRIE,Kis kis ko vivo ka ad aaya😂😂,0,2025-07-28T03:42:14Z
5_95Oo-BRIE,0:11 Kidnapper OP 😂,2,2025-07-28T03:42:11Z
5_95Oo-BRIE,Verna hai verna 😂,0,2025-07-28T03:41:29Z
5_95Oo-BRIE,I will not buy this stuff,0,2025-07-28T03:41:09Z
5_95Oo-BRIE,Apni Indian brand car look mein Tesla se acchi hai,6,2025-07-28T03:36:20Z
5_95Oo-BRIE,Kis kis ko Vivo fold phone ka ad aa rha tha,0,2025-07-28T03:29:48Z
5_95Oo-BRIE,garmi me jacket.....??😅,0,2025-07-28T03:27:31Z
5_95Oo-BRIE,Maine bhi Tesla car kharid liya hu,0,2025-07-28T03:22:53Z
5_95Oo-BRIE,India ke log company kuy nahi kholte bhout jada dhuk ki baat hai our family our government ke taraf se support nahi milta hai 🕉️🕉️🕉️🕉️🕉️,0,2025-07-28T03:21:08Z
5_95Oo-BRIE,Hii❤❤❤❤,0,2025-07-28T03:09:20Z
5_95Oo-BRIE,1 like for 1 hour study.,0,2025-07-28T03:07:50Z
5_95Oo-BRIE,Thanks For 252 Subscribers Family Members and Keep Supporting Guys 😊❤,0,2025-07-28T02:58:33Z
5_95Oo-BRIE,Wow 😮😮😮😮❤,0,2025-07-28T02:58:08Z
5_95Oo-BRIE,Bhai aap Traveler video banao! ❤,0,2025-07-28T02:51:34Z
5_95Oo-BRIE,Nice,0,2025-07-28T02:49:53Z
5_95Oo-BRIE,Tesla uae mein cab mein chalta hai 😂,0,2025-07-28T02:43:01Z
5_95Oo-BRIE,Safety Rating -5 🌟,0,2025-07-28T02:36:59Z
5_95Oo-BRIE,0:50 wo headlight nahi drl he.😂,1,2025-07-28T02:35:33Z
5_95Oo-BRIE,Always buy Indian. Vocal for local,0,2025-07-28T02:33:29Z
5_95Oo-BRIE,Dubai Texi Car 🤡🤡,0,2025-07-28T02:27:03Z
5_95Oo-BRIE,Who had watched Vivo Ad,0,2025-07-28T02:22:06Z
5_95Oo-BRIE,ek cheez batao eske watch kaise hai kese ne use kare ?,0,2025-07-28T02:20:05Z
5_95Oo-BRIE,Hyundai Verna ka front copy kar di,0,2025-07-28T02:16:15Z
5_95Oo-BRIE,Ye EV hai isme engine nhi motor hota hai 😂,0,2025-07-28T02:12:50Z
5_95Oo-BRIE,Sari Gari Anda bana di ha😂,0,2025-07-28T02:09:13Z
5_95Oo-BRIE,धूप में क्या होगा इसका 😂,0,2025-07-28T02:07:43Z
5_95Oo-BRIE,Telsa ❎ Hyundai Verna ✅😂😂😂,5,2025-07-28T02:06:45Z
5_95Oo-BRIE,Electric 🤮🤮🤮🤮🤮🤮 gas 😁😁😁,0,2025-07-28T02:03:04Z
5_95Oo-BRIE,Haker be like 😂 killing  people is a joke now,0,2025-07-28T02:02:12Z
ZTNNa86-1no,Bhai tune aise describe Kiya h ki  koi lena bhi chahe toh na le tesla,0,2026-02-11T17:17:16Z
ZTNNa86-1no,Itna gatiya car,0,2026-01-29T06:57:52Z
ZTNNa86-1no,Bhai tu chalana sikhane ke liye video banaa De sabse badhiya,0,2026-01-27T14:09:02Z
ZTNNa86-1no,Oooooohhhhoooo,0,2026-01-04T16:45:11Z
ZTNNa86-1no,U explain like circuit 😂😂😂,0,2025-12-16T08:56:13Z
ZTNNa86-1no,First right hand ? UK me nahi hai kya?,0,2025-12-07T13:21:48Z
ZTNNa86-1no,"2x price 
No auto pilot 
Average looks.
Hmmm....",0,2025-11-07T16:51:43Z
ZTNNa86-1no,⛽🦶🦵🔥💳🏐🖐️👉🚗,0,2025-10-27T12:38:39Z
ZTNNa86-1no,Rich people's car in India!!💰💵 Not even for upper middle class people as well,0,2025-09-28T02:17:56Z
ZTNNa86-1no,Tum hi naa chinese ghadi laake apna naam lagake price badhake bech raha tha...,0,2025-09-18T22:08:21Z
ZTNNa86-1no,What a Car my first EV is Tesla.. 💚💚,0,2025-09-13T21:50:48Z
ZTNNa86-1no,Verna,0,2025-09-12T16:45:59Z
ZTNNa86-1no,Yeh abhi bhi zinda hai 😅😅😅,0,2025-08-27T14:04:12Z
ZTNNa86-1no,Bhai mana tune promotion ke paise liye honge but chhoti chhoti chijo ko bhi poora jor lgakr Btane ki kya jarurat h,0,2025-08-18T08:07:51Z
ZTNNa86-1no,Gear kaise lgaya? 😅,0,2025-08-16T19:07:02Z
ZTNNa86-1no,Active hoga bhi nhi,0,2025-08-16T17:37:45Z
ZTNNa86-1no,"Pakistanis be like, hamare yaha 50 yrs k baad bhi nahi aaygi",0,2025-08-16T12:00:36Z
ZTNNa86-1no,Boycot USA products. Support indian products etc,0,2025-08-13T05:00:38Z
ZTNNa86-1no,Use GPS for proper driving as Railway network is maintained in the same way starting phrases of Tesla,0,2025-08-10T18:21:37Z
ZTNNa86-1no,All Inside from App,0,2025-08-10T18:21:02Z
ZTNNa86-1no,Boycott tesla in India.,0,2025-08-08T11:15:18Z
ZTNNa86-1no,I think we will not buy american cars as trump policy harm indian sovereignty and affect economy of india and support pakistan,0,2025-08-07T12:50:06Z
ZTNNa86-1no,Bro im indian but i am living in denmark also my father have tesla model 3❤,0,2025-08-06T11:03:38Z
ZTNNa86-1no,thnks for 44415 subscribers guys😍😍😍,0,2025-08-02T18:34:28Z
ZTNNa86-1no,Boycott tesla,0,2025-08-01T19:02:58Z
ZTNNa86-1no,Irritating lagne laga hai ye ab,0,2025-07-31T15:58:24Z
ZTNNa86-1no,Thaoda aaram se bola kro,0,2025-07-31T15:00:37Z
ZTNNa86-1no,Tesla pr 250% terrif lgani chahiye,0,2025-07-31T14:47:41Z
ZTNNa86-1no,"Iske pahle hamare gujarat ma 
Aa gai he bha😂😂😂",1,2025-07-31T00:25:37Z
ZTNNa86-1no,"Why are Indians getting over excited about an electric car?
I mean Indian roads and Indian driving standards aren't anything to write home about.",0,2025-07-30T13:13:50Z
ZTNNa86-1no,Bina autopilot ke matlab kya aaya😂,0,2025-07-30T11:20:32Z
ZTNNa86-1no,❤️,0,2025-07-30T11:14:11Z
ZTNNa86-1no,Bhai subscribe toh ho nhi rha h sign in maang rha h 😂,0,2025-07-30T09:57:53Z
ZTNNa86-1no,Apni speech theek krle bhai ....kya bolra h ...,0,2025-07-29T17:38:17Z
ZTNNa86-1no,mehengi electric verna,0,2025-07-29T16:03:12Z
ZTNNa86-1no,Yesla dabba hai dabba na koi design,0,2025-07-29T15:45:32Z
ZTNNa86-1no,"As India isn't for beginners, Autopilot Tesla is also a beginner in India so Musk isn't stupid enough to enable that function here😅😅😅",0,2025-07-29T13:54:49Z
ZTNNa86-1no,Mr Indian hacker try karenge tab maza aayega 😂😂😂😂😂😂😂😂😂😂😂,0,2025-07-29T09:20:45Z
ZTNNa86-1no,Sabse badi problem india me charging center ki hai jis pe gov. Ko dhyan dena chahiye or in pe tax minimum rakhna chahiye taki har aam aadmi ev cars and bike kharidh sake jisse india me pollution bhi kam hoga ❤,3,2025-07-29T07:57:26Z
ZTNNa86-1no,Verna ka pro version,0,2025-07-29T05:03:25Z
ZTNNa86-1no,Khilone wali car se kam nhi lg rhi ye tesla,0,2025-07-29T04:29:51Z
ZTNNa86-1no,Abe logo kidhar hai,0,2025-07-29T04:22:12Z
ZTNNa86-1no,isko constipation ka ilaj karna chahiye,0,2025-07-29T03:47:26Z
ZTNNa86-1no,🗑️🚮🚮🗑️,0,2025-07-28T17:25:32Z
ZTNNa86-1no,Apni watch bhi test kar leta bhai,0,2025-07-28T11:32:04Z
ZTNNa86-1no,Super 👏,0,2025-07-28T08:39:39Z
ZTNNa86-1no,Bhai verna Hai 🌚,0,2025-07-28T06:49:22Z
ZTNNa86-1no,Car ki,0,2025-07-28T06:00:14Z
ZTNNa86-1no,Iski sakle achhi nhi lag rahi hi😅,0,2025-07-28T05:59:54Z
ZTNNa86-1no,Tesla❌️taxla✅️,1,2025-07-28T05:40:12Z
ZTNNa86-1no,"The price of the car is high because these cars are being imported from countries like the United States and China, and are not manufactured in India. The Indian government wants Tesla cars to be manufactured in India to boost employment and the economy. I think this decision is absolutely right. Indians have gotten into the habit of criticizing everything.",2,2025-07-28T05:25:57Z
ZTNNa86-1no,Smartphone ke saath tesla bhi chori,0,2025-07-28T04:25:46Z
ZTNNa86-1no,Foreign ka bolke Indians ko kuchh bhi chipka sakete ho.Tesla shop inauguration me CM khud chala gaya.kahi fir company staff dance karne lage foreign investor ke samne.,0,2025-07-28T03:43:00Z
ZTNNa86-1no,Still I'll go for byd,0,2025-07-28T03:31:17Z
ZTNNa86-1no,Tu abhi bhi youtube pe aata he?,0,2025-07-28T02:58:50Z
ZTNNa86-1no,Isse jyada key tata details hai,0,2025-07-28T02:26:42Z
ZTNNa86-1no,TESLA ❌️ Tax La✅️,0,2025-07-28T02:03:16Z
ZTNNa86-1no,Waste for money 💰😂😂😂,0,2025-07-28T01:51:03Z
ZTNNa86-1no,"Tax sytem ne 60 lakh ki krdi,  vrna 30-32 me acchi gaadi h   pr agr kbhi 30-32 hue to m mahindra ev9 lunga, vo jyada macho h looks me is se 😂😂",0,2025-07-28T01:43:07Z
ZTNNa86-1no,ters ghadi jaisa nikla toh 😂😂,0,2025-07-27T19:26:19Z
ZTNNa86-1no,Subscribe nhi hua 😂,0,2025-07-27T19:01:35Z
ZTNNa86-1no,It's not a car it's just a Battery operated toy 🤡🤡💩💩,0,2025-07-27T18:43:18Z
ZTNNa86-1no,Tesla in the world 🤡🤡💩💩,0,2025-07-27T18:42:31Z
ZTNNa86-1no,The first tesla in India is own by Ritesh Deshmukh sir... Future Maharashtra CM,3,2025-07-27T18:33:08Z
ZTNNa86-1no,"Tech burner before💀
Tech burner after🤡",0,2025-07-27T17:31:37Z
ZTNNa86-1no,Bc gadi ke naam pe 4 weel or ek stearing he bas under kuch he hi nahi,0,2025-07-27T17:26:10Z
ZTNNa86-1no,Bhai chat le na ta ....pahila he na....,0,2025-07-27T16:11:08Z
ZTNNa86-1no,Hahah only hype in india and calling these youtubers to just promoting😂😂😂😂😂😂,0,2025-07-27T15:35:18Z
ZTNNa86-1no,Deakhte hai chalta hai ya chala jata hai 😶‍🌫️,0,2025-07-27T15:28:27Z
ZTNNa86-1no,"Aak hee screen h 
Vo aagar karab ho jaye to 😅",0,2025-07-27T15:27:09Z
ZTNNa86-1no,Tesla ❌❌ Verna ☑️☑️,0,2025-07-27T13:30:59Z
ZTNNa86-1no,Ye tesla bahar se taxi lagti h yaar 😭🥀,0,2025-07-27T13:16:43Z
ZTNNa86-1no,Bmw🔥🔥🔥🔥,0,2025-07-27T12:26:44Z
ZTNNa86-1no,4×4 kaha hai,0,2025-07-27T11:50:16Z
ZTNNa86-1no,Bro didn't do a slap test like he does with tables ?,0,2025-07-27T11:15:50Z
ZTNNa86-1no,Tesla nono verna yes,0,2025-07-27T11:01:30Z
ZTNNa86-1no,"India ki pehli nai hai, surat me aau pta chalega..❤️‍🔥",0,2025-07-27T10:57:40Z
ZTNNa86-1no,Tum ye sab Chodo watch par Dhyan do,0,2025-07-27T10:19:00Z
ZTNNa86-1no,Usko car nahi bolte 😂,0,2025-07-27T09:28:49Z
ZTNNa86-1no,Very common designe ..... Esse better to nano h 3 lakh ki car ke liye 60 lakh ghanta denge,0,2025-07-27T08:06:34Z
ZTNNa86-1no,❤️,0,2025-07-27T07:27:16Z
ZTNNa86-1no,"TESLA ❌❌
VERNA ✅✅",0,2025-07-27T05:27:47Z
ZTNNa86-1no,Ye to verna hai 😂,0,2025-07-27T05:13:34Z
ZTNNa86-1no,Overacting kam kiya kar thodi,0,2025-07-27T05:03:30Z
ZTNNa86-1no,I have this car❤❤,1,2025-07-27T04:31:26Z
ZTNNa86-1no,UK mn bhi right hand drive hai😑,0,2025-07-27T03:59:52Z
ZTNNa86-1no,Oo billo ho gya faisla mai tenu dilaunga tesla,1,2025-07-27T03:24:44Z
ZTNNa86-1no,Bhai teri aavaj mehi scheme najar aata he I hate this voice,0,2025-07-27T02:03:46Z
ZTNNa86-1no,"American= Tesla
Indian=Verna
😅😅😅😅😅😅😂😂",1,2025-07-27T01:43:00Z
ZTNNa86-1no,Tesla=JUNK 🏳️‍🌈,0,2025-07-26T18:47:19Z
ZTNNa86-1no,Modified verna😒,0,2025-07-26T18:35:29Z
ZTNNa86-1no,Bhai Hyundai Verna se resemblance hai😅,0,2025-07-26T18:33:50Z
ZTNNa86-1no,"And we thought people buy tesla for autopilot !
Tesla's autopilot may run on Mars but not in Indian road 😂",0,2025-07-26T18:16:34Z
ZTNNa86-1no,"Car model kya hai...??
Price kyaa hai...?",0,2025-07-26T18:03:51Z
ZTNNa86-1no,Promotion kar Raha hai Tesla kaa,0,2025-07-26T17:23:46Z
ZTNNa86-1no,Ge hekya,0,2025-07-26T17:18:12Z
ZTNNa86-1no,"Tesla ❌
Verna ✅
😂😂",1,2025-07-26T17:08:12Z
ZTNNa86-1no,Bhai isko himachal ki road pe chalao to mame 😊,0,2025-07-26T16:49:45Z
ZTNNa86-1no,Agar kisi ne phone chura liya to😂😂,0,2025-07-26T15:33:34Z
ZTNNa86-1no,Ek comparison to bnta h tata vs tesla,0,2025-07-26T15:26:53Z
Xgw9vIametw,"Get on a call with our Auto-Experts for the best car recommendations that suit your requirements. https:// motoroctane.com/car-consultancy

For faster communication drop a ""hi"" on this WhatsApp link https://wa.me/918779952811

Click on this link to download the app MotorOctane app https://cutt.ly/Aev7p5GP",22,2025-07-31T06:50:39Z
Xgw9vIametw,Bro paise nahi.. iske liye Rupey bhi kum pdenge😂😂,0,2026-04-24T18:41:00Z
Xgw9vIametw,Windsor Essence Ev Pro covers more than tesla with MG brand,0,2026-04-12T08:06:15Z
Xgw9vIametw,"Man, this car literally costs double the US price while we have lower wages

It's the same for even the most entry level basic laptops from asus, Dell, Hp,etc. where they price it like 2000 usd in Developing nations but sell their premium lineups for much cheaper in the USA 

The developing world is so deflating as a consumer it's unreal like we have got the lowest wages but with the highest tariffs and retail prices for goods",0,2026-02-25T15:26:36Z
Xgw9vIametw,Bhai sastey mai lifetime 15 saal unlimited km warranty mil rahi hai to mehnge mai matre 160000km ki warranty kyo le Yeh batao pehle,0,2026-02-24T20:09:36Z
Xgw9vIametw,Bhai sahab modernisation aur tesla ke Naam par ek hi baat bolunga bilkul bakwas interear,0,2026-02-24T20:03:04Z
Xgw9vIametw,I am Punjabi living in Canada to be honest very few people like Tesla. It’s unnecessary expensive cars. One has no quality interior. No high finishes just electric robotic car.,0,2026-02-18T02:25:04Z
Xgw9vIametw,Bhai agar yah bhi Bata dete Na kis Ko kaise chalate Hain Na to pakka mein khareed leta agar tum yah bata de de to use kaise chalate hain light kaise on karte hain aur bahut kuchh matlab driving ke liye sari chijen Bata Dena to bahut achcha hota❤❤❤❤🎉🎉,0,2026-02-02T05:25:01Z
Xgw9vIametw,❤,0,2026-01-31T17:21:30Z
Xgw9vIametw,Blue tesla,0,2026-01-23T07:14:02Z
Xgw9vIametw,Gadi bani hai for better aerodynamic,0,2026-01-06T13:31:09Z
Xgw9vIametw,Muted review on purpose so as to not overshadow the channel sponsor Mahindra.,0,2026-01-05T10:32:07Z
Xgw9vIametw,100 % tax for import.Insanse tax imposition.Bad government decision.,0,2025-12-26T14:21:35Z
Xgw9vIametw,BHAI YE CAR HAI PAISA BARBAD HAI HA FEATURES BHUT HAI LEKUN INDIAN KE PAAS INTE PIASE AUR 5 SETER BAKWAS,0,2025-12-21T15:33:03Z
Xgw9vIametw,"I don't know about others, but to me this car feels overrated",1,2025-11-25T19:51:06Z
Xgw9vIametw,Mahindra xev9e and bs6 ev are far more batter then Tesla,0,2025-11-21T05:31:42Z
Xgw9vIametw,Ret,0,2025-11-20T00:55:53Z
Xgw9vIametw,"If you compare them, MG Windsor Pro is a very good car coming to India, Tesla is very expensive.",0,2025-11-19T19:34:49Z
Xgw9vIametw,Sab kuch better arodymanics are yaar,0,2025-11-10T18:59:40Z
Xgw9vIametw,This car price is the examples of ego clash between gatkari ji and Elon musk and people are paying 30 lakh penalty for that 😢,0,2025-11-04T05:34:20Z
Xgw9vIametw,First time detailed review and less drama I really like the review and the video,0,2025-11-03T15:42:59Z
Xgw9vIametw,best car hands down....,0,2025-10-30T16:52:13Z
Xgw9vIametw,Isse acchi toh BE 6 HAI.,1,2025-10-28T15:26:49Z
Xgw9vIametw,600+ kms? Where is the range test? This is just a click bait,0,2025-10-27T11:51:06Z
Xgw9vIametw,Mast h ❤❤❤,0,2025-10-23T20:48:00Z
Xgw9vIametw,Faltu ki car hai,0,2025-10-08T22:08:31Z
Xgw9vIametw,Kuch v bolo speedometer dena chaheya tha steering k samnay. Kuch Khali Khali lagta hai.,0,2025-10-01T02:49:56Z
Xgw9vIametw,This video is made for better aerodynamics 😂😂😂😂,1,2025-09-30T09:12:02Z
Xgw9vIametw,Is fsd available in Tesla India?,0,2025-09-30T09:04:08Z
Xgw9vIametw,Price double for better aero dynamics,0,2025-09-28T05:03:43Z
Xgw9vIametw,This car is made for better aerodynamic,0,2025-09-14T14:33:15Z
Xgw9vIametw,"If it's under 20 lakh.
It will get lot of attention",0,2025-09-10T13:00:07Z
Xgw9vIametw,Oh hell naw no tesla. Promote indian electric brands,0,2025-09-09T08:48:44Z
Xgw9vIametw,Sab thik hai lekin isaka design xcent jaisa kyu lag raha hai 😂,1,2025-09-07T15:24:53Z
Xgw9vIametw,"India mei charging station nhi hai ,or electricity problem metro city chorke hr jgh h to ,ev car jyda time tk nhi chlega,ye successful nhi ho pyga ,india market m",0,2025-08-27T15:44:02Z
Xgw9vIametw,Best car loan is bank of india.,0,2025-08-24T14:47:45Z
Xgw9vIametw,Honda city hybrid is best,0,2025-08-24T02:43:26Z
Xgw9vIametw,Tesla is legend,0,2025-08-23T10:02:22Z
Xgw9vIametw,Tesla ✔️ others ❌,0,2025-08-23T09:51:19Z
Xgw9vIametw,It's feeling like shifting android phone to iphone,0,2025-08-21T08:27:23Z
Xgw9vIametw,"Indian car companies would charge crores if they make such cars, 70 lakhs is after duties if the duties were off this would be just 35 lakhs with so much premium features, the Indian Govt and companies loots us to the extreme",0,2025-08-18T05:40:37Z
Xgw9vIametw,Abe ye to verna hai😂😂,0,2025-08-17T17:10:23Z
Xgw9vIametw,"Basically if your touch screen is dead, you have an unusable car😂",8,2025-08-17T10:36:15Z
Xgw9vIametw,itna costly hai ye gadi .......zindagi bhar v agar diesel gadi chalu to v ye prize justify nhi hoga......,0,2025-08-17T08:11:22Z
Xgw9vIametw,Fun fact this is the highest selling model of any car brand in the world.,0,2025-08-17T04:05:03Z
Xgw9vIametw,I prefer the Car loan financer with better aerodynamics...😊,0,2025-08-17T02:56:13Z
Xgw9vIametw,"Verna तो एक मजाक है 
Real electric ट्यूबलाइट तो इधर है 😅",0,2025-08-14T14:02:06Z
Xgw9vIametw,Me to apni desh ki san or man TATA and mahindra ko hi janta hu baki sob bekar hai,0,2025-08-14T07:14:47Z
Xgw9vIametw,It cannot handle Indian potholes,0,2025-08-13T16:26:33Z
Xgw9vIametw,Do we really need to waste our watching this so called Tesla our home cars are much better then this.,0,2025-08-12T19:21:14Z
Xgw9vIametw,Bhai 78 lakhs ki E class mil jaye gi 😅,0,2025-08-12T17:50:53Z
Xgw9vIametw,Fog me helpful h ye screen showing clearly objects👍,1,2025-08-12T14:39:16Z
Xgw9vIametw,Buy desi guys,0,2025-08-12T07:37:26Z
Xgw9vIametw,"Ti
Ago in price of fortuner",0,2025-08-12T06:08:05Z
Xgw9vIametw,"Kotak bank 

For better aerodynamic 😂",0,2025-08-12T04:18:27Z
Xgw9vIametw,This review has been done......for better aerodynamics 😂😂,0,2025-08-12T04:13:17Z
Xgw9vIametw,"I would never trust a car that is under complete digital control and no physical buttons. If the digital system breaks down, i’m done, completely helpless is extreme situations.",0,2025-08-12T02:44:52Z
Xgw9vIametw,"I’ve been driving Model Y long range AWD in the US for 2 years now, and the drive experience has been exceptional. Especially the FSD. I had the same concern about no buttons initially, but now that I’m used to it, it’s like handing a mobile phone. 

You mentioned no regen ? Any reason why no regen in India models?",0,2025-08-11T23:50:43Z
Xgw9vIametw,Nice,0,2025-08-11T17:13:36Z
Xgw9vIametw,"I have been driving a Tesla Model Y Juniper in the US for three months. Some people are comparing it to Verna. The Tesla Model Y Juniper is excellent. Full self-driving is a game changer. At 70 lakhs, it's expensive even in the US.",1,2025-08-11T07:56:45Z
Xgw9vIametw,ground clearance is the biggest issue in India. Government needs to work on it.,0,2025-08-11T05:15:32Z
Xgw9vIametw,bakwas car,0,2025-08-11T03:21:59Z
Xgw9vIametw,Remove Tesla Logo and it will look cheaper than Dizzier,0,2025-08-10T17:33:01Z
Xgw9vIametw,"Tesla Car review ❌, Aero-Dynamic review✅",0,2025-08-10T16:59:09Z
Xgw9vIametw,Price around 60 lakhs for better aerodynamics,0,2025-08-10T16:44:27Z
Xgw9vIametw,Tesla does not look value for money and it looks like a cheap product too,0,2025-08-10T13:58:41Z
Xgw9vIametw,Looks like cheap Verna 🧐🧐🧐..... I support BYD and Mahindra Evs,2,2025-08-10T06:08:57Z
Xgw9vIametw,Only Made in India will be supported by Indians.🇮🇳🇮🇳🇮🇳,1,2025-08-10T05:09:01Z
Xgw9vIametw,Doubt anyone will buy it,0,2025-08-09T23:29:22Z
Xgw9vIametw,Same hundai Sedan,0,2025-08-09T10:21:47Z
Xgw9vIametw,"Car is awsome no doubt, but, Utne paise hi nahi hai kharidne ke 😂",1,2025-08-09T05:58:29Z
Xgw9vIametw,"Dogs roof pe cadh k khele,
to scratch ayga kya?",0,2025-08-09T05:58:12Z
Xgw9vIametw,No super charging network right? Driving Tesla not having Tesla supercharging network is not using their tech but paying for it. I wouldn't buy unless I know I can plan my charging with Tesla supercharging networks,0,2025-08-08T10:04:34Z
Xgw9vIametw,Everything is for Better aerodynamics & isolation 😂😂😂,1,2025-08-08T09:38:28Z
Xgw9vIametw,"Maruti: We have Mileage.🚘
TATA: We have 5 star Ratings. ✔💯
Mahindra: We know  the  Indian Roads. 🇮🇳
Toyota: Smiling at the Corner..😄",2,2025-08-08T06:04:56Z
Xgw9vIametw,Indians ko pasand nahi aayegi tesla … itna minimalist …. Itna bhi pasand ni humko …. Soulless car ….,0,2025-08-08T05:33:37Z
Xgw9vIametw,Wrong timing..!,0,2025-08-07T18:47:28Z
Xgw9vIametw,"Actually What u suggesting ki hmm 70L ki mobile app baali gaadi le le....
Why don't we give preference to our Indian cars?",0,2025-08-07T17:20:16Z
Xgw9vIametw,We need physical buttons,0,2025-08-07T16:31:39Z
Xgw9vIametw,Is paise se koi sports car nahi lega 😂😂,0,2025-08-07T15:37:50Z
Xgw9vIametw,We don't want tesla.our indian ev enough for us.,0,2025-08-07T14:35:07Z
Xgw9vIametw,"they messed up the front fassad , i would have liked the model 3 or the old model y,",0,2025-08-07T09:10:22Z
Xgw9vIametw,7:20 when you honk it saves the footage. The dash cam is always active.,1,2025-08-07T04:47:49Z
Xgw9vIametw,Hamare Thane City ke Ghodbunder road pe chalega kya?....,0,2025-08-07T04:14:41Z
Xgw9vIametw,even if this lizard looking car would have came at 30 lakhs i would have opted for Mahindra,0,2025-08-06T16:26:33Z
Xgw9vIametw,They are late. They were waiting for byd and Indian brands to test ev market but that market is captured now.,0,2025-08-06T13:46:29Z
Xgw9vIametw,Is it car review or touchscreen review.....looks like a toy car,0,2025-08-06T12:42:08Z
Xgw9vIametw,Dibba hai ye to,0,2025-08-06T12:07:06Z
Xgw9vIametw,For better aerodynamics kuch bhi 1:37,1,2025-08-06T10:50:54Z
Xgw9vIametw,No to american rachit please make disclamir on the thungs tgey have done erong,0,2025-08-06T08:49:00Z
Xgw9vIametw,Why there is no tesla logo on steering wheel front and rear😂,0,2025-08-06T07:43:53Z
Xgw9vIametw,1:14  Bro car's weight is about 2000 kg and You say glass weight is 9000 kg 💀,0,2025-08-06T07:38:44Z
Xgw9vIametw,"I will never buy Tesla
1. Gears at top
2. Need to explore display for any function. Will not explore half of the features
3. Imagine the display breaks or malfunction. Gone.
4. Can't integrate Android Auto
5. Exorbitantly priced.",0,2025-08-06T02:13:24Z
Xgw9vIametw,I live in europe so horn and dashcam make sense here. but not in india where every other sec is honking.,0,2025-08-06T00:20:54Z
Xgw9vIametw,I would prefer Nexon EV.,0,2025-08-05T23:21:08Z
Xgw9vIametw,"If tesla can give all these features in just 32 lakh INR then why indian automotive brands do so much cost cutting.
Tesla is definitely value for money car, although the prices are very high in india due to high import  duties.
I hope they will manufacture in india soon and give competition to indian brands and push them to innovate.",7,2025-08-05T17:14:26Z
Xgw9vIametw,Kya desh ke sarkaar hai daam se kadha text,0,2025-08-05T14:21:03Z
Xgw9vIametw,"Good UI.. Bad UX... very... very bad UX, just to prove a point.",0,2025-08-05T07:41:55Z
Xgw9vIametw,Video is all about....aerodynamics😂,0,2025-08-05T06:54:22Z
Xgw9vIametw,lot of tax in india... actual price is just 50% on whats it been priced. anyway thanks.,0,2025-08-05T05:41:21Z
Xgw9vIametw,60-65 lakh dekar power bank khareedne mai koi matlab nai hai.,0,2025-08-05T01:41:30Z
Xgw9vIametw,Ye gadi gdaa aanese pehale btayegi kiya? Bhart me gdha bohot he na esliye mera bhart mhan bhart vishwa guru he!,0,2025-08-05T00:46:38Z
Xgw9vIametw,Fortuner + Ek thar aa jayegi itne m,1,2025-08-04T22:19:40Z
Xgw9vIametw,Yey car hey ki phone hey,0,2025-08-04T19:08:33Z
Xgw9vIametw,Tasla nahi harrier ev chahiye,0,2025-08-04T15:46:31Z
Xgw9vIametw,17:58  * Navi Mumbai municipal corporation*,0,2025-08-04T13:34:52Z
Xgw9vIametw,You can buy two top end harriers for this price 😅,0,2025-08-04T13:19:10Z
Xgw9vIametw,Not suitable for Indian condition an problem for cabin switches,0,2025-08-04T11:21:45Z
Xgw9vIametw,I feel Indians prefer buttons than everything on one device,0,2025-08-04T10:17:24Z
Xgw9vIametw,"When hyundai made Verna everyone said Tubelight..... And when Tesla did ""sleek headlight"" 🤡🤡🤡🤡",0,2025-08-04T08:46:20Z
Xgw9vIametw,people are happy because tesla came to India but they did not know this is the base model of tesla introduced the car in India which was selling at a price of top model in USA. I know the tax regulations but at least youtubers can mention these things to promote our locals.,0,2025-08-04T06:15:19Z
Xgw9vIametw,Dnt buy any American brands. Support Indian brands,1,2025-08-04T04:44:53Z
Xgw9vIametw,Suv?????,0,2025-08-04T03:31:18Z
Xgw9vIametw,This Car cost 💰 some people's whole life earned money 🙏🏻,0,2025-08-03T20:39:23Z
Xgw9vIametw,Indian Govt. 💩 is levying too much tax 🫰 on this vehicle.. for better aerodynamics 💨 🥲,0,2025-08-03T18:54:41Z
Xgw9vIametw,I will better buy sealion 7,1,2025-08-03T18:44:55Z
Xgw9vIametw,1 tesla❌ 😏= 2 Mahindra BE9E or 6E👌 ✅,0,2025-08-03T17:35:59Z
Xgw9vIametw,"With that ground clearance, this car would struggle in most Indian cities. Even 177mm ground clearance isn't enough. Imagine driving a stretched csr with 167 mm.",0,2025-08-03T16:52:44Z
Xgw9vIametw,"im sorry, hyundai verna. you look good.",0,2025-08-03T16:42:43Z
Xgw9vIametw,Nice 👍,0,2025-08-03T16:04:38Z
Xgw9vIametw,"Mahendra ,TATA & BYD are better than Tesla.....",0,2025-08-03T15:08:13Z
Xgw9vIametw,I support my indian solid brands ❤❤not support these kachra vehicles 😅😅😅ye bechare youtubers majboori me bakchodi karte hai 😅😅😅,1,2025-08-03T14:28:18Z
Xgw9vIametw,I think a 163 mm car should not be called an SUV,0,2025-08-03T13:26:13Z
Xgw9vIametw,"Cost - 50 lakh , for better aerodynamics? 😅",0,2025-08-03T11:59:56Z
Xgw9vIametw,"will wait for Maha  comparison video - Tesla Y, BYD Sealion 7, Kia EV 6, Hyundai ionic 6",5,2025-08-03T08:13:53Z
Xgw9vIametw,Please make a video on actual km range test and drive on hills,0,2025-08-03T08:10:39Z
Xgw9vIametw,Isse wahiyaat gaadi nii deka,0,2025-08-03T08:10:32Z
Xgw9vIametw,Bittu coupler to coupler ke pass lejaob karol bagha me original se accha kaam krke dega,0,2025-08-03T07:23:45Z
Xgw9vIametw,What about Tesla charging infrastructure?,0,2025-08-03T07:07:42Z
Xgw9vIametw,8:31 lol😂😂😂😂😂,4,2025-08-03T06:41:43Z
Xgw9vIametw,Everthing is done for better aerodynamic 😅,0,2025-08-03T06:41:11Z
Xgw9vIametw,Booked toyata land cruiser monday,0,2025-08-03T06:40:18Z
Xgw9vIametw,I still support petrol diseal,0,2025-08-03T06:32:09Z
Xgw9vIametw,"I clicked the like button for the MOTOR OCTAN team 😇, not for Tesla EV. IC engines are evergreen.",0,2025-08-03T06:29:41Z
Xgw9vIametw,Mahindra Ev  and Tata Harrier EV More Attractive and value for money ❤❤❤❤,0,2025-08-03T06:24:22Z
Xgw9vIametw,Jaldi waha se hato😂😂😂,0,2025-08-03T05:00:35Z
Xgw9vIametw,Veer ji India with heating Sita da ki karenge,0,2025-08-03T03:34:52Z
Xgw9vIametw,Best engineering and technology,1,2025-08-03T02:12:41Z
Xgw9vIametw,BYD best EV and technology car 👍💪❤️,1,2025-08-02T21:54:47Z
Xgw9vIametw,Let me expose his location he is in sanpada navi nerul and sewood dont beleive then see google earth,0,2025-08-02T20:33:03Z
Xgw9vIametw,Now i can peacefully buy verna 😂😂,1,2025-08-02T20:09:18Z
Xgw9vIametw,They missed to put steering wheel on the screen!,2,2025-08-02T19:04:45Z
Xgw9vIametw,I support Tata and Mahindra,0,2025-08-02T18:17:23Z
Xgw9vIametw,Front design is booring,0,2025-08-02T18:10:39Z
Xgw9vIametw,Bha tum phela  price batakei car ki dricption batavo..😅😅😅 khali time waste ho gaya 😅😅😅,1,2025-08-02T18:03:51Z
Xgw9vIametw,"FWD or RWD 
Which one is better ?",0,2025-08-02T16:22:08Z
Xgw9vIametw,overpriced should be around below 30L,0,2025-08-02T16:07:45Z
Xgw9vIametw,Review to aise dekha maine jaise khareedne wala he hu🤭,2,2025-08-02T15:37:29Z
Xgw9vIametw,Double Rate mein koi nahi kharidega bakwas car hai indian brand ko support karo,0,2025-08-02T14:30:24Z
Xgw9vIametw,"Has anyone noticed why people love Tesla? Unlike other brands, Tesla doesn't reduce features—like speakers, infotainment screen size, or tire size—when changing variants. Most other manufacturers cut down features in every possible way across lower trims",17,2025-08-02T14:17:13Z
Xgw9vIametw,Over engineered cars have never been successful in india.,0,2025-08-02T14:16:12Z
Xgw9vIametw,"Compare it with other prominent EVs, especially with Indian EVs.",0,2025-08-02T13:42:13Z
Xgw9vIametw,Indians be like - vo yar chapri features kaha hai? like disco lighting etc.,0,2025-08-02T10:39:40Z
Xgw9vIametw,Batter ke Liya Kitna Mila Alon Se😂,0,2025-08-02T10:15:53Z
Xgw9vIametw,"बकवास....Dabba , don't buy",0,2025-08-02T09:52:26Z
Xgw9vIametw,"Ye hai wo hai, for better aerodynamics 😂",2,2025-08-02T09:45:35Z
Xgw9vIametw,Willing to spend more money for buttons now. I loathe this minimalistic design where everything is there in a fking touchscreen.,0,2025-08-02T08:55:58Z
Xgw9vIametw,Tesla कम Verna ज्यादा लग रह है 😅😅😅😅,0,2025-08-02T08:48:16Z
Xgw9vIametw,Jo gadha hoga usko kharidega..,1,2025-08-02T07:07:24Z
Xgw9vIametw,I support Mahindra BE 6,0,2025-08-02T07:04:22Z
Xgw9vIametw,"Not Impressed by everything on the screen, made it harder and unneccessary.
Even looks wise not so great",0,2025-08-02T06:51:02Z
Xgw9vIametw,"Video - Tesla
Ad - Triber 😂",0,2025-08-02T06:07:19Z
Xgw9vIametw,"Teasla ka video laga rakha hai, triber k add ne aukat dikha di 😂😂",0,2025-08-02T05:29:20Z
Xgw9vIametw,It's more of a sedan than an SUV.,1,2025-08-02T05:02:10Z
Xgw9vIametw,it looks boring,0,2025-08-02T04:48:55Z
Xgw9vIametw,After that tarrif things I support indian EVs specially harrier ev,0,2025-08-02T04:22:14Z
Xgw9vIametw,X YZ sab bekar😅😅😅,0,2025-08-02T04:16:01Z
Xgw9vIametw,"Koe kuch bhi bole..... Mere papa jabse tesla aya hai.... Tab se tesla cars ke fan hai... 

He will going to book next  month",0,2025-08-02T04:12:20Z
Xgw9vIametw,Koi bewakoof hi hoga jo 24 lakh ki gadi 53 lakh mein lega. Sirf 29 lakh import Tax.😂😂,0,2025-08-02T03:47:09Z
Xgw9vIametw,Please make a detailed video on Altroz,0,2025-08-02T03:44:40Z
Xgw9vIametw,"Bohot saare thoughtful features hai, the biggest issue I have with the Tesla is ke sab kuch screen pe hai. Aap ko road pe se aankhe hatani padegi for it. And Indian roads ke liye it might not work so well. Traffic is a nightmare, even on highways. road conditions bhi kharab hai, toh the more time you have your eyes on the road, the better.",0,2025-08-02T03:16:07Z
Xgw9vIametw,Jaldi wanha se hato….😂😂🤣🤣,0,2025-08-02T03:06:31Z
Xgw9vIametw,I bought a Tesla Model Y Long Range in June and its an amazing car and I tried the full self drive Its the bestttt thing for long trips. Never going back to ICE again!!! Loved your review.,8,2025-08-02T02:32:20Z
Xgw9vIametw,Price 60 - 70 lakh for better aerodynamics,0,2025-08-02T02:26:25Z
Xgw9vIametw,"Kitni highup ho rhi ,hamri indian caro me koi kami hai 😊",0,2025-08-02T02:01:10Z
Xgw9vIametw,This is called a futuristic car,1,2025-08-01T21:04:31Z
Xgw9vIametw,for some reason it looks very bland! maza nahi aaya. even Rachit seems not convinced.,0,2025-08-01T20:32:39Z
Xgw9vIametw,"Without buttons, with only touch controls this car is a waste.",0,2025-08-01T20:14:36Z
Xgw9vIametw,Sir aug lunch video,0,2025-08-01T19:50:22Z
Xgw9vIametw,Tesla 🤮,0,2025-08-01T19:36:55Z
Xgw9vIametw,I think not worth it.!,0,2025-08-01T19:29:29Z
Xgw9vIametw,Chrome alloy wheels laga sakta he kaya😅,0,2025-08-01T18:52:27Z
Xgw9vIametw,Upcoming cars pe video bnao bhai,0,2025-08-01T18:26:43Z
Xgw9vIametw,He chose the day when there is no sunlight so that to save the DRAWBACK. Gadi k uper shishe india me work nhi krenge,0,2025-08-01T17:58:21Z
Xgw9vIametw,Jaldi wahase hato 😂😂,0,2025-08-01T17:51:27Z
Xgw9vIametw,Kitne ka cheque mila 😅,0,2025-08-01T17:32:19Z
Xgw9vIametw,In China the price is around 31 to 32 lacs 😂😂😢.,0,2025-08-01T17:12:19Z
Xgw9vIametw,B.e Mahindra best car😉,0,2025-08-01T17:07:28Z
Xgw9vIametw,"Most detailed review but didn’t test the speakers 
Classic motor octane 🙄🙄",1,2025-08-01T17:06:27Z
Xgw9vIametw,"Gaadi me 4 tire h for better aerodynamics
Gaadi me badi battery h for better aerodynamics 
Gaadi me badiya AC h for better.........",1,2025-08-01T16:32:27Z
Xgw9vIametw,"We are all Operations Sindur, we support Bharat 🇮🇳. We love Tata and Mahindra❤❤",3,2025-08-01T16:23:00Z
Xgw9vIametw,"71 lakhs
Itne me to 3 harrier ev aa jayegi base model",0,2025-08-01T16:17:35Z
Xgw9vIametw,Who would buy it😂,0,2025-08-01T16:11:23Z
Xgw9vIametw,Mahindra XEV 9E all the way,0,2025-08-01T16:05:34Z
Xgw9vIametw,Jaldi waha se hatao😂😂,0,2025-08-01T14:54:29Z
Xgw9vIametw,Sahab itni bdii screen de hi di hai to ek keyboard aur mouse bhi de dete,0,2025-08-01T14:26:13Z
Xgw9vIametw,0:15 Verna Electric Premium Edition,40,2025-08-01T11:55:30Z
Xgw9vIametw,"अब hyundai Varna Convert In Tesla 😂😂

करोलबाग जिंदाबाद",0,2025-08-01T11:35:15Z
Xgw9vIametw,"Soon we will be going to see a comparison video, BYD vs tesla vs Tata vs Mahindra 😎",0,2025-08-01T11:10:35Z
Xgw9vIametw,verna model Y,1,2025-08-01T11:01:40Z
Xgw9vIametw,This video is made for better aerodynamics,0,2025-08-01T10:47:48Z
Xgw9vIametw,car is completely old tech whereas mahindra and tata giving tesla its aged feel in half the cost,0,2025-08-01T10:22:27Z
Xgw9vIametw,Ban US products as Trump is banning india,0,2025-08-01T10:06:48Z
Xgw9vIametw,Not a honest review.,0,2025-08-01T09:25:15Z
Xgw9vIametw,i feel this is too overengineered for indian roads,0,2025-08-01T09:22:42Z
Xgw9vIametw,Boring,0,2025-08-01T09:13:59Z
Xgw9vIametw,"This Model Y sells for half the price overseas and still feels cheaply made for that price. Definitely not worth the cost in India, except for those who want to show off.",0,2025-08-01T08:58:22Z
Xgw9vIametw,8:30 😅😅😅,0,2025-08-01T08:40:38Z
Xgw9vIametw,I will choose mahindra 9e over this,0,2025-08-01T08:38:06Z
Xgw9vIametw,No to Trumph and No to American brand.,0,2025-08-01T08:21:08Z
Xgw9vIametw,"India mein itna time agar touchscreen se khelne mein lagayenge toh peech wale horn maar maar ke pagal kardenge. yahan family mein glove box itna use hota hai ki do touch screen dena padega. warna wife gana change karegi ya mein fog lamp ki light, accident prone car hai yeh.
Hope Indian manufacturers adds some feature like sentry, back seat screen, good aerodynamics, cool+heat seats, steering adjustment (light+heavy), triple glazed glass etc instead of gimmicky features like HUD. Tesla should have given air suspension in India would have been very nice and practical.",0,2025-08-01T07:58:56Z
Xgw9vIametw,"It looks ao mid man , like a Verna.

Harrier ev and Mahindra looks so much better.",0,2025-08-01T07:32:56Z
Xgw9vIametw,Varna 😂,0,2025-08-01T07:07:28Z
Xgw9vIametw,Mahindra XEV 9E eats Tesla for breakfast in India!,0,2025-08-01T07:01:24Z
Xgw9vIametw,"Rachit bhai after every two minute's - ""for better aerodynamics"" 😂😂",72,2025-08-01T06:50:58Z
Xgw9vIametw,BOYCOTT TESLA BOYCOTT US PRODUCTS!!!,0,2025-08-01T05:51:53Z
Xgw9vIametw,So many features 😮😮😮.. But still Gay 🗿,0,2025-08-01T05:51:33Z
Xgw9vIametw,Bla bla bla for Better Aerodynamics 🤡,0,2025-08-01T05:42:51Z
Xgw9vIametw,Karolbagh se woofer lagwa sakte hain kyaaa?,19,2025-08-01T05:28:40Z
Xgw9vIametw,Cng mein available hain kya?,0,2025-08-01T05:25:31Z
Xgw9vIametw,Tata se best koi nhi,0,2025-08-01T05:00:10Z
Xgw9vIametw,VERNA PETROL LEY LO 20L KI AUR 40 L KA KITNA PETROL BARO GEY,0,2025-08-01T04:47:35Z
Xgw9vIametw,All for better Aerodynamics 👍😭,1,2025-08-01T04:26:59Z
Xgw9vIametw,Still alto is better anyway😅,1,2025-08-01T03:56:16Z
Xgw9vIametw,We have dead economy hence we wont buy it but will buy land rovers😊,1,2025-08-01T03:25:35Z
Xgw9vIametw,"System ekdam bakwas, bahut sa luk function use krne nahi aaega, price too high. Indian brand ok like mahindra and tata.",0,2025-08-01T03:23:26Z
Xgw9vIametw,Machis ki dibbi lgg rhi...😂😂,0,2025-08-01T03:15:45Z
Xgw9vIametw,"I don't think there are proper roads in India to drive this beauty.  Potholes will cripple the car and then pay more taxes to govt on procurement of spares.  Let alone buying the car at  price higher than us and get infrastructure of south Sudan.Beautiful car, great technology,  Admiration for Elon on developing such a car, however a wrong nation to have it.",0,2025-08-01T03:05:50Z
Xgw9vIametw,"Bhai sidha bolo ki india mein road pe ch..... Bahut hai, auto pilot kaam na karega",0,2025-08-01T03:03:44Z
Xgw9vIametw,Not worth... Let it go back to America who charges 25% tariff and sleeps with pakistan!,0,2025-08-01T02:55:24Z
Xgw9vIametw,"22:37 57L may 525bhp 690Nm torque ke muqable sirf 346bhp 590Nm 75L mein.
Its a no contest!!",0,2025-08-01T02:50:21Z
Xgw9vIametw,Bhai itna mein do mahindra xev 9 le lunga,0,2025-08-01T02:44:05Z
Xgw9vIametw,Are you using rayban meta?,0,2025-08-01T02:40:35Z
Xgw9vIametw,"those who cant build a powerful engine focuses more on aerodynamics 
bmw🥰",0,2025-08-01T02:22:59Z
Xgw9vIametw,Yeah car cost 30 lakh and tax on it is 30 lakh🤣🤣🤣,0,2025-08-01T01:48:21Z
Xgw9vIametw,Please karol bagh mai esk sab parts available hai 😅😅,0,2025-08-01T01:23:55Z
Xgw9vIametw,"Worth it ? Ye kaisa title hai , America ka per capita income india se 10 guna jyda hai , phir v iska price waha india se adha hai , (whatever the reason) , isme to koi question hona hee nhi chahiye ki worth it hai ya nhi , Tesla ko sahi me car bechne ka man hota to wo manufacturing krte india me , aaram se Inka gadi 2 se 3 hazar touch kr jata har mahine plus south asia me export v krte lekin as usual elon musk ko tax chori krne ka aadat ban gya hai jo ki yha is krne nhi dia gya ,",0,2025-08-01T01:08:55Z
Xgw9vIametw,"50 percent is GST, what a loot.",0,2025-07-31T21:47:39Z
Xgw9vIametw,Cars ka iphone basically,0,2025-07-31T20:34:26Z
Xgw9vIametw,Isse better safari hai,0,2025-07-31T19:58:32Z
Xgw9vIametw,Matlab Glass tutaa to insaan lutaa 😂 itna costly padenge iske glaas😂,0,2025-07-31T19:52:32Z
Xgw9vIametw,Iska price main 3 Harrier aa jayega.,0,2025-07-31T19:43:51Z
Xgw9vIametw,Copy lagta kisi or car ki,0,2025-07-31T19:38:54Z
Xgw9vIametw,boycott America for its cheap remarks on india shame on trump,0,2025-07-31T19:28:51Z
Xgw9vIametw,Best video of this channel so far. Everything has gone even more up a notch.,0,2025-07-31T19:27:04Z
Xgw9vIametw,Isse Acah toh mai ek maruti 800 luu or ek ipad and dono ko combine kar deta hu  became = tesla,0,2025-07-31T19:23:24Z
Xgw9vIametw,Minimal minimalist bool kar kuch bhi nhi dee rahe h,0,2025-07-31T19:22:10Z
Xgw9vIametw,Stearing wheel ka bhe control display me de dete to or bhe minimalist hojati😂 ye ek muzak tha,0,2025-07-31T19:20:57Z
Xgw9vIametw,"Bro what a piece of shit is this # no interiors and exteriors ( design) 
Rather than this I would choose mahindra",0,2025-07-31T19:19:43Z
Xgw9vIametw,"I like my physical tactile buttons better. Thanks but no thanks tesla 🙏🏻
This just seems such a disaster",0,2025-07-31T19:11:46Z
Xgw9vIametw,"Harrier, XEV 9e and BE 6 are more good than this ❤🇮🇳",0,2025-07-31T19:03:36Z
Xgw9vIametw,Amazing and premium car,0,2025-07-31T18:59:37Z
Xgw9vIametw,"Tata and Mahindra should introduce sentry cam like feature, just use the 360 cams for recording as well, gives them more functionality",0,2025-07-31T18:38:01Z
Xgw9vIametw,it would definitely sell well if it came at it's original price of 28L.,7,2025-07-31T18:29:54Z
Xgw9vIametw,Harrier EV🎉🎉🎉,1,2025-07-31T18:25:16Z
Xgw9vIametw,"Name - Tesla Model Y
Disadvantages 
1.Overpriced
2.low ground clearance 
3. Too much Tech we indians prefer physical buttons rather than a whole ipad on dashboard
4. Placement of gear shifts on roof 
5. Front sensors not available",77,2025-07-31T18:21:12Z
Xgw9vIametw,"INDIAN'S PLEASE DON'T PROMOTE TESLA BECAUSE AMERICAN PRESIDENT SAYS AND INSULTS INDIAN'S AND OUR ECONOMY OPENLY ON WORLD FORUM. 
DON'T BE SHAMELESS AND BOYCOTT TESLA CAR, SATELLITE MOBILE AND ALL AMERICAN PRODUCTS IMMEDIATELY. 
BE A PATRIOTIC AND PROMOTE MAHINDRA,  TATA AND EVEN HYUNDAI AS FAR AS POSSIBLE.",0,2025-07-31T18:05:48Z
Xgw9vIametw,Byd much better option to be honest ...,0,2025-07-31T17:58:59Z
Xgw9vIametw,Price Jyda Hai for better aerodynamics😂😂,0,2025-07-31T17:57:37Z
Xgw9vIametw,Bhai sach bolu toh Maja nahi aaya.. dikhne me 12-15 lakh ki lag ragi he.. agar itna paisa de raha hu toh wo dikhna bhi chahiye..,0,2025-07-31T17:57:30Z
Xgw9vIametw,Very nice video bahi ❤❤,0,2025-07-31T17:54:52Z
Xgw9vIametw,Glass kittna bi hard ho ek sharp nok se brack ho sakta hai all glass,0,2025-07-31T17:50:07Z
Xgw9vIametw,"Imagine tesla cloud computing in Indian roads
After learning from Indian drivers and apply this on Western roads 
This will be epic",2,2025-07-31T17:48:42Z
Xgw9vIametw,AC is amazingly designed but prone to our dusting conditions.,0,2025-07-31T17:30:49Z
Xgw9vIametw,I feel tesla is over rated,1,2025-07-31T17:21:05Z
Xgw9vIametw,Y ❌ why ✅,1,2025-07-31T17:19:56Z
Xgw9vIametw,Honda ki copy ki hain tesla ne,0,2025-07-31T17:18:04Z
Xgw9vIametw,Model why? Ironical stuff,0,2025-07-31T17:17:49Z
Xgw9vIametw,1 request sir.... Harrier vs XEV 6E vs XEV 9E vs Tesla maha comparison 😊,0,2025-07-31T17:15:20Z
Xgw9vIametw,My Cadillac is far much better!,1,2025-07-31T17:12:41Z
Xgw9vIametw,Super Hate Button 🔘✅,0,2025-07-31T17:10:19Z
Xgw9vIametw,Summary of the review - Better aerodynamics,0,2025-07-31T16:40:06Z
Xgw9vIametw,Smooth UI,0,2025-07-31T16:39:13Z
Xgw9vIametw,Sir does this car feel more premium from inside as compared to xev 9e pack 3?,1,2025-07-31T16:39:10Z
Xgw9vIametw,Jaldi waha se hato was epic i was not expecting 😂 btw nice video sir,44,2025-07-31T16:37:31Z
Xgw9vIametw,What about safety with more glass on this car,0,2025-07-31T16:37:18Z
Xgw9vIametw,Telsa is mostly about software for which We need to pay additional money once the subscription is over those features with some glitches and super build quality we're getting in harrier and Mahindra cars... Tesla is More for show off ppl in india else we dont need it,0,2025-07-31T16:21:10Z
Xgw9vIametw,Booked harrier ev yesterday 🥰,19,2025-07-31T16:17:48Z
Xgw9vIametw,For better aerodynamics,0,2025-07-31T16:17:37Z
Xgw9vIametw,"No sir inko parmot mat karo 
       only indian car's",1,2025-07-31T16:10:15Z
Xgw9vIametw,"Bhai i sat in this car in canada(went there for company trip),  and isme glass roof ki wajah se even 15 degrees Celsius pe bhi dhoop aur garmi bahot lagti hai... and always remember elon musk ne indian hatred ka poora campaign allow kiya just because india usse tesla entry nahi de raha tha.... support local Indian brands... nobody in this world likes india and Indians- isliye hamme apne desh ke liye khud ki stand lena padega... jai hind jai shri ram",0,2025-07-31T16:08:35Z
Xgw9vIametw,@motoroctane please once review jeep Wrangler Rubicon 🙏😭,0,2025-07-31T16:08:28Z
Xgw9vIametw,It has ultra sonic sensors for parking at least in US model that are hidden,1,2025-07-31T16:07:46Z
Xgw9vIametw,love this car,1,2025-07-31T16:03:17Z
Xgw9vIametw,Sir Tata me to left indicator pe left me image dekhta h right pe right me,0,2025-07-31T15:57:53Z
Xgw9vIametw,To apse ek bat puchhna h jb Tata tuch button diye to bura bolte the aap ki phijul button hona chahiye Aaj button hi nhi h use ap shi bol rhe great 👍,0,2025-07-31T15:55:45Z
Xgw9vIametw,Boycott Tesla because Trump is saying India's economy is dead😡,0,2025-07-31T15:55:19Z
Xgw9vIametw,Nice car ❤❤,0,2025-07-31T15:49:45Z
Xgw9vIametw,"Conclusion of the video : for better aerodynamices 😊
                                            Thoda aur better paisa 😊",0,2025-07-31T15:46:25Z
Xgw9vIametw,मुँह में से गुटखा थूक के वीडियो बनाया कर भाई....,0,2025-07-31T15:45:25Z
Xgw9vIametw,Ola on four wheel😅,0,2025-07-31T15:43:11Z
Xgw9vIametw,"Tesla Model Y
But Why 🤔😂",0,2025-07-31T15:39:27Z
Xgw9vIametw,Verna car jaisi lag rhi h bahar se,0,2025-07-31T15:38:12Z
Xgw9vIametw,20:48 idhar bike pe lambi lambi steel rods bhi carry karte h. Autopilot ne miss kr diya toh ☠️,45,2025-07-31T15:27:36Z
Xgw9vIametw,Old generation people will not able to use the car due to all functions included in the screen on dashboard,0,2025-07-31T15:24:15Z
Xgw9vIametw,Mg cyberster 75 lakh me mil jayega 0 to 100 in 3 seconds,0,2025-07-31T15:21:34Z
Xgw9vIametw,Achhi hai........but indian car jyada achhi hai,0,2025-07-31T15:01:39Z
Xgw9vIametw,Tax ke wajah se itni mehengi ho gayi nahi toh 30-40 mai aa jaati,0,2025-07-31T14:54:06Z
Xgw9vIametw,"Go for Indian brand like Tata and Mahindra ,, Everyone should be avoid this",1,2025-07-31T14:52:03Z
Xgw9vIametw,Ecco me beth ke pura video dekh liya😢,0,2025-07-31T14:44:05Z
Xgw9vIametw,Salone Tab me thodisi car dedi hai....,0,2025-07-31T14:31:51Z
Xgw9vIametw,No laging issue thsts good thing 😊😊😊,0,2025-07-31T14:30:08Z
Xgw9vIametw,12:20 still the car haven't been driven,1,2025-07-31T14:29:45Z
Xgw9vIametw,No rear seat ventilation..?,0,2025-07-31T14:28:58Z
Xgw9vIametw,"Everything is in Infotainment
In india it won't work much, physical buttons should be present actually",0,2025-07-31T14:27:47Z
Xgw9vIametw,I will buy mahindra ev9 over this.,0,2025-07-31T14:24:42Z
Xgw9vIametw,"Any brand can't complete the price of Indian brand EVs i.e. Mahindra and Tata.
Or else they've to completely manufacture it in India like About tesla for getting successful As a car company with tech and being the choice for a ev not just for the they've to match the price sooner or later to be successful and for that they need a giyafactory in India!! Btw I like tesla with the price in other countries.",0,2025-07-31T14:18:56Z
Xgw9vIametw,But it's made in china,1,2025-07-31T14:15:59Z
Xgw9vIametw,Looks like Tata Tiago,0,2025-07-31T14:11:40Z
Xgw9vIametw,If this car doesn't drive on Auto pilot then what's the use of putting hard earned money.,0,2025-07-31T14:10:39Z
Xgw9vIametw,"please also give information on  REPLACEMENT 

TOUCH SCREEN (Isme tera kidney jayenge, upto 1.5lakh)🙄

ROOF GLASS ( Isme tera gaadi jayenge, upto 2.25 lakh) 😂",2,2025-07-31T13:55:03Z
Xgw9vIametw,"abhi maza ayega na bhidu 👏 
now the competition will be tougher",1,2025-07-31T13:45:26Z
Xgw9vIametw,"i really hate our govt because 1st booking  VIP - business tycoon,  celebrity, after years  common person can book",0,2025-07-31T13:40:42Z
Xgw9vIametw,Matlab sensors ki dukan ka zudio  hai isme sare sensors milenge isme,0,2025-07-31T13:38:06Z
Xgw9vIametw,In ev I would choose ionic 5 currently it is best in market.,1,2025-07-31T13:36:47Z
Xgw9vIametw,Now tesla will find ghosts 👻 on Indian roads😂😂,17,2025-07-31T13:35:02Z
Xgw9vIametw,Ev cars… we should go for Indian brands or produced in India. No buttons means every time you stop car and go to screen,1,2025-07-31T13:24:21Z
Xgw9vIametw,Tesla Aab Ola Uber pe Chalegi 😂,0,2025-07-31T13:11:28Z
Xgw9vIametw,Looks shit 😂,0,2025-07-31T13:04:01Z
Xgw9vIametw,verna jaisee lag rHi hai,0,2025-07-31T12:59:45Z
Xgw9vIametw,COOL Car,1,2025-07-31T12:57:52Z
Xgw9vIametw,How many time he mentioned “better aerodynamic “😂,1,2025-07-31T12:56:34Z
Xgw9vIametw,"🔥🔥 *There is no two ways about the fact that Tesla is quite popular brand not only in India but in every country at this time but honestly I don't think Tesla car will succeed in India the reason everyone knows. I mean who the hell will like to pay 30 lakh extra? 😂 Obviously a middle-class person will never! Right now if i had to buy an EV car, I'd prefer a Mahindra Be 6e to a Tesla.*",0,2025-07-31T12:35:56Z
Xgw9vIametw,no range,0,2025-07-31T12:33:19Z
Xgw9vIametw,Next video harrier ev vs xev 9e detailed comparison,4,2025-07-31T12:21:47Z
Xgw9vIametw,Seriously I had test driven Tesla and I did not know about the gear button on the top 😳 neither sales person told me.  Thank you Rachit 😊,1,2025-07-31T12:19:36Z
Xgw9vIametw,No no worth it 😂💯💯💯,0,2025-07-31T12:10:27Z
Xgw9vIametw,I love tata ❤,4,2025-07-31T12:06:40Z
Xgw9vIametw,Curvv EV has much better interiors at 20 lacs.,0,2025-07-31T11:55:38Z
Xgw9vIametw,Kya sahi car hai yaar 😮🔥,0,2025-07-31T11:54:59Z
Xgw9vIametw,6:08 imagine using touch screen for glove box,1,2025-07-31T11:48:46Z
Xgw9vIametw,Software issue can destroy this thing,0,2025-07-31T11:41:22Z
Xgw9vIametw,Waah bhai Tesla is always the best ❤❤❤❤❤❤,0,2025-07-31T11:38:38Z
Xgw9vIametw,♥♥♥💛💛💛💚💚💚HareKrishan  jai  Putrada Ekadashi💙💙💙💜💜💜❤‍🩹❤‍🩹❤‍🩹,0,2025-07-31T11:35:43Z
Xgw9vIametw,7:30 Tesla model Y❌ Verna Ki Copy ✅🗿🗿,5,2025-07-31T11:34:40Z
Xgw9vIametw,For 20l or max 25l is good usse upar ev is just waste,0,2025-07-31T11:32:02Z
Xgw9vIametw,1:17 Tesla ❌ Tax-La ✅,43,2025-07-31T11:31:20Z
Xgw9vIametw,"Rancho: Sir, if the screen gets damaged, will the car still run or not?",1,2025-07-31T11:23:44Z
Xgw9vIametw,Not interested in this review 🤮🤮 please delete it।।,0,2025-07-31T11:12:43Z
Xgw9vIametw,Doesn't model y comes with air suspension that can be raised? For better ground clearance,0,2025-07-31T11:09:06Z
Xgw9vIametw,How many airbags in this car?,0,2025-07-31T11:08:27Z
Xgw9vIametw,I’m sooo happy seeing Tesla steering wheel at right side ❤❤❤,3,2025-07-31T10:40:43Z
Xgw9vIametw,we need TATA (or our country own brands) to launch like these types of car.,2,2025-07-31T10:36:29Z
Xgw9vIametw,"Iss car pe practicality kaha hai? Log kya upar pe gear change karenge? Sab screens pe karenge toh gaadi kaise chalayenge? Buttons kyu nahi hai? Aur gaadi chalate waqt, kaun hi Netflix, Prime ya Twitch dekhega? Aur side pe koyi dekhta bhi hai, toh driver ko bhi dikkat hoga aise. Kyuki driver ka mann waha pe bhatge ga. Agar nahi dekhna hai, fir bhi hoga. Ye human nature hai. Peeche kyu screen hai woh chota sa? A.C vents aur behtar hota na? Logo ko hawa chahiye. Peeche baitke youtube nahi dekhna ya angry bird nahi kehlna.",0,2025-07-31T10:32:42Z
Xgw9vIametw,For 70 lakhs without Android auto is useless in India,0,2025-07-31T10:23:53Z
Xgw9vIametw,Good job harrier EV AWD Mahindra xev 9e.,5,2025-07-31T10:19:54Z
Xgw9vIametw,Looking like Verna EV,0,2025-07-31T10:18:44Z
Xgw9vIametw,Jaldi wha se hato 😂,0,2025-07-31T10:17:31Z
Xgw9vIametw,"“It’s frustrating that cars in India are priced nearly double compared to many other countries, yet we still have to deal with poor road infrastructure. It raises real questions about where our taxes are going and whether we’re truly getting value for what we pay.”",147,2025-07-31T10:16:47Z
Xgw9vIametw,MG ZS EV is much more practical in India than this Tesla car,0,2025-07-31T10:15:40Z
Xgw9vIametw,22:48 SUV? I thought that belong to Sedan category,9,2025-07-31T10:15:31Z
Xgw9vIametw,"I only prefer tata harrier ev rather than any other brand,tata 💪",0,2025-07-31T10:14:40Z
Xgw9vIametw,Mahindra ev is more value for money,0,2025-07-31T10:14:04Z
Xgw9vIametw,Plz do the range test of tesla,1,2025-07-31T10:13:24Z
Xgw9vIametw,"How long it suffer in indian road 😅,Tesla be like-yr india me auto rickshaw walo ka judgement nhi ho payega,after some years tesla will say,,, मुझे मेरे घर जाना है 😂",0,2025-07-31T10:12:48Z
Xgw9vIametw,"8:30

💀",1,2025-07-31T10:07:22Z
Xgw9vIametw,"At Tesla’s current price, I’m considering buying xev9e and harrier.ev both cars",2,2025-07-31T09:51:37Z
Xgw9vIametw,Buy a smartphone instead you ll end up saving a lot of moneyyyy😊,0,2025-07-31T09:47:12Z
Xgw9vIametw,BHAI MG CYBERSTER KA REVIEW LAO.,1,2025-07-31T09:42:57Z
Xgw9vIametw,20 lakh ki gadi 65 lakh me india me😂😂😂😂 vare mera bharat mahan,0,2025-07-31T09:41:48Z
Xgw9vIametw,❤,0,2025-07-31T09:39:01Z
Xgw9vIametw,After watching this video my dream will be much expensive.,0,2025-07-31T09:35:45Z
Xgw9vIametw,Agar windshield toot gaya toh pura roof change karana padega😂😂,0,2025-07-31T09:33:39Z
Xgw9vIametw,1:58 i thought he will again say for better aerodynamics😂,175,2025-07-31T09:25:03Z
Xgw9vIametw,Safety rating India??,6,2025-07-31T09:23:18Z
Xgw9vIametw,tesla named this car as model y for better aerodynamics 😂,0,2025-07-31T09:22:58Z
Xgw9vIametw,Faltu kar hai😅😂😅😂,0,2025-07-31T09:22:42Z
Xgw9vIametw,Rachit wearing ray ban smart glasses,13,2025-07-31T09:22:31Z
Xgw9vIametw,How to use google maps as it is mostly and highly efficient in India,0,2025-07-31T09:15:03Z
Xgw9vIametw,dont know whats the hype it looks just yuckkk!,0,2025-07-31T09:14:27Z
Xgw9vIametw,"Only B6 6, XEV 9, AND Harrier ev.",1,2025-07-31T09:04:17Z
Xgw9vIametw,Mujhe lga *ye to verna hai* 😂,0,2025-07-31T09:00:26Z
Xgw9vIametw,100% over price boring car 🚨 taxi car for America😂,0,2025-07-31T08:55:16Z
Xgw9vIametw,Harier ev is best,0,2025-07-31T08:54:55Z
Xgw9vIametw,umm did anyone noticed no one is telling abt the airbags in that car,0,2025-07-31T08:53:03Z
Xgw9vIametw,9:34 kya ho ager haat ko pasina aah jaye???,1,2025-07-31T08:52:47Z
Xgw9vIametw,अव कौनसी कार मैं  थाइ सपोर्ट अच्छा लगेगा आपको   ?? 😂😂  लगभग सभी गाड़ियों मैं आप ये बोल चुके हो  😂😂,0,2025-07-31T08:52:03Z
Xgw9vIametw,Tesla hogi apne ghar harrier ko beat nhi kr pahegi 💯 guarantee😅😂❤,0,2025-07-31T08:43:49Z
Xgw9vIametw,Now I understand the hype for Tesla. Tata and Mahindra have a lot to learn from Tesla and other Chinese brands.,3,2025-07-31T08:41:09Z
Xgw9vIametw,Byd better',0,2025-07-31T08:40:41Z
Xgw9vIametw,"Sir , aapki video achi hai bss yee car hi bekar hai 😂😂😂😂",0,2025-07-31T08:40:10Z
Xgw9vIametw,I'll take Harrier Ev Please😂😂😂 (2 in different colours),0,2025-07-31T08:40:07Z
Xgw9vIametw,India pe america ne 25 percent tarrif laga diyea hai aur lag rha hai tab bhi log tesla lange,1,2025-07-31T08:35:46Z
Xgw9vIametw,"this would be a killer car under 40 lakh 
but 70 lakh is huge",1,2025-07-31T08:32:29Z
Xgw9vIametw,The minimalism is going to make a big hole in pocket even if a small thing breaks down.,8,2025-07-31T08:32:13Z
Xgw9vIametw,tesla vs BYD  please video bana do,0,2025-07-31T08:25:36Z
Xgw9vIametw,Its nice car but price comparison me indian brand ko beat nahi kar payegi or ford ki tarah return ho jayegi 😅,0,2025-07-31T08:25:22Z
Xgw9vIametw,Bhaiya apne auto pilot mode use krke nhi dikhaya,0,2025-07-31T08:22:00Z
Xgw9vIametw,I'm just thinking to get this tesla if they allowed in india for autopilot,0,2025-07-31T08:17:40Z
Xgw9vIametw,apna tata aur mahindra kafi hai indian ke liye,0,2025-07-31T08:16:41Z
Xgw9vIametw,"Thanks rachit for this amazing review 
We need long drive , range test for this car pls ❤",2,2025-07-31T08:15:28Z
Xgw9vIametw,All i understood after watching this video is...if the screen of the car damaged or not work in anyhow the car will be useless..,12,2025-07-31T08:12:31Z
Xgw9vIametw,Make a video on mg cyberster,2,2025-07-31T08:06:10Z
Xgw9vIametw,"Tesla model Y 
too much dependency on screen",0,2025-07-31T08:02:24Z
Xgw9vIametw,safety rating kitni hai bhai??,1,2025-07-31T08:00:51Z
Xgw9vIametw,Tesla! Why?,0,2025-07-31T08:00:48Z
Xgw9vIametw,"There is a screen in my car ❌️
There is a car around my screen ✅️",116,2025-07-31T07:59:10Z
Xgw9vIametw,beautiful video,0,2025-07-31T07:55:51Z
Xgw9vIametw,how did this chanel switch to review dustbins?,0,2025-07-31T07:55:24Z
Xgw9vIametw,bhai itni mehngi hai kuch dis. dilwaeye aap,0,2025-07-31T07:54:45Z
Xgw9vIametw,Instrumental cluster kidhar gaya😂,0,2025-07-31T07:54:11Z
Xgw9vIametw,"Sorry but the car is overhyped. It's not a premium car even in the USA. 

As for the interior, the lack of buttons is a big big negative. On my Skoda, something simple like folding the mirrors takes half a second and I sont even need to take my eyes off the road. Same with other functions like Ventilated seats, setting AC temp and flow rate or direction. 

Please stop bootlicking Tesla for brand sake.",0,2025-07-31T07:53:50Z
Xgw9vIametw,8:31 😂😂😂,1,2025-07-31T07:51:07Z
Xgw9vIametw,Rachit bhai ne aadhe se jyada test screen ka kiya hai 💀💀,9,2025-07-31T07:48:53Z
Xgw9vIametw,Good competition to kia Ev6,0,2025-07-31T07:43:01Z
Xgw9vIametw,8:30 😂,1,2025-07-31T07:38:19Z
Xgw9vIametw,Itna jyada features iteration karega hum to chala bhi lenge par papa ya other koe ho to unko bahut problem hogi,0,2025-07-31T07:37:38Z
Xgw9vIametw,Too much of automation....its like video game,0,2025-07-31T07:36:29Z
Xgw9vIametw,Been waiting for this car on your channel 🫂,13,2025-07-31T07:33:11Z
Xgw9vIametw,"Tesla ke badle ford everest ke saath aati toh jyaada acha hota. Miss the Ford era

gear shift roof pe / touch screen rakhke tesla chata kya hain?!",1,2025-07-31T07:33:08Z
Xgw9vIametw,Looks Like The Hyundai Verna From the Front!😂,0,2025-07-31T07:31:21Z
Xgw9vIametw,Look wise its a Karolbag version of hyundai verna 😅😅,0,2025-07-31T07:29:50Z
Xgw9vIametw,Meta glasses 😂😂,0,2025-07-31T07:27:53Z
Xgw9vIametw,Very detailed video❤,2,2025-07-31T07:21:28Z
Xgw9vIametw,bolero bs6 car ka off-road test video banae❤❤,0,2025-07-31T07:20:30Z
Xgw9vIametw,Sab kuch touch screen me hai iske fayede bhe hai kuch nuksaan bhe hai isse pehel aisa he mg windsor me hai jo practicality mushkil hai mere pass hai so main jaanta hoon,2,2025-07-31T07:19:27Z
Xgw9vIametw,Toyota Everest 2025 please,0,2025-07-31T07:18:10Z
Xgw9vIametw,"Look not so good comparison to tata, mahindra, byd",2,2025-07-31T07:10:48Z
Xgw9vIametw,This would ONLY be worth it if the charging network of America can be replicated in India ( which is quite literally impossible ). Hence this car is not worth the price it is coming at.,1,2025-07-31T07:07:24Z
Xgw9vIametw,I still support harrier ev and our indian brands,471,2025-07-31T07:07:21Z
Xgw9vIametw,Bhai apka video ka baat ho kuchh aur h full satisfied ho jate,5,2025-07-31T06:57:07Z
Xgw9vIametw,Autonomous vehicle bolo self drive mathlab black and yellow board,0,2025-07-31T06:55:17Z
Xgw9vIametw,They should have added coding in car that you have to write code to start car write code for indicators write code to open bootspace. Instead of steering they should have given feature to control car from screen with virtual steering in screen. And its too cheap it should be atleast 1cr exshowroom,1,2025-07-31T06:53:43Z
Xgw9vIametw,Tata harrier ev ?,0,2025-07-31T06:53:35Z
Xgw9vIametw,"Amazing Tech Brother ❤️🔥👌
Maha-Comparo Needed Be6 Xev 9E Tesla Kia ev9 etc",32,2025-07-31T06:53:13Z
Xgw9vIametw,"Get on a call with our Auto-Experts for the best car recommendations that suit your requirements. https:// motoroctane.com/car-consultancy

For faster communication drop a ""hi"" on this WhatsApp link https://wa.me/918779952811

Click on this link to download the app MotorOctane app https://cutt.ly/Aev7p5GP",22,2025-07-31T06:50:39Z
Xgw9vIametw,nothing can beat the tubelight verna 😂,76,2025-07-31T06:49:59Z
Xgw9vIametw,Why this car not made in india Boycott tesla only support indian brands ♥️🇮🇳,2,2025-07-31T06:48:48Z
Xgw9vIametw,Make in india & Made in india 🇮🇳🇮🇳🇮🇳🇮🇳🇮🇳🇮🇳🇮🇳🇮🇳🇮🇳🇮🇳🇮🇳🇮🇳,3,2025-07-31T06:47:23Z
Xgw9vIametw,Tesla bhai❤,0,2025-07-31T06:47:15Z
Xgw9vIametw,Third like and third comment  ❤❤❤,1,2025-07-31T06:46:51Z
Xgw9vIametw,Ab hoga tesla ka asli test,16,2025-07-31T06:46:43Z
Xgw9vIametw,Mujhe lagta hai mai pahla hu 0:09,0,2025-07-31T06:46:15Z
Xgw9vIametw,Dil iss par aagya hai lekin papa fortuner hi lenge 😢😭,2,2025-07-31T06:46:14Z
Xgw9vIametw,Support Made in india Electric Cars 🇮🇳🇮🇳🇮🇳,11,2025-07-31T06:46:13Z
Xgw9vIametw,⛽️,0,2025-07-31T06:45:53Z
Xgw9vIametw,First,0,2025-07-31T06:45:48Z
Xgw9vIametw,First like and First comment and First view,0,2025-07-31T06:45:45Z
yhrhvnkNo3g,"Bmw lover 💀❤
👇",0,2026-04-30T12:14:30Z
yhrhvnkNo3g,Very boring,1,2026-04-17T16:47:05Z
yhrhvnkNo3g,Neye ஒட்டு nanba,0,2026-04-09T16:07:16Z
yhrhvnkNo3g,Athula gear ah illa!,1,2026-04-07T01:19:53Z
yhrhvnkNo3g,😯,1,2026-04-01T18:02:11Z
yhrhvnkNo3g,Antha car la onnumay illa bro😅,0,2026-04-01T13:27:17Z
yhrhvnkNo3g,Ellam sari screen la gear poda screen ah paatha road ah yaaru pakkurathy stearing ah yaaru control pandrathu 😂😂😂😂,0,2026-03-23T08:08:05Z
yhrhvnkNo3g,😂😂😂😂😂🐂🐂,1,2026-03-17T13:49:54Z
yhrhvnkNo3g,Enna தெரிகிறது😂,1,2026-03-09T13:24:33Z
yhrhvnkNo3g,Sorry bro naan ungala pakala pinnadi oru appa oru paiyana thokkikittu poratha paaten,0,2026-03-08T10:54:52Z
yhrhvnkNo3g,Traffic time la reverse and front quick gear panradhukku manual dhan best 📈,2,2026-03-05T17:55:05Z
yhrhvnkNo3g,Ev car la gear ethuku pa thambi..,0,2026-03-04T17:59:18Z
yhrhvnkNo3g,Semma    bro. ... 😊 😊😊😊,2,2026-03-04T15:07:43Z
yhrhvnkNo3g,ஒரு கியர் குச்சிக்கு பதிலா இத்தனை ஆர்ப்பாட்டமா,0,2026-03-04T14:05:56Z
yhrhvnkNo3g,ஓவரா மூளைய கசக்குனா இப்படித்தான்...!,0,2026-03-02T10:21:18Z
yhrhvnkNo3g,Bro neenga paaka a2d nandha madhri irukinga😅,0,2026-02-28T16:02:55Z
yhrhvnkNo3g,Nalla ve illa bro,0,2026-02-28T10:54:36Z
yhrhvnkNo3g,"In the name of bringing new features, I feel things are getting complicated more. Improvement and new features are required, but up to a extent. No one faced issues with older gear mechanism/system.
Corporates simply updating something and then bringing it to market.",2,2026-02-27T02:32:10Z
yhrhvnkNo3g,Gear a mela parthu podumbothu nee opp vandikulla poduva,0,2026-02-26T07:40:18Z
yhrhvnkNo3g,Muttaal thanamaana velai ..,0,2026-02-24T18:57:53Z
yhrhvnkNo3g,MANUAL car தெரியுமா 🔥,1,2026-02-23T17:26:09Z
yhrhvnkNo3g,Oru car ottanumna sarva thaaranama yellame yelumaya irukkanum.namma alto mathiri,0,2026-02-23T05:19:40Z
yhrhvnkNo3g,Das..laddu vachichukuran gear,1,2026-02-22T21:48:15Z
yhrhvnkNo3g,Mairu madri irruku,0,2026-02-22T18:44:05Z
yhrhvnkNo3g,Nallave illa future 😆,0,2026-02-21T10:07:59Z
yhrhvnkNo3g,Rc car mariyae feel aavthu😂😂😂😂,1,2026-02-19T18:03:31Z
yhrhvnkNo3g,So....I m the only one who didn't see that buttons??,0,2026-02-19T08:49:25Z
yhrhvnkNo3g,"Not convenient feature this , unwanted innovation from Tesla",1,2026-02-19T01:25:32Z
yhrhvnkNo3g,C4E tech Ash madhiri pesa try panraro?,0,2026-02-18T11:33:38Z
yhrhvnkNo3g,Very dangerous..,0,2026-02-17T11:09:29Z
yhrhvnkNo3g,Paithiyakara thanama irukku,0,2026-02-16T04:37:08Z
yhrhvnkNo3g,👋👋👋,2,2026-02-15T13:48:16Z
yhrhvnkNo3g,"முட்டாள் தனம் ,,",0,2026-02-15T04:47:46Z
yhrhvnkNo3g,Bro P a press panna naarum bro,0,2026-02-03T17:09:25Z
yhrhvnkNo3g,Mairu mari irukku,0,2026-01-27T16:48:40Z
yhrhvnkNo3g,டெஸ்லா அக்கா தான் தெரியும்,1,2026-01-27T07:47:57Z
yhrhvnkNo3g,கேவலமா இருக்கு,0,2026-01-25T08:20:43Z
yhrhvnkNo3g,Super,1,2026-01-25T03:54:38Z
yhrhvnkNo3g,Tesla car ah design pannavan Kakka pohum pothu yosichirupano 😂.,0,2026-01-24T00:44:30Z
yhrhvnkNo3g,"Driving car is on best moments handling gears, brake, clutch, accelerations etc... awasome.... This stupid tesla is a soapu dappa😅😅😅😅😅",1,2026-01-22T18:08:48Z
yhrhvnkNo3g,ப்ரோ எனக்கு கார் ஓட்டத் தெரியாது ஆனால் இந்த மாதிரி எல்லாம் பியூச்சர்ல பார்த்தா கார் வாங்கிடலாம்னு நினைக்கிறேன் 😊😂😂😂😂😂,0,2026-01-22T08:56:44Z
yhrhvnkNo3g,If everything gone a just in button then  every feeling will quickly loss after we feel bored to drive,0,2026-01-21T10:35:59Z
yhrhvnkNo3g,Idhu theva illadha aani.. oru knob oh illa regular shifter eh podhum,0,2026-01-20T15:34:44Z
yhrhvnkNo3g,Timing miss... Warning,0,2026-01-20T15:32:55Z
yhrhvnkNo3g,for cost cut>>>,2,2026-01-20T13:47:40Z
yhrhvnkNo3g,அதுதான் அமெரிக்கன் தொழில்நுட்ப வழர்ச்சி இதை பார்த்து இந்தியா சீனா போன்ற நாடுகள் பிரதிசெய்வார்கள் அதுவே உன்மை’,1,2026-01-19T21:02:39Z
yhrhvnkNo3g,Display odanjichuna,1,2026-01-19T16:41:58Z
yhrhvnkNo3g,Moota poochiyai kollum Naveena machine,0,2026-01-19T08:59:05Z
yhrhvnkNo3g,Ithu theriyama ore asingama pochu kumaru oru ponnu kitta 😁,0,2026-01-18T10:18:09Z
yhrhvnkNo3g,Toy car😂😂😂,0,2026-01-18T05:29:30Z
yhrhvnkNo3g,Dr driving concept🚶🏼‍♂️,1,2026-01-18T03:14:08Z
yhrhvnkNo3g,"ஏன்டா தம்பி , 
ரிவர்ஸ் போகிறது வண்டிய பின்னாடி ஓட்டிட்டு போறது இல்ல. 2இன்ச் பின்னாடி 1 இன்ச் முன்னாடி அப்புறம் 3 அடி பின்னாடி ஒரு அடி முன்னாடி இப்படி ஓட்டனும் அப்ப இப்படித்தான் ஸ்க்ரீன்ல டச்சில் முன்னாடி பின்னாடி இழுத்து இழுத்து ஓட்டனுமா சரித்தான். பழகிடும் இருந்தாலும் இது மோசம்யா",0,2026-01-18T00:15:07Z
yhrhvnkNo3g,Pinnadi oru all 22,2,2026-01-15T15:38:36Z
yhrhvnkNo3g,Kerala market mental party,0,2026-01-15T12:51:28Z
yhrhvnkNo3g,என்னையா break eh தலைக்கு மேல வச்சிருக்கீங்க😂😂😂,0,2026-01-14T21:18:19Z
yhrhvnkNo3g,Kevalama eruku,0,2026-01-14T19:00:14Z
yhrhvnkNo3g,மக்களை குழந்தையாக்கி ரிமோட் கார் ஓட்ட வச்சிட்டான்,0,2026-01-14T17:37:03Z
yhrhvnkNo3g,Ena ithu game maari iruku,0,2026-01-14T16:45:38Z
yhrhvnkNo3g,This is fake,0,2026-01-14T12:43:08Z
yhrhvnkNo3g,Nallaveyy illa,0,2026-01-14T06:20:30Z
yhrhvnkNo3g,அவசரத்துக்கு கிளம்பனும்னா இந்த கார் லாயக்கில்லை என்று தோணுது,0,2026-01-13T17:34:37Z
yhrhvnkNo3g,Front mirror ketta poo vechi erukaaga namba aaluga😊😮,2,2026-01-13T15:51:57Z
yhrhvnkNo3g,ஒரு நாளைக்கு காலை வாரிவிடும் தொழில்நுட்பம்…அண்டைக்கு தெரியும்டி,5,2026-01-13T14:17:49Z
yhrhvnkNo3g,Venam da intha soap dappa venam da😂,14,2026-01-11T19:54:18Z
yhrhvnkNo3g,Electric car la gearae kedayathu.,0,2026-01-11T16:24:58Z
yhrhvnkNo3g,Clutch ah mithichu gearah potu vandiya orturathala oeu kala bro athala sonna ivangalukku puriyathu❤😂,2,2026-01-11T16:08:44Z
yhrhvnkNo3g,Worst,0,2026-01-11T10:54:04Z
yhrhvnkNo3g,விரலில் அடிபட்டு இருந்தால்.  எப்படி கியர் போடுவது 😂 தம்பி,2,2026-01-10T19:00:19Z
yhrhvnkNo3g,Shit Maari irku feature,0,2026-01-08T19:16:22Z
yhrhvnkNo3g,Kevalamana idea,0,2026-01-06T17:14:08Z
yhrhvnkNo3g,Video gameku poranthavana iruppan pola car thayarichavan,3,2026-01-06T04:11:41Z
yhrhvnkNo3g,This is like dr driving,0,2026-01-04T12:49:29Z
yhrhvnkNo3g,Yaarda tesla'la gear thedrathu??,0,2026-01-04T10:25:49Z
yhrhvnkNo3g,Mokkaiyah iruku,0,2026-01-04T06:53:04Z
yhrhvnkNo3g,Alto car theriyuma ?,1,2026-01-03T19:03:30Z
yhrhvnkNo3g,"Don't call it a gear, as it's an ev vehicle. It's different modes set to operate the motor....",1,2026-01-03T04:32:02Z
yhrhvnkNo3g,"In a traffic or stuck somewhere will you keep fiddling on the touch to make sure the gear is engaged? and ve totally dependent on the SW, what if there’s a bug or some one hacked into it. 
Driving is fun get a manual or at least a CVT.",1,2026-01-02T18:32:25Z
yhrhvnkNo3g,Onnume theriyala😢,0,2026-01-02T12:25:07Z
yhrhvnkNo3g,My first car ❤😊,1,2026-01-02T07:06:46Z
yhrhvnkNo3g,"… Gear is an important shift , needs to be done quickly with physical movement … button on the head  …. on the screen …Damn 🤦‍♂️",0,2026-01-01T21:19:11Z
yhrhvnkNo3g,Super thalaiva,0,2026-01-01T16:28:50Z
yhrhvnkNo3g,Kevalam 😢,0,2026-01-01T14:14:02Z
yhrhvnkNo3g,இந்த future நல்லா இல்ல,0,2026-01-01T12:35:27Z
yhrhvnkNo3g,Chai,0,2025-12-31T17:39:34Z
yhrhvnkNo3g,சீனா தானா,0,2025-12-31T17:24:38Z
yhrhvnkNo3g,👎👎👎,0,2025-12-31T13:40:19Z
yhrhvnkNo3g,"This feature is not nice, the feel with pressing the clutch moving the gear rod that feel hits different",0,2025-12-31T10:15:03Z
yhrhvnkNo3g,Worst,0,2025-12-31T07:54:22Z
yhrhvnkNo3g,simply waste,0,2025-12-31T04:54:32Z
yhrhvnkNo3g,எத்தனை feature வந்தாலும் என்கிட்டே கார் வாங்க feature வராது தலைவா,52,2025-12-30T15:53:01Z
yhrhvnkNo3g,Gear in an electric vehicle 😮?,0,2025-12-30T10:55:05Z
yhrhvnkNo3g,Tesla la Poo na namma mattum tha bro vaipom ❤😂,4,2025-12-30T08:55:07Z
yhrhvnkNo3g,சூப்பர்,1,2025-12-28T18:58:06Z
yhrhvnkNo3g,"இது feature இல்ல failure,  no comfort",53,2025-12-28T13:56:54Z
yhrhvnkNo3g,Junk car.. I had for 2 years and sold it..don’t buy,0,2025-12-28T02:32:30Z
yhrhvnkNo3g,Pinadi oruta vanakoda mapla😂😂,1,2025-12-24T16:23:14Z
yhrhvnkNo3g,Software Engineer strength 💪🏻...,14,2025-12-22T08:08:54Z
yhrhvnkNo3g,So it’s called motta molukatti car 😂😂😂😂,1,2025-12-21T01:01:05Z
yhrhvnkNo3g,Mairu mari eruku,0,2025-12-16T13:06:36Z
yhrhvnkNo3g,Romba kevalamana feature!,0,2025-12-16T11:23:48Z
CzvGwqqc5q4,How many are excited that Tesla has entered India?,140,2025-08-14T06:00:59Z
CzvGwqqc5q4,"Faisal:  
Some mind blowing facts that you may have reserved (or missed).  Many things can be done with out even touching the main screen and from the steering wheel controls, How ever you need to get used to them: Volume left button up/down;  drive modes and many other modes: use the right scroll wheel press and go up and down for many many functions and left right select to activate the function.  Also you are driving with key card (99.999% dont use the key card) most people use their phone. Let me tell you what happens on usual work day:
1) I come closer to the car, car unlocks, I open the door and seat, mirrors, steering, adjusts.  I sit in the car, my radio station or music from the phone (prior standard settings) turns on, volume adjusted to my settings; the Temp starts to adjust according to temp setting 23 degrees (AC if hot and ventilated seats / heater and heated seats; heated steering wheel) turn on.  I tap on Work on the navigation and select self drive and it starts reversing out of my garage; closes my garage and goes to my work and parks at the closest available spot.  When you leave the car, it automatically shuts all windows and locks the car and activates security monitoring.

You can schedule the temperature so when you come to the car it is cool or hot depending on the weather; You can summon your car to come to you from the parking lot; you can honk the car if you forgot where you parked your car; you can blink the lights; you can turn on AC; crack the windows to let hot air out, and many more just from your phone. 

2) When my wife takes the car; all the above adjust for her liking

3) From my primary phone I can create a key and send it to anyone (Kids) and then they can drive the car; I can drop off the car at the airport and send the key to you to your phone; you can activate the key and then it will show you where the car is located; you can pick it up and drive it.  If Kids, I can set the speed limit that I don't want them going over.

4) For valet, I turn on the valet mode, where the person can only drive couple of miles at the most; and cannot speed; cannot open the glove compartment or trunk. 

5) You can talk / command your car with navigation information; ask to stop for coffee on the route; turn wipers on, turn on AC and AC temp to 20 degrees etc. etc.

6) long press on the microphone button on steering wheel activates Grok AI - your thoughts are limitless - It can speak all Indian languages and dialects; Other foreign languages and knows what is where in the World.  You can ask for best restaurants in Mumbai, Pune or any other city and movies that are playing and what it thinks about it or just general subject or just ask it to shut up.

BTW:  I forgot (I don't even know) other 100 things that this car can do and I have no Idea.

correction:  When you did the 0-100 speed test you mentioned that Model 3 may be slow - You are wrong; My 2024 Model 3 LR (Highlander) does 0-100 in 4.6sec. dual motor is even faster; and performance is even faster than dual motor.  Model 3 being lighter; it is mostly faster than Model Y and has a longer range too.",0,2026-04-10T20:14:05Z
CzvGwqqc5q4,"Man, this car literally costs double the US price while we have lower wages

It's the same for even the most entry level basic laptops from asus, Dell, Hp,etc. where they price it like 2000 usd in Developing nations but sell their premium lineups for much cheaper in the USA 

The developing world is so deflating as a consumer it's unreal like we have got the lowest wages but with the highest tariffs and retail prices for goods",1,2026-02-25T15:24:21Z
CzvGwqqc5q4,It offers nothing new except that 'fart' 😂 .. also no physical buttons a big no for India,1,2026-02-07T01:41:41Z
CzvGwqqc5q4,Having to look at your fkn screen to see basic and important stuff like speed and all is diabolical. How the hell did this company succeed. Features are useless if care is at basic stage unusable.,5,2026-01-08T19:16:27Z
CzvGwqqc5q4,They couldve totally made electric cars too have souls.,1,2026-01-08T19:09:08Z
CzvGwqqc5q4,"Everything controlled from screen is so stupid and bad design. Making life harder is not a feature.

Maybe they did it because they wanted people to use that screen more.",2,2026-01-08T19:07:34Z
CzvGwqqc5q4,"I like normal og lights of cars, not these continuous and small ones. And i hate white too.",2,2026-01-08T18:59:49Z
CzvGwqqc5q4,Yes too minimalist. Thanks for calling out always what matters.,3,2026-01-08T18:57:05Z
CzvGwqqc5q4,scoooters and rickshaw. only one hit and done with sensors. good luck,1,2025-12-11T04:36:52Z
CzvGwqqc5q4,I own 2 teslas here in Canada (model 3 and Y ) so writing this from my experience. i read the comments around how basic but the main thing tesla focused is on the tech and not how things feel. Also you need to drive it to experience it. I have driven ICE cars before but tesla is superbly easy to handle and maneuver in traffic because of instant torque. This car is actually a gadget and gets frequent software upgrades over the air. Price point for india is insane though and yea autopilot works really well for long trips!,0,2025-12-08T20:34:10Z
CzvGwqqc5q4,Not worth for this price. Only hype and useless features,1,2025-11-11T01:33:59Z
CzvGwqqc5q4,Looks like Verna,1,2025-11-05T20:35:52Z
CzvGwqqc5q4,Eise byd accha hai,1,2025-11-05T17:35:32Z
CzvGwqqc5q4,It showing autorickshaw as bike on screen.,0,2025-11-03T21:46:12Z
CzvGwqqc5q4,Its a beast with the minimizing visuals and we can name it as a wolf in sheeps cloth,0,2025-11-01T08:31:42Z
CzvGwqqc5q4,18.04 all Mafia's are hear 🗿😈,0,2025-10-30T03:28:21Z
CzvGwqqc5q4,"first month review of tesla sales:
unfortunately still is very expensive for more people to afford, and people who can afford the car:
They are purchasing either EQA or BMW EV cars
Last month only 62 tesla units were sold
compared to about 150 for Mercedes EQ series and 100 for BMW",1,2025-10-22T06:46:28Z
CzvGwqqc5q4,You have to breathe,1,2025-10-18T09:00:37Z
CzvGwqqc5q4,This car is a perfect example of bs wrapped in 3 layers of elon,5,2025-10-12T14:38:21Z
CzvGwqqc5q4,We still have Atleast 5 years to get more value for money cars from tesla,0,2025-10-10T20:05:50Z
CzvGwqqc5q4,try play game on rough concrete surface annd check the tires after 2 hours  hahahha,0,2025-10-09T14:57:21Z
CzvGwqqc5q4,10:48. Class,1,2025-10-09T08:38:34Z
CzvGwqqc5q4,"Stupid car...... worst UI, too minimilastic for the  price",0,2025-10-04T22:46:46Z
CzvGwqqc5q4,How does this compare with Mahindra twins?,1,2025-10-03T18:19:23Z
CzvGwqqc5q4,Ayy,0,2025-10-03T14:39:31Z
CzvGwqqc5q4,We want BYD in India,0,2025-10-02T07:12:58Z
CzvGwqqc5q4,"Remove all the fancy tech like screen controlled ac, mirror, and all with a physical manually adjustable one and that would make more appealing to people like em",1,2025-09-21T04:27:21Z
CzvGwqqc5q4,What is ur first salary anna ?,0,2025-09-19T13:02:07Z
CzvGwqqc5q4,"those who are buying be ready to hear a lot of rattles , here in Canada I did happen to drive one and over bad roads / trail roads there are rattles not very well put together. Its annoying as cabin is very silent and these rattles will annoy you.",1,2025-09-16T19:03:25Z
CzvGwqqc5q4,"This is genuinely one of the most disappointing reviews I've come across. The reviewer clearly didn’t take the time to research the car properly before sharing his thoughts. I can easily point out at least 10 factual inaccuracies from this video. A review should be honest and well-informed, this one falls short on both fronts.",0,2025-09-14T06:30:10Z
CzvGwqqc5q4,For me a car feels like a car when it has a proper dashboard with physical buttons and physical ac controls small usable touchscreen and have in-built dashboard storage space. These types of vehicles are not meant for me. Also I don't have money to buy this 😅,1,2025-09-12T13:57:35Z
CzvGwqqc5q4,Could you please speak a lil less in the videos? Unnecessary blabbering causing fatigue,0,2025-09-12T06:19:59Z
CzvGwqqc5q4,Farting car button,1,2025-09-10T19:54:26Z
CzvGwqqc5q4,"Bro stopped the car in middle of the road 
Lodu",0,2025-09-10T07:35:32Z
CzvGwqqc5q4,The quality is top-notch.,0,2025-09-10T01:27:40Z
CzvGwqqc5q4,While BE6 Laughing at corner 😂😂😂😂,1,2025-09-09T12:04:44Z
CzvGwqqc5q4,11:38 12:55 😂😂😂😂,0,2025-09-08T10:12:35Z
CzvGwqqc5q4,"Video should be titled, how to buy a large size human microwave oven at 60 lakhs. Definitely not made for india, with that roof without a cover. Poor planning on tesla's end to suit the weather conditions in india.",0,2025-09-08T09:07:07Z
CzvGwqqc5q4,Be9 laughing 😂😂,0,2025-09-05T13:35:38Z
CzvGwqqc5q4,Colour kro sir isko Bhoot ki car lag rahi,0,2025-09-05T08:10:37Z
CzvGwqqc5q4,Watched whole video with the bank balance of below Rs. 100/- 😭😭🤣,0,2025-09-03T17:34:58Z
CzvGwqqc5q4,T U B E L I G H T,0,2025-08-29T17:05:31Z
CzvGwqqc5q4,Boycott this Muslim channel,0,2025-08-28T14:47:54Z
CzvGwqqc5q4,I am waiting for Carol bagh videos of Tesla,0,2025-08-28T14:13:00Z
CzvGwqqc5q4,Poor design!.,0,2025-08-27T13:58:55Z
CzvGwqqc5q4,Its more like taxla y,0,2025-08-27T10:30:30Z
CzvGwqqc5q4,"They don’t seem to be taking efforts into designing cars anymore, especially these stupid ass electric cars
You can clearly see the minimalism and laziness in the design of Tesla and Mahindra EV lineup",0,2025-08-25T15:31:13Z
CzvGwqqc5q4,i only trust this youtube channel when it comes to car.,0,2025-08-24T11:29:32Z
CzvGwqqc5q4,"oh god, this looks terrible. Making everything automate from that one ipad screen is a safety hazard. Screen stops working and boom, rest in peace to your Tesla. Wayyyy to minimalistic for my taste.",2,2025-08-24T06:53:25Z
CzvGwqqc5q4,"bro really didn't mention any of Tesla's features that indians care about, spoke all timepass non-sense features, and misled lead majority of people who barely know about the potential...",0,2025-08-23T13:01:18Z
CzvGwqqc5q4,bro u do realise u can set the maruti unlock lock sound to this car and change the horn as well,0,2025-08-23T10:37:19Z
CzvGwqqc5q4,Tesla is a car that you get for your wife…,0,2025-08-23T10:04:32Z
CzvGwqqc5q4,Dude you should really start breathing slowly,0,2025-08-22T09:16:43Z
CzvGwqqc5q4,Faltu car,1,2025-08-22T04:33:22Z
CzvGwqqc5q4,Hyundai verna is better,1,2025-08-21T18:58:22Z
CzvGwqqc5q4,That what she said 😂,0,2025-08-21T09:42:39Z
CzvGwqqc5q4,Crossover “Verna”. Can’t unsee it ever now. 🙃,0,2025-08-20T17:15:01Z
CzvGwqqc5q4,Wow jai shree ram such a nice car ❤,1,2025-08-19T13:10:08Z
CzvGwqqc5q4,5:33 😂😂,0,2025-08-19T07:30:37Z
CzvGwqqc5q4,"Feedback : Please find some better place to show the walk around part, nobody wants to see the “Raw nature”it almost kills the vibe every time. Sorry.",0,2025-08-19T06:50:38Z
CzvGwqqc5q4,"deep? that's what she said??
nah bro
that's what u said",0,2025-08-19T05:45:29Z
CzvGwqqc5q4,mein bhi tesla lunga bahot zaldiiiiiiiiiiiiiiiiiiiiiiiiiiiiiiiiiiiiii,0,2025-08-18T19:55:39Z
CzvGwqqc5q4,Best YouTuber who show more accurate no one can make video like you faisal keep it up,0,2025-08-18T19:39:25Z
CzvGwqqc5q4,This is wayyyyy too basic design.,0,2025-08-18T19:23:13Z
CzvGwqqc5q4,"bro what do you prefer , fuel / electric ?",0,2025-08-18T12:44:54Z
CzvGwqqc5q4,I will buy BE6E batman edition and enjoy my life ...tesla 60lakh+++ ... BE6E is the half of the price,2,2025-08-18T11:16:29Z
CzvGwqqc5q4,I like my car with physical buttons for different functionality.  This feels so bland from the inside.,0,2025-08-18T11:11:46Z
CzvGwqqc5q4,bakwas,0,2025-08-18T10:08:06Z
CzvGwqqc5q4,Verna looks much better than this,1,2025-08-18T09:59:07Z
CzvGwqqc5q4,What are Tesla's plans with FSD - One major difference with other cars?,0,2025-08-18T09:26:36Z
CzvGwqqc5q4,become scrap car in indian roads,1,2025-08-18T08:13:55Z
CzvGwqqc5q4,6:45 ...lll,1,2025-08-18T07:15:36Z
CzvGwqqc5q4,byd ha ha ha,0,2025-08-18T05:11:46Z
CzvGwqqc5q4,is there autopilot mode for teslas in india  ?,0,2025-08-18T00:33:54Z
CzvGwqqc5q4,BYD is best,0,2025-08-17T17:19:10Z
CzvGwqqc5q4,this is masive - tht's what SHE SAID... 🤣🤣🤣😂 3:57,3,2025-08-17T15:11:42Z
CzvGwqqc5q4,"if only local car manufactures (Tata&Mahindra) would have allowed Tax+cess+duty reduction on CBU cars like local bike manufactures did with CBU bikes earlier this year in the month of Feb, this 35L tesla wouldn't have costed 70L.
Indians are made to spend fortunes on CBU cars only because of the most unreliable car manufacturers in the whole world.
The Andhbhakt fanbase certainly deserve nothing better than the crappy Tata petrol engines and fuel guzzling AVL, Austria engines.",0,2025-08-17T13:16:22Z
CzvGwqqc5q4,Yes,0,2025-08-17T12:10:53Z
CzvGwqqc5q4,Bro road's condition where u r shooting,0,2025-08-17T09:56:43Z
CzvGwqqc5q4,"7:55 the usb port in the glovebox is for storing dashcam videos when you turn on the sentry mode. 

For obvious reasons, they did not keep the usb storage in the glovebox.",1,2025-08-17T08:43:25Z
CzvGwqqc5q4,I will buy this appliance when croma or reliance digital put it on offer and cashback 😂😂,3,2025-08-17T06:20:57Z
CzvGwqqc5q4,Stupid car,0,2025-08-16T17:33:55Z
CzvGwqqc5q4,Front design of the car looks like pravaig defy,0,2025-08-16T14:35:00Z
CzvGwqqc5q4,9:00 💀💀,1,2025-08-16T13:12:19Z
CzvGwqqc5q4,It’s really deep - that’s what she said 😂😂😂😂,0,2025-08-16T12:03:10Z
CzvGwqqc5q4,They are late to enter the Indian market,0,2025-08-16T11:19:42Z
CzvGwqqc5q4,Should be 40 lakhs max,0,2025-08-16T11:12:09Z
CzvGwqqc5q4,Waiting for nikki coupler,0,2025-08-16T10:55:00Z
CzvGwqqc5q4,"Most senseless car i ever seen 😂, overpriced junk with a tablet",1,2025-08-16T10:20:14Z
CzvGwqqc5q4,BYD > TESLA,0,2025-08-16T09:54:09Z
CzvGwqqc5q4,USA ki tirri,1,2025-08-16T09:12:52Z
CzvGwqqc5q4,"3:57 ""Massive That's what she said "" 😂🤣",0,2025-08-16T07:17:37Z
CzvGwqqc5q4,Totally over priced and basic af,2,2025-08-16T07:08:16Z
CzvGwqqc5q4,Thats ugly,0,2025-08-16T07:07:48Z
CzvGwqqc5q4,shittest car at this price point in INDIA 😂😂,2,2025-08-16T06:54:35Z
CzvGwqqc5q4,Better buy tesla stocks XD,0,2025-08-16T06:14:07Z
CzvGwqqc5q4,"Minimalistic interior? More like tatti interiors or missing interiors. Even 10Lakh kia, hyundai has better interiors. For that price people pay for better interiors but this has none. Giving gimmicky techie display to play with for what? One can buy ipad and get any other ev.",1,2025-08-16T05:52:05Z
CzvGwqqc5q4,Byd. Typing random words😂😂😂,0,2025-08-16T05:49:35Z
CzvGwqqc5q4,"Minimalism is good. But shouldn't be against usability.

Which currently it is.",3,2025-08-16T05:41:33Z
CzvGwqqc5q4,Interior is minimalistic more like there’s no interior😭it wud feel so boring to drive doesnt it?,0,2025-08-16T04:42:09Z
CzvGwqqc5q4,0:44 😂😂😅,1,2025-08-16T04:29:21Z
CzvGwqqc5q4,"BYD 🤣🤣🤣🤣🤣🤣
Please review a BYD soon!!",0,2025-08-16T03:38:04Z
CzvGwqqc5q4,Hyundai Verna..,0,2025-08-16T03:28:14Z
CzvGwqqc5q4,Faisal Khan Faisal Khan Faisal Khan Faisal Khan 💥,1,2025-08-16T03:08:19Z
CzvGwqqc5q4,"Faisal sahab, the minimalistic is  I think  deliberately done ,and not any error.",0,2025-08-16T02:55:14Z
CzvGwqqc5q4,"As someone who drives this car regularly, I’d like to clarify a few things that may have been unclear:

Customizable Glove Box Operation
The glove box can be customized for easy access. In my car, for instance, a long press on the volume button opens the glove box.

Dashcam Functionality via USB
The USB port located inside the glove box is used for dashcam recordings. It captures video from multiple external cameras—recording in all directions while the car is driving or parked. The interior camera is excluded from this recording setup.

Interior Camera Usage
The interior camera is not used for recording the driver passively. Instead, it tracks eye and head movement, especially when using Autopilot or Full Self-Driving features, to ensure driver attentiveness. It can also be used for video calls, such as Zoom meetings, when the vehicle is stationary.

""Fart Mode"" Fun Feature
Beyond using the turn signal to activate the ""fart"" sound, you can also tap on a seat icon on the screen. The sound will play from the speaker closest to the selected seat, creating the illusion that the person sitting there is responsible for the sound.

Driving Behavior Customization
You can adjust the car’s driving behavior to mimic that of a traditional gasoline vehicle. For example, enabling “Creep” mode allows the car to decelerate more gradually, similar to how a conventional automatic car behaves.",0,2025-08-15T22:21:16Z
CzvGwqqc5q4,"Mahindra cars be6 and 9 are better than tesla considering price, 😊",0,2025-08-15T22:12:24Z
CzvGwqqc5q4,"I like the video.
But car pasand nhi aayi",1,2025-08-15T21:56:19Z
CzvGwqqc5q4,Would love to see you do a comparison with the Tata Harrier EV,1,2025-08-15T21:36:47Z
CzvGwqqc5q4,"With regards to supercharging, Faisal you have not heard of Zeekr brand. It has the the 800 volt Qilin battery (CATL) which can charge 5-80% in less than 10 minutes. It has been demonstrated already. That's faster than anything Tesla offers now.",0,2025-08-15T19:53:17Z
CzvGwqqc5q4,But Indian Tesla website is already loaded with Cybertruck. Looks like they have it in cards,0,2025-08-15T19:28:21Z
CzvGwqqc5q4,I have started loving analog and mechanical features having simplicity more than any unnecessary digitised  or fancy features.,1,2025-08-15T18:41:07Z
CzvGwqqc5q4,Gay! I'd rather fidget with a hundred buttons inside the car.,0,2025-08-15T17:29:05Z
CzvGwqqc5q4,"Why is there no Tesla 'T' logo either on front or rear, whereas overseas model has",1,2025-08-15T17:10:48Z
CzvGwqqc5q4,You just missed one detail @faisal khan. Tesla is dedicating auto rikshaw as bike. 😅,0,2025-08-15T16:56:21Z
CzvGwqqc5q4,"63 lakhs , I would prefer a BE 6 AND A THAR with hell of accesories",0,2025-08-15T15:54:11Z
CzvGwqqc5q4,I prefer mahindra,0,2025-08-15T15:11:14Z
CzvGwqqc5q4,No one is buying that low class Cybertruck. The only ones excited are paid reviewers like you.,0,2025-08-15T14:27:20Z
CzvGwqqc5q4,What a pathetic car for the price.,0,2025-08-15T14:25:19Z
CzvGwqqc5q4,Slowly cars becoming electrc gadgets😢,0,2025-08-15T14:01:54Z
CzvGwqqc5q4,3:54 ad switch of your net before 2 to 3 second,1,2025-08-15T12:55:18Z
CzvGwqqc5q4,No dog will buy this American car came here just to put this comment,1,2025-08-15T12:16:05Z
CzvGwqqc5q4,2:43 looking like aulto 😂,2,2025-08-15T11:04:32Z
CzvGwqqc5q4,Mahindra 9xe is the best when compared to tesla,0,2025-08-15T10:43:27Z
CzvGwqqc5q4,"im sorry, verna. you look good.",0,2025-08-15T09:29:31Z
CzvGwqqc5q4,Now it feels like Hyundai did a lot better job with same design Idea 😂,0,2025-08-15T08:27:01Z
CzvGwqqc5q4,Hope we can boycott American products because of that tariff war.,0,2025-08-15T08:24:37Z
CzvGwqqc5q4,That's the most npc ahh car I have ever seen,0,2025-08-15T07:54:31Z
CzvGwqqc5q4,"Amazing Tech but Too Minimalistic and Priced Absurdly high, like bro I can buy Kodiaq L&K at this Price which is better is almost every way.",0,2025-08-15T07:40:00Z
CzvGwqqc5q4,Byd was personal 😂,0,2025-08-15T07:22:47Z
CzvGwqqc5q4,Can you show the be6 pack 2,0,2025-08-15T07:05:57Z
CzvGwqqc5q4,Looks like hyundai verna😅😅,0,2025-08-15T07:02:04Z
CzvGwqqc5q4,Looks like a cheap knockoff model from the American counterparts. Even Byd offers more.,0,2025-08-15T05:58:28Z
CzvGwqqc5q4,"Glovebox by the screen, pathetic. Can't get my screen time down with this macha",0,2025-08-15T04:40:53Z
CzvGwqqc5q4,Doesn't have any character. Boring AF.,0,2025-08-15T03:51:33Z
CzvGwqqc5q4,"60+L for enjoying fart sounds😂,  even farts getting expensive now a days😁",0,2025-08-15T03:16:16Z
CzvGwqqc5q4,In usa we see this everywhere its like u see tesla and it its desi Indian it sector,3,2025-08-15T02:02:16Z
CzvGwqqc5q4,"As someone who's driven a Tesla I love it. I think the Indian market needs to experience Tesla a little further before judging excessively. Plus, I feel the minimalism reflects the future. I'm not saying I like minimalism alone, but I don't dislike it, since I think minimalism is the future.",1,2025-08-15T01:58:22Z
CzvGwqqc5q4,Don't know if anyone else noticed but the editor has made a small mistake at 25:24,0,2025-08-15T00:30:22Z
CzvGwqqc5q4,To remove the distractions you can ask the Tesla assistant which you can do when you press and hold the left or right wheel scroller ( I hope this helps !!),0,2025-08-14T22:33:14Z
CzvGwqqc5q4,"Disruptive cannot be timeless. I remember the first impression a Tesla interior made on me; it was truly insane. I thought it looked amazing, but there is a moment when the novelty of the groundbreaking stuff wears out, and it starts to look bad. It's not about Tesla, it's about the way we interact and perceive aesthetics of all kinds; however, even if now we kinda don't care for it, I truly believe that 20 years from now we will be able to appreciate these ultra minimalistic interiors, in their correct historic contexts.",0,2025-08-14T22:30:04Z
CzvGwqqc5q4,Car looks so ugly and out of shape,0,2025-08-14T21:43:45Z
CzvGwqqc5q4,The creativity here is unmatched.,0,2025-08-14T21:26:22Z
CzvGwqqc5q4,Why every car looks low quality when it comes to India,0,2025-08-14T20:25:57Z
CzvGwqqc5q4,That's what she said😂,0,2025-08-14T20:23:16Z
CzvGwqqc5q4,Why won't I buy mahindra be 6 over this?,0,2025-08-14T19:24:47Z
CzvGwqqc5q4,Don't forget to post that 1hr drive video in cool german car faisal dude.,1,2025-08-14T19:21:37Z
CzvGwqqc5q4,Ab singers and rappers apni music video mein Tesla flex karenge!!! 💯💯💯,25,2025-08-14T18:40:27Z
CzvGwqqc5q4,But why ????? 😭,0,2025-08-14T18:34:33Z
CzvGwqqc5q4,"A small tip. You have to wear your WHOOP a bit further away from your wrist bone. To be precise, you have to have a space of one finger below the wrist bone and then your WHOOP. I’m an endurance runner and also automobile enthusiast 😉",2,2025-08-14T18:31:59Z
CzvGwqqc5q4,I don’t understand why you want to say that’s what she said. It sounds cheap..,0,2025-08-14T17:57:15Z
CzvGwqqc5q4,Pls drive alto800,0,2025-08-14T17:56:44Z
CzvGwqqc5q4,Looks like Verna Hatchback version 😂,0,2025-08-14T17:52:31Z
CzvGwqqc5q4,"Tesla ka software dekhta hu to lgta hai ki hmare tata aur Mahindra ko software me thoda aur kam Krna pdega phir range rover ka laggy UI yad aa jata hai , phir lgta hai ki hmare tata aur Mahindra ne bahut kuchh kr lia hai 😁",0,2025-08-14T17:38:46Z
CzvGwqqc5q4,Verna crossover😂🤣😂🤣😂🤣😂🤣😂🤣😂🤣,0,2025-08-14T17:25:02Z
CzvGwqqc5q4,Please do a comparison with BYD Seal,1,2025-08-14T17:22:03Z
CzvGwqqc5q4,22:34 santro ko gayab kaise Kiya 🤣🫨,0,2025-08-14T17:10:52Z
CzvGwqqc5q4,It looks like a Hyundai Verna,0,2025-08-14T17:07:43Z
CzvGwqqc5q4,Quality be like mujhe kyu toda😂😂,0,2025-08-14T17:05:38Z
CzvGwqqc5q4,3:57 whattttttttt,0,2025-08-14T16:50:43Z
CzvGwqqc5q4,"So much white, hardly any cuts on the outside body. Looks like a vanilla ice cream",2,2025-08-14T16:33:55Z
CzvGwqqc5q4,BYD ,2,2025-08-14T16:28:21Z
CzvGwqqc5q4,Can't understand a word your saying.,0,2025-08-14T16:09:57Z
CzvGwqqc5q4,"this is exactly why Tesla should not bring their vehicles in India, its NOT suited for indian roads. Also the way its being abused just like in this video  smh",0,2025-08-14T16:07:13Z
CzvGwqqc5q4,please make a video of Tata Nexon Fearless Plus PS vs Tata Curvv Creative Plus S 🙏🏻🙏🏻🙏🏻🙏🏻🙏🏻🙏🏻,0,2025-08-14T16:02:49Z
CzvGwqqc5q4,What a stupid car,0,2025-08-14T16:01:59Z
CzvGwqqc5q4,"I can get one in UK for just £39,000",0,2025-08-14T16:01:36Z
CzvGwqqc5q4,AND TOO EXPENSIVE!!! 😡😡😡😡,0,2025-08-14T16:01:00Z
CzvGwqqc5q4,that's what she said😂,0,2025-08-14T15:56:25Z
CzvGwqqc5q4,3:56 that's what she said 😂😂😂,0,2025-08-14T15:43:06Z
CzvGwqqc5q4,"Faisal, what's your height.?",0,2025-08-14T15:39:12Z
CzvGwqqc5q4,Not bad for a toy car. but a car with cylinder for me please ❤,0,2025-08-14T15:32:03Z
CzvGwqqc5q4,Love the fart of the usa.. hopefully that would sell the car,0,2025-08-14T15:25:17Z
CzvGwqqc5q4,Now i think mahindra and tata did a good job in ev segment,27,2025-08-14T15:17:29Z
CzvGwqqc5q4,9.01--- Naughty Faisal.....I have heard this also in other videos....LOL,1,2025-08-14T15:12:19Z
CzvGwqqc5q4,It's more looking like doremon ka gadget,1,2025-08-14T15:09:27Z
CzvGwqqc5q4,i saw this model in Los Angeles! it looks like hundai aura! after a while ,3,2025-08-14T14:54:44Z
CzvGwqqc5q4,It looks more like a sedan than an SUV.,7,2025-08-14T14:53:07Z
CzvGwqqc5q4,The screen is damn smooth omg,4,2025-08-14T14:51:12Z
CzvGwqqc5q4,"everything on a single screen🤧, its the major reason i also hate the MG Windsor",0,2025-08-14T14:37:26Z
CzvGwqqc5q4,9:23 That guy in the rear seat judging Faisal hard as he turns on Fart Indicators 😂,6,2025-08-14T14:11:33Z
CzvGwqqc5q4,And our useless politicians went for just showroom inauguration of this shittt,0,2025-08-14T14:08:43Z
CzvGwqqc5q4,9:13 verna,1,2025-08-14T14:02:26Z
CzvGwqqc5q4,"Personally I don't get the hype, the Model Y sold here can't do anything better than a BYD Sealion or frankly even a Harrier or XEV 9E can.",4,2025-08-14T13:53:49Z
CzvGwqqc5q4,Interior is shit bruh😂😂,0,2025-08-14T13:48:37Z
CzvGwqqc5q4,7:42 Sometimes it becomes difficult to understand whether he is serious or joking😂😂,1,2025-08-14T13:48:11Z
CzvGwqqc5q4,22:34 damn faisal's 0-100 in  tesla made the santro vanish!,24,2025-08-14T13:46:47Z
CzvGwqqc5q4,"Some random letters, turns out to be The DOOM :)",0,2025-08-14T13:35:41Z
CzvGwqqc5q4,Big Beautiful Tesla 😂,0,2025-08-14T13:26:48Z
CzvGwqqc5q4,What a sad design and interior choices.,0,2025-08-14T13:15:33Z
CzvGwqqc5q4,Xev 9e will do it for me 😊,1,2025-08-14T13:12:59Z
CzvGwqqc5q4,Wait!! Is it tesla in india??,2,2025-08-14T13:00:02Z
CzvGwqqc5q4,Faisal won't buy it though!,0,2025-08-14T12:51:03Z
CzvGwqqc5q4,"Saw the Thumbnail n thought, Why did Faisal got a Verna again 😂😂",15,2025-08-14T12:41:58Z
CzvGwqqc5q4,"Excellent drive for the US American Tesla car, Faisal man😎💪💥💯🔥!!!!",0,2025-08-14T12:33:51Z
CzvGwqqc5q4,vernaaaaaaaaaaaaaaaaaaaaaaa,0,2025-08-14T12:21:10Z
CzvGwqqc5q4,I am sure Faisal himself farted several times and named it on Tesla 😂,37,2025-08-14T12:20:29Z
CzvGwqqc5q4,The guy in the back is holding his laugh just for Faisal,2,2025-08-14T12:03:23Z
CzvGwqqc5q4,"No exhaust 
Only firt for tesla",2,2025-08-14T12:02:51Z
CzvGwqqc5q4,From the thumbnail I thought it's Verna,0,2025-08-14T11:55:13Z
CzvGwqqc5q4,"Zero noise, max thrill.

Exactly how Faisal's reviews hit.❤",1,2025-08-14T11:50:39Z
CzvGwqqc5q4,Be6 better,0,2025-08-14T11:37:12Z
CzvGwqqc5q4,I had to skip the moment you said body roll,0,2025-08-14T11:35:36Z
CzvGwqqc5q4,What do you mean by body roll like mahindra bolero,0,2025-08-14T11:34:55Z
CzvGwqqc5q4,This video should have been like the previous X5 video,1,2025-08-14T11:31:05Z
CzvGwqqc5q4,Center Passanger gets a head ? What about other passengers ?,1,2025-08-14T11:23:42Z
CzvGwqqc5q4,Verna ki badi behan who studied abroad😂,3,2025-08-14T11:22:16Z
CzvGwqqc5q4,This shitty car has more options in its display than my Samsung S25 Ultra settings screen. 😂😂😂,1,2025-08-14T11:22:09Z
CzvGwqqc5q4,8:57 Well that's what he said.,7,2025-08-14T10:29:02Z
CzvGwqqc5q4,OVERPRICED SHIT BOXX 👍🏻,2,2025-08-14T10:28:25Z
CzvGwqqc5q4,Thank god !Mahindra BE 9 E enough for me ❤,1,2025-08-14T10:28:01Z
CzvGwqqc5q4,Looks just like a refrigerator on wheels,2,2025-08-14T10:08:26Z
CzvGwqqc5q4,"As much as I love Tesla (I’m a big tech fan and even a Tesla investor), the pricing in India just doesn’t make sense. At this price point, you’re paying almost Model S money for a Model Y. On top of that, we don’t have a strong charging network here, and Tesla hasn’t rolled out Full Self-Driving(FSD) in India. Unless Tesla starts local production or the government reduces the steep import duties (which always seem to hurt Indian consumers), it’s just not a practical buy right now",0,2025-08-14T10:01:37Z
CzvGwqqc5q4,70l for this 🗑️😂😂😂,0,2025-08-14T10:00:22Z
CzvGwqqc5q4,VERNA EV LOOKS GREAT...............,0,2025-08-14T09:49:15Z
CzvGwqqc5q4,4:53 centre passenger gets a head???? 💀,26,2025-08-14T09:05:37Z
CzvGwqqc5q4,The aero cap for wheels looks  like an Exhaust fan 😅. Front boneet does looks like a new generation verna..people will buy this car for the sake of Elon musk's CAR,0,2025-08-14T09:05:27Z
CzvGwqqc5q4,the Guy in back seat is getting bored,0,2025-08-14T09:01:39Z
CzvGwqqc5q4,"Don’t know why people even buy tesla. Literally, a robot.",3,2025-08-14T09:00:10Z
CzvGwqqc5q4,I absolutely love it's minimalism,0,2025-08-14T08:55:55Z
CzvGwqqc5q4,"Not at all, and in my opinion ELECTRIC VEHICLES ARE MEANT FOR TRANSGENDERS 
I would choose to die rather than being interested in buying an electric car. I mean electric cars do not make any sense like na to torque, na power, stuck in road if battery drains out, electric cars have a bullshit design in the name of aerodynamics 
I have many more words for criticizing electric vehicles but ap log mujhe gaaliyan doge 😅",0,2025-08-14T08:50:54Z
CzvGwqqc5q4,Steering bhi kyu diya hai use bhi screen me hi daal dete.,0,2025-08-14T08:46:47Z
CzvGwqqc5q4,"🚗 Love it or hate it, the truth is that Tesla has done a remarkable job in technology. Whether it's Autopilot or Full Self-Drive or Performance. If any car could deliver itself from the showroom to the owner's house without a driver, you couldn't argue with the technology. 💯",24,2025-08-14T08:43:07Z
CzvGwqqc5q4,13:11 Sentry Mentioned 🗣🔥🗣🔥 RAHH!!! POWER OF 1000 EXPLODING SUNS 🗣🔥🗣🔥,32,2025-08-14T08:41:34Z
CzvGwqqc5q4,ts thing is worse than verna,0,2025-08-14T08:39:05Z
CzvGwqqc5q4,Looks like your subscribers hate Tesla more than they love you. (I'm your subscriber too tho I've watched it all😆),0,2025-08-14T08:22:39Z
CzvGwqqc5q4,"Drove it, idk the suspension feels similar to the XUV700 just a little more stiffer and also liked the music system prolly the best in segment, what do u think?",1,2025-08-14T08:20:58Z
CzvGwqqc5q4,BYD recommendation at 5:01 is crazy 💀,8,2025-08-14T08:15:51Z
CzvGwqqc5q4,10:53 ofc its random mr fizal 😂😂😂,75,2025-08-14T08:15:49Z
CzvGwqqc5q4,Fantastic car except the price 😊,0,2025-08-14T08:13:44Z
CzvGwqqc5q4,"I wanna see Mazda come to India. It would be so cool to see the Mazda3 Sedan in India and their CX-5 in India, along with the MX-5. It would be so nice to have these in India.",0,2025-08-14T08:09:58Z
CzvGwqqc5q4,Daily attendance 🤍🫂,0,2025-08-14T08:09:05Z
CzvGwqqc5q4,Slicker than iPad 😂😂😂,0,2025-08-14T08:05:15Z
CzvGwqqc5q4,Ye verna itni alag kyu dikhri h 🤡,0,2025-08-14T08:00:32Z
CzvGwqqc5q4,when will you gonna talk about E20 petrol ?,3,2025-08-14T07:53:02Z
CzvGwqqc5q4,"Well Mahindra offers better practicality with half the price. 
It's not about being patriotic or anything, but Indian brands EV are more feasible considering both the price and range.",1,2025-08-14T07:48:44Z
CzvGwqqc5q4,7:42 💀💀,2,2025-08-14T07:44:44Z
CzvGwqqc5q4,"oh my god i literally cringed while watching the video dude
PLEASE FOR GOD'S SAKE LEAVE THE ""that's what she said"" jokes behind ✌🏿✌🏿😭😭",0,2025-08-14T07:43:16Z
CzvGwqqc5q4,23:12 From 2022 onwards Model S and Model X is also left hand drive only,1,2025-08-14T07:40:35Z
CzvGwqqc5q4,the screen is fluid af!,15,2025-08-14T07:38:06Z
CzvGwqqc5q4,Just another gimmick,0,2025-08-14T07:31:40Z
CzvGwqqc5q4,Bro jb XEV 9E and Harrier ev jaisi cars india me hai to i dont think ki koi double price me tesla lega 😅,0,2025-08-14T07:29:17Z
CzvGwqqc5q4,The car is so minimalist looking from outside that it reminded me of my face serum,5,2025-08-14T07:27:56Z
CzvGwqqc5q4,"This car took the word ""minimalist"" too seriously",3,2025-08-14T07:26:38Z
CzvGwqqc5q4,Loliiest farter ... that that fastest overtake,0,2025-08-14T07:25:58Z
CzvGwqqc5q4,Car looks soo emptyyy,37,2025-08-14T07:22:03Z
CzvGwqqc5q4,Harrier ev QWD or xev9e pack three ? Faisal?,1,2025-08-14T07:22:03Z
CzvGwqqc5q4,"No talk of range on a review of an electric car , that's wierd",0,2025-08-14T07:21:57Z
CzvGwqqc5q4,487 TH LIKE SUPER FANTASTIC HIIIIIII FAISAL SIR WHTSUP BESTEST YOUTUBER MOTO VOLGGER THANKS FOR YOUR VALUABLE INFORMATION KEEP IT UP 👍👍👍❤️❤️❤️🚙🚙🚙,0,2025-08-14T07:21:54Z
CzvGwqqc5q4,This looks like shit😂,2,2025-08-14T07:16:16Z
CzvGwqqc5q4,A kid breaks the screen and you're screwed,2,2025-08-14T07:13:39Z
CzvGwqqc5q4,Faisal bhai ye sb toh bht kr liya ab NASCAR try krne ka time hai.,0,2025-08-14T07:12:41Z
CzvGwqqc5q4,EVs are not cars!,1,2025-08-14T07:11:08Z
CzvGwqqc5q4,Ppolo mpi 1.2,0,2025-08-14T07:09:20Z
CzvGwqqc5q4,"Bro what about RR CULLINIAN SERIES 2 ,  BENTLEY CONTINENTAL GT , Flying spur 
.  And FERRARI 12 CYLLINDRI BRO PLEASE I WANT ALL THE VIDEOS OF THESE . AND BRO I  
AM A 14 YEAR CAR ENTHUSIAST. PLEASE BRO REPLY.❤❤❤❤❤❤❤🎉",0,2025-08-14T07:08:33Z
CzvGwqqc5q4,Okay i really wanna know wat will be the service cost of this car in india!😂😂😂,0,2025-08-14T07:05:19Z
CzvGwqqc5q4,10:52 yes those are totally random😂,1,2025-08-14T07:04:03Z
CzvGwqqc5q4,Onetime like 3 or 4 years ago I went to bhimashankar which is like mountainish place while coming back I saw a tesla model 3 being tested like it was camouflaged,0,2025-08-14T07:00:17Z
CzvGwqqc5q4,a real car with real feelings,0,2025-08-14T06:59:12Z
CzvGwqqc5q4,good car not amazing with the way USA is against INDIA now with tariff war so we should ignore this car until it costs less at least half this on road price .... waiting for AMG CLE 53 review yellow looks amazing on the AMG CLE 53,0,2025-08-14T06:57:12Z
CzvGwqqc5q4,10:53  random letter's hun!🌝🌝,1,2025-08-14T06:53:29Z
CzvGwqqc5q4,"Man why everyone shifting to video game looking cars please launch cars which looks like cars atleast, it's not futuristic it's making work easy they removed the bezels and pixels for this look",0,2025-08-14T06:53:10Z
CzvGwqqc5q4,"How many think that, this is too gimicky... I am sure the song and light show will happen in India on the middle of the road, on highways, in societies, just because...",0,2025-08-14T06:50:44Z
CzvGwqqc5q4,"Hi Faisal, can you please make a video on NS400z updated model! Thanks",4,2025-08-14T06:48:59Z
CzvGwqqc5q4,Omg tesla launched in india and what about those USA tariffs?,0,2025-08-14T06:47:49Z
CzvGwqqc5q4,"Hyundai did not launch the electric version of verna, so tesla did",217,2025-08-14T06:46:27Z
CzvGwqqc5q4,Imagine paying more for this car and getting worse roads and less features (such as autopilot),0,2025-08-14T06:44:56Z
CzvGwqqc5q4,"16:16 why to pay 63 Lakhs, when Lord Espresso offers the same feature.",11,2025-08-14T06:42:48Z
CzvGwqqc5q4,Because of taxes ths cost nearly 70 lakhs and i America 35,2,2025-08-14T06:42:32Z
CzvGwqqc5q4,It’s so nice that Tesla came to India even though I’m not a fan of them. Such a nice moment for my country.,2,2025-08-14T06:41:57Z
CzvGwqqc5q4,why does  the front look eerily similar to 3rd gen verna with those tube lights ?,1,2025-08-14T06:41:07Z
CzvGwqqc5q4,Verna downgraded!,1,2025-08-14T06:37:48Z
CzvGwqqc5q4,Too overpriced,0,2025-08-14T06:36:57Z
CzvGwqqc5q4,"Boycott American Car Tesla
Buy Indian cars 
Vocal for Local 🇮🇳",0,2025-08-14T06:35:24Z
CzvGwqqc5q4,Place it near a Mahindra BE6.,1,2025-08-14T06:34:07Z
CzvGwqqc5q4,It's like bringing your NRI cousin straight into Wasseypur. That's what Zakir Khan said😅😂,7,2025-08-14T06:31:12Z
CzvGwqqc5q4,Bekar gaadi hai mat lena. Gaadi mei engine hi nahi hai.,1,2025-08-14T06:29:33Z
CzvGwqqc5q4,"At 1:10 Wow.
At 2:37 Coupe cars don't need rear wiper because of the sloping roof line. You don't know.
At 4:54 Permanent dialogue of him.
At 9:12 His 📱 wallpaper 😂😂.
At 9:14 The design of the Tesla Model Y is similar to Hyundai Verna 😂😂.
At 19:44 Is the person sitting in the backseat is smiling 😁😁.
At 25:27 His dance is very funny 🤣🤣🤣 😆😆😆 😂😂😂 😹😹😹.",11,2025-08-14T06:24:47Z
CzvGwqqc5q4,Verna looks way more beautiful n upmarket than this,4,2025-08-14T06:20:38Z
CzvGwqqc5q4,Too costly for no reason..!,3,2025-08-14T06:19:28Z
CzvGwqqc5q4,Centre passenger also get head ☠️🌚,1,2025-08-14T06:16:43Z
CzvGwqqc5q4,Mahindra xev9 is 100 times better than this tesla garbage😂,1,2025-08-14T06:15:34Z
CzvGwqqc5q4,We have much better option here in india than this overpriced toy😂😂fart mode seriously 😂...,2,2025-08-14T06:13:59Z
CzvGwqqc5q4,The design looks perfect for 3rd world countries at a price of 70 to 75L and they know people will buy it like an iPhone to show their status.,6,2025-08-14T06:11:49Z
CzvGwqqc5q4,Overpriced and overhyped AF😢,1,2025-08-14T06:11:05Z
CzvGwqqc5q4,First 30 comments,0,2025-08-14T06:10:41Z
CzvGwqqc5q4,Why does Tesla cars look so boring both outside and inside 🥀,1,2025-08-14T06:09:50Z
CzvGwqqc5q4,That's what she said...is quite dated and repetitive now... better change it in the upcoming videos,0,2025-08-14T06:09:38Z
CzvGwqqc5q4,"Faisal, which movie will you watch first Coolie or War 2 ?? 😅",3,2025-08-14T06:08:49Z
CzvGwqqc5q4,"Honestly? The Autopilot should never be an option at all, given some people here in India take advantage of ADAS in a bad way. It's not as good looking as the BE6 or even a Lotus EV car (Eletre or Emeya)",4,2025-08-14T06:08:36Z
CzvGwqqc5q4,First!,61,2025-08-14T06:08:06Z
CzvGwqqc5q4,MIND BOGGLING PHENOMENAL FASBEAM ❤,0,2025-08-14T06:08:04Z
CzvGwqqc5q4,"I want to see u driving a cool german car for 1 hr with an ambient music , alpine background. Like this comment fas will do it",1332,2025-08-14T06:06:49Z
CzvGwqqc5q4,Nice Hyundai Verna,4,2025-08-14T06:04:27Z
CzvGwqqc5q4,So many first viewers in comment section 😅🤣,0,2025-08-14T06:04:23Z
CzvGwqqc5q4,"buying a model Y for 63 lakhs without the extra options is insane, even GLA or X1  EV's feels VFM, this is just an overhyped car",32,2025-08-14T06:03:55Z
CzvGwqqc5q4,1sr,0,2025-08-14T06:02:51Z
CzvGwqqc5q4,I would prefer mahindra or tata anyday over a tesla 🥱,91,2025-08-14T06:02:27Z
CzvGwqqc5q4,Too Minimalistic Car🚙🚙🚙🚙🚙,1,2025-08-14T06:02:10Z
CzvGwqqc5q4,The only channel in the country where the car has been given the beaanss!!!,49,2025-08-14T06:02:09Z
CzvGwqqc5q4,Is ts tuf in Mumbai 🥀🥀🥀💔💔💔,24,2025-08-14T06:01:48Z
CzvGwqqc5q4,hey bro,0,2025-08-14T06:01:21Z
CzvGwqqc5q4,1st,0,2025-08-14T06:01:09Z
CzvGwqqc5q4,First view,0,2025-08-14T06:01:06Z
CzvGwqqc5q4,First❤,0,2025-08-14T06:01:02Z
CzvGwqqc5q4,How many are excited that Tesla has entered India?,140,2025-08-14T06:00:59Z
mWXeNZOrBho,"Get on a call  with our Auto-Experts for the best car recommendations that suit your requirements. https://motoroctane.com/car-consultancy

For faster communication drop a “hi” on this WhatsApp link https://wa.me/918779952811 

Click on this link to download the app MotorOctane app
https://cutt.ly/Aev7p5GP",12,2025-07-23T06:26:41Z
mWXeNZOrBho,"Even if BE6 and Tsla both were of same price, I shall choose BE6 over tesla❤❤❤",1,2026-03-24T10:55:18Z
mWXeNZOrBho,Yes,0,2026-03-22T09:14:02Z
mWXeNZOrBho,Super untadhi,0,2026-03-14T16:34:54Z
mWXeNZOrBho,Dono hi nahi hai 😂,0,2026-03-06T11:13:36Z
mWXeNZOrBho,Glass roof ki wajah se gaadi kam majboot hai kitni simple hai interior tara Sierra and avinya jindabad,0,2026-02-13T16:10:43Z
mWXeNZOrBho,Never!,0,2026-01-31T11:22:37Z
mWXeNZOrBho,yes,0,2026-01-23T16:01:10Z
mWXeNZOrBho,Yes,0,2025-12-20T14:41:58Z
mWXeNZOrBho,Verna,0,2025-12-04T14:49:34Z
mWXeNZOrBho,Too expensive,0,2025-12-04T12:34:50Z
mWXeNZOrBho,Yes,0,2025-12-01T13:52:26Z
mWXeNZOrBho,Bhai hum to sirf video dekh kar hi khush ho rhe h...lene wale lenge....Hume kya...,0,2025-11-30T13:20:46Z
mWXeNZOrBho,Itnai may fortuner na lalo,0,2025-11-28T09:51:57Z
mWXeNZOrBho,Tesla is worth 30 lakhs but in India it cost 60 lakhs because of taxes,0,2025-11-17T09:31:12Z
mWXeNZOrBho,Jab tak fast charging till 100% within 1 to 2 hour ka infrastructure readily available nahi hota India mein...tab tak ev car leneka ka koi matlab nahi....my personal opinion,0,2025-11-17T05:13:14Z
mWXeNZOrBho,MG Windsor EV same,0,2025-11-16T17:18:43Z
mWXeNZOrBho,Price please,0,2025-11-12T16:30:03Z
mWXeNZOrBho,Waiper Pina haisa bada parish may,0,2025-11-10T17:20:51Z
mWXeNZOrBho,Nise tesla but renj not exception,0,2025-11-06T17:09:16Z
mWXeNZOrBho,No,0,2025-11-05T15:04:36Z
mWXeNZOrBho,Yes we will buy,0,2025-10-11T14:24:32Z
mWXeNZOrBho,Koyi nahi lega,0,2025-09-28T13:02:53Z
mWXeNZOrBho,I have already,0,2025-09-28T06:48:24Z
mWXeNZOrBho,Tesla toh nhi but tasla yes,0,2025-09-17T16:10:11Z
mWXeNZOrBho,Isse accha yaar mercedes ya bmw lele iska design bhi accha nhi hai aur jo feel mercedes deti hai wo ye bilkul nhi de payegi aur idina road ka koi bharosa nhi yaha pe log gadi aise thokte hai hai jaise india pakistan ko,0,2025-09-17T12:51:17Z
mWXeNZOrBho,Wah bhai agar battery khatam ho gya toh button daba kai door khulega😂,0,2025-09-11T14:59:38Z
mWXeNZOrBho,Bilkul nahi lenge. Kuch Jyada hi costly hai.  Aur India ke sadabahar roads ke layak hai ki nahi tesla vo bhi dekhne wali baat hogi,0,2025-09-10T17:25:12Z
mWXeNZOrBho,Mahindra BE6 looks better,1,2025-09-09T02:37:59Z
mWXeNZOrBho,Karol Bagh 😅😂,0,2025-09-06T13:05:12Z
mWXeNZOrBho,Price ki a,0,2025-09-03T06:31:48Z
mWXeNZOrBho,Boycott Tesla...they are charging 50% tarriff on Indian products...Boycott Tesla,0,2025-08-29T16:03:36Z
mWXeNZOrBho,"I Shall Not Buy Tesla 
India Allready Made Ev",1,2025-08-26T01:09:12Z
mWXeNZOrBho,How much will it cost?,0,2025-08-25T19:16:18Z
mWXeNZOrBho,Bhai ham to be6e lenge,0,2025-08-23T06:36:31Z
mWXeNZOrBho,Nehi !,0,2025-08-19T18:30:51Z
mWXeNZOrBho,India origin ki cars use Karo support TATA and Mahindra Cars Atmanirbhar Bharat Boycott Foreign origin items  American Terrif 👎,1,2025-08-19T10:21:38Z
mWXeNZOrBho,30 lakhs 😊 60 lakhs 🤡,1,2025-08-13T06:13:40Z
mWXeNZOrBho,100% tax and we are crying that trump is imposing tarrif on us...???,0,2025-08-10T18:21:14Z
mWXeNZOrBho,nahi bhai BMW the best,0,2025-08-10T11:06:49Z
mWXeNZOrBho,Any 8 seater with diesel option with a driver and up to 3-4 years easy drive at that sum 😅,0,2025-08-06T06:21:12Z
mWXeNZOrBho,😮,0,2025-08-05T14:11:28Z
mWXeNZOrBho,Future I want to buy Tesla model 3 or model y🎉,0,2025-08-04T18:09:05Z
mWXeNZOrBho,Chhii is se achaa me utni he price me bmw m3 le lu,0,2025-08-04T09:27:28Z
mWXeNZOrBho,Yse,0,2025-08-04T07:30:21Z
mWXeNZOrBho,Mg Windstor is much better,0,2025-08-02T07:19:55Z
mWXeNZOrBho,Jaise ayi waise hi jayegi😂😂😂😂,0,2025-08-02T07:19:12Z
mWXeNZOrBho,Yes sir  we are  talking  tesla,0,2025-07-31T14:43:21Z
mWXeNZOrBho,"Government's import duty collection will surge drastically, which will help in building up our nation.",0,2025-07-31T14:03:49Z
mWXeNZOrBho,Free me dega to lunga😅,0,2025-07-29T08:04:59Z
mWXeNZOrBho,मैं यह जरूर लूंगा अगर मेरी यूपी में आएगी तो,0,2025-07-28T18:06:55Z
mWXeNZOrBho,Be6,0,2025-07-28T16:16:35Z
mWXeNZOrBho,"Tesla❎
Tax la ✅",0,2025-07-28T04:23:32Z
mWXeNZOrBho,Yes bro ham log kya to paise bhi a gaye Tesla ke liye,0,2025-07-27T15:58:44Z
mWXeNZOrBho,Yes it is America american car,0,2025-07-27T15:35:24Z
mWXeNZOrBho,Yes.  👍,0,2025-07-26T15:03:58Z
mWXeNZOrBho,Worst car,0,2025-07-26T05:29:54Z
mWXeNZOrBho,Only crorepati will prefer... For us Mahindra ❤,0,2025-07-26T04:21:54Z
mWXeNZOrBho,What onroad price,0,2025-07-26T02:01:48Z
mWXeNZOrBho,Itni mehngi nhi chalegi,0,2025-07-25T18:32:22Z
mWXeNZOrBho,Same body design verna ka bhi hai uske top model mai esse jayada features mil jayega aur uska price approx 20-25 lakh hai aur ye 62aur69 lakh,0,2025-07-25T04:23:23Z
mWXeNZOrBho,Aa to hyundai verna ka copy Kiya,0,2025-07-25T04:13:46Z
mWXeNZOrBho,Nooooooooooooooo,0,2025-07-24T17:52:24Z
mWXeNZOrBho,Nhi lena bakwas gadi,0,2025-07-24T15:09:22Z
mWXeNZOrBho,Bakwas Itne Me Thoda Paisa Laga Ke BMW Na Lele,0,2025-07-24T14:28:11Z
mWXeNZOrBho,Car is good but in this price I prefer fortuner infact I don't like fortuner but I choose it,0,2025-07-24T08:16:30Z
mWXeNZOrBho,Tata harrier ❤,0,2025-07-24T06:38:43Z
mWXeNZOrBho,Don't buy american product unless it's made in india. Have some shame.,0,2025-07-23T00:31:24Z
mWXeNZOrBho,Buy 2 get 1,0,2025-07-22T20:15:11Z
mWXeNZOrBho,Texla,0,2025-07-22T20:15:01Z
mWXeNZOrBho,❤️,0,2025-07-22T16:19:02Z
mWXeNZOrBho,Sabse badhiya apna tata curv,0,2025-07-22T16:12:34Z
mWXeNZOrBho,Never,0,2025-07-22T03:30:51Z
mWXeNZOrBho,Be6 vs Tesla please 😅😅😅,0,2025-07-22T01:52:49Z
mWXeNZOrBho,India ki Taqat Only Tata EV Jai Hind,0,2025-07-21T22:50:13Z
mWXeNZOrBho,Yes❤,0,2025-07-21T16:01:00Z
mWXeNZOrBho,Tesla lene wale aapke videos nahi dekhenge sir,0,2025-07-21T14:59:29Z
mWXeNZOrBho,"Kbhi bhi nhi, bhut bakwaas gadi banayi h",0,2025-07-21T09:05:49Z
mWXeNZOrBho,अगर इतना ही प्रचार अपनी इंडिया कार कंपनी का करता तो कितना अच्छा होता,0,2025-07-21T07:23:14Z
mWXeNZOrBho,It doesn't have a simple apple car play and android auto .,0,2025-07-21T03:38:04Z
mWXeNZOrBho,Already booked😎😎,0,2025-07-20T15:30:35Z
mWXeNZOrBho,Tax batana Bhul gaya bro😂😂😂,0,2025-07-20T14:12:10Z
mWXeNZOrBho,"30lakh serf tax lagta hai tesla pi 😂😂 our India mi auto driver modde use full nhi ,,west of money hai bye tesala",0,2025-07-20T13:47:40Z
mWXeNZOrBho,What's the price,0,2025-07-20T12:36:01Z
mWXeNZOrBho,EKDAM FAKKAR HA,0,2025-07-20T11:37:39Z
mWXeNZOrBho,Speed-o-metre & Tacometre ??,1,2025-07-20T09:10:24Z
mWXeNZOrBho,Tesla will fail,0,2025-07-20T08:58:43Z
mWXeNZOrBho,Nahi itna ret me kon lega ise acha Mercedes car,0,2025-07-20T08:25:36Z
mWXeNZOrBho,TATA,0,2025-07-20T07:57:23Z
mWXeNZOrBho,"Model aagya inspiration ready,  TATA Mahindra, are you ready😊",0,2025-07-20T07:54:47Z
mWXeNZOrBho,Tesla❌ kachre ka diba✅,0,2025-07-20T06:16:37Z
mWXeNZOrBho,I detect sarcasm,0,2025-07-19T17:50:35Z
mWXeNZOrBho,Tesla copied verna,0,2025-07-19T17:36:55Z
mWXeNZOrBho,Bekar looks hain. Maine samne se dekha hai,0,2025-07-19T17:28:01Z
mWXeNZOrBho,Bhai me bhe lega,0,2025-07-19T16:26:12Z
mWXeNZOrBho,Yes,0,2025-07-19T13:41:23Z
mWXeNZOrBho,US ME tesla or india me tax la,0,2025-07-19T12:12:04Z
mWXeNZOrBho,🚨🚨TATA has 60% control on indian electric car market 😅,0,2025-07-19T09:09:14Z
mWXeNZOrBho,"Ye kachra 65 lakh me, merc C class and bmw 3 series much more luxury than this crap in same price range",0,2025-07-19T05:48:40Z
mWXeNZOrBho,What ever we only like bmw,0,2025-07-19T04:43:45Z
mWXeNZOrBho,"Please somebody give me Rs.65 Lakhs!

Please! I want to buy that Tesla car! 😲😲",0,2025-07-19T04:43:24Z
mWXeNZOrBho,😂,0,2025-07-19T04:19:49Z
mWXeNZOrBho,Interiors looks like base model of maruthi cars,0,2025-07-18T16:54:56Z
mWXeNZOrBho,Y_taxlaw_Y,0,2025-07-18T16:39:31Z
mWXeNZOrBho,Lena to char chahti hun lekin aukat ek ki bhi nahin Hai,0,2025-07-18T15:10:09Z
mWXeNZOrBho,Jo pagal hoga wahi khareedega,0,2025-07-18T14:16:59Z
mWXeNZOrBho,The price has to come down further. If it comes to 30 to 35 lacs I would seriously consider it.,0,2025-07-18T13:25:40Z
mWXeNZOrBho,Worst of money 😂😂,0,2025-07-18T12:50:22Z
mWXeNZOrBho,"IT'S JUST A iPHONE OF CARS. 
(WHICH PEOPLE BUY TO SHOWOFF)",0,2025-07-18T12:26:39Z
mWXeNZOrBho,EV hai toh chahiye hi nahi 😂😂,1,2025-07-18T11:51:37Z
mWXeNZOrBho,TATA and Mahindra is the best in EVs for India and Indians ❤,5,2025-07-18T11:37:43Z
mWXeNZOrBho,Who would buy double price tesla to drive on indian roads 😂,0,2025-07-18T11:35:06Z
mWXeNZOrBho,most incredible car.,0,2025-07-18T11:13:32Z
mWXeNZOrBho,"Well, this TESLA doesn't even feel luxurious. It will not last long😂😂😂",0,2025-07-18T10:33:01Z
mWXeNZOrBho,"नहीं लेंगे  तेरा तसला मोटर 
 अपनी टाटा महिंद्रा ही बेस्ट है",0,2025-07-18T10:19:36Z
mWXeNZOrBho,Tata and Mahendra best,0,2025-07-18T09:53:32Z
mWXeNZOrBho,😂,0,2025-07-18T09:38:48Z
mWXeNZOrBho,Tesla ❌ Taxla ✅,0,2025-07-18T09:29:23Z
mWXeNZOrBho,Nai lena,0,2025-07-18T09:16:56Z
mWXeNZOrBho,"American EV❌️
Indian EV✅️",0,2025-07-18T08:57:19Z
mWXeNZOrBho,Tata Mahindra ka sales aur badh jayega isko dekhke,0,2025-07-18T08:25:00Z
mWXeNZOrBho,This car is not made for India.... infrastructure not suitable for it 😅,0,2025-07-18T08:24:45Z
mWXeNZOrBho,Main tou nahi le raha shitbox😅,0,2025-07-18T07:21:25Z
mWXeNZOrBho,Glass roof😂,0,2025-07-18T07:14:59Z
mWXeNZOrBho,"one more American brand, ye b flop na ho jaye",1,2025-07-18T06:46:41Z
mWXeNZOrBho,No,0,2025-07-18T06:38:23Z
mWXeNZOrBho,Tata walo ko balu kya😂,0,2025-07-18T06:18:04Z
mWXeNZOrBho,"Mere pass paise hoge to bhi nahi lunga 
Tata harrier ev lunga 😂😂😂",0,2025-07-18T06:17:20Z
mWXeNZOrBho,Tata ka isse half price me aa jaayega 👍,0,2025-07-18T05:50:09Z
mWXeNZOrBho,Tata EVs ke rahte Tesla ka kya kaam india me 😂,0,2025-07-18T05:49:03Z
mWXeNZOrBho,Kiya ghatiya hai 😅,0,2025-07-18T03:51:56Z
mWXeNZOrBho,❤️,0,2025-07-18T00:42:07Z
mWXeNZOrBho,mahindra is better 😊,0,2025-07-17T18:55:06Z
mWXeNZOrBho,Nahi bhai.. isse achha to mai plot book karke Ghar bhi banalu.. Zameen hai to sona uglegi hi..,0,2025-07-17T18:37:01Z
mWXeNZOrBho,Vipers????,0,2025-07-17T18:29:38Z
mWXeNZOrBho,It's Tax sla,0,2025-07-17T18:24:20Z
mWXeNZOrBho,"लेलो , सस्ती हो जाए और 30 साल तक दिल्ली गवर्मेंट allow करे तो बताना ।",0,2025-07-17T17:48:46Z
mWXeNZOrBho,Free give away karo elon musk cha cha,0,2025-07-17T17:48:44Z
mWXeNZOrBho,👎,0,2025-07-17T17:23:54Z
mWXeNZOrBho,Karol bagh modification waiting for it,0,2025-07-17T17:18:20Z
mWXeNZOrBho,35 lakh kafi h,0,2025-07-17T16:44:42Z
mWXeNZOrBho,Its been 2 years that tesla is in nepal😂,0,2025-07-17T16:32:41Z
mWXeNZOrBho,Tax is too much,0,2025-07-17T16:21:52Z
mWXeNZOrBho,Mahindra ❤Tata❤,0,2025-07-17T16:14:54Z
mWXeNZOrBho,Jitna tax denge utne ki zameen khareed le insan.... jo waqt se keemt badhegi,0,2025-07-17T15:54:29Z
mWXeNZOrBho,Yes,0,2025-07-17T14:56:54Z
mWXeNZOrBho,"I have a Tesla here, and let me tell you, it is a bang for the buck! sasta hai relatively .. 40 lakh kuch, and in terms of features, it is lightyears ahead of all other car companies. Full Self Driving feature is too good.

But with a price tag of 70lakh, I might have not bought it honestly. Nevertheless, it is a superb car without a doubt!",0,2025-07-17T14:53:19Z
mWXeNZOrBho,"Yes, we will buy",0,2025-07-17T14:45:11Z
mWXeNZOrBho,Koi feature to dikh nyi raha bs bodi bej di 70 lakh me,0,2025-07-17T14:37:24Z
mWXeNZOrBho,Harrier EV,0,2025-07-17T13:21:00Z
mWXeNZOrBho,Hand movement=forest auto,0,2025-07-17T13:10:33Z
mWXeNZOrBho,Harriet Ev laughing in corner 😅,0,2025-07-17T12:46:00Z
mWXeNZOrBho,Is Tesla ka hm kya krenge 😂😂,0,2025-07-17T12:07:03Z
mWXeNZOrBho,Achi hai lekin tata❤❤ best hai Indians ke liye,0,2025-07-17T11:41:07Z
mWXeNZOrBho,Noooo,0,2025-07-17T11:32:18Z
mWXeNZOrBho,The Only  best is Tata Nexon. Pride of india use swadeshi ...,0,2025-07-17T11:04:20Z
mWXeNZOrBho,It has less features than the Tesla model y in the usa and the price in india is more than in usa. Ig they are trying to promote to buy indian EVs only and dont but our tesla😂,0,2025-07-17T11:04:18Z
mWXeNZOrBho,Tata Harrier 😊,0,2025-07-17T10:59:27Z
mWXeNZOrBho,Nhi kyuki dubai mai texi ke rup mai chliti hai tesla . Jo cheap hai hm logo ko shoot nhi krta tesla texi 😂😂😂,0,2025-07-17T10:28:48Z
mWXeNZOrBho,Tata ev is best,0,2025-07-17T09:49:40Z
mWXeNZOrBho,Only Tata car are best,0,2025-07-17T09:49:25Z
mWXeNZOrBho,Bekar hain.,0,2025-07-17T09:27:22Z
mWXeNZOrBho,"Atleast basic fuctions like AC should be given seperately, while driving the driver they cannot navigate to the AC control through the screen, it may distract the driver, DO BETTER TESLA",0,2025-07-17T09:10:22Z
mWXeNZOrBho,Harrier EV ❤,0,2025-07-17T09:05:11Z
mWXeNZOrBho,Tata Mahindra have much better! But i think it can still compete in Luxury segment with BMW xi,1,2025-07-17T08:55:10Z
mWXeNZOrBho,Mahendra EV....👍,0,2025-07-17T08:53:13Z
mWXeNZOrBho,19s ka model lg rha hai😅😅😂😂,0,2025-07-17T08:53:03Z
mWXeNZOrBho,I bought one 😅,0,2025-07-17T08:32:12Z
mWXeNZOrBho,Yes pahle,0,2025-07-17T08:20:14Z
mWXeNZOrBho,Tesla Y ❌Harrier ev✅,0,2025-07-17T07:55:05Z
mWXeNZOrBho,60 lacks for this 😂😂😂,1,2025-07-17T07:53:21Z
mWXeNZOrBho,How many common indians can buy this?,0,2025-07-17T07:51:21Z
mWXeNZOrBho,Quality looks cheap,0,2025-07-17T07:41:19Z
mWXeNZOrBho,Tata harrier. Ev ❤❤❤❤,0,2025-07-17T07:20:00Z
mWXeNZOrBho,Milage kitna degi 😂😂,1,2025-07-17T06:02:08Z
mWXeNZOrBho,2 EV aa jyegi is se achi india ki,0,2025-07-17T05:39:36Z
mWXeNZOrBho,100rs kam pad gye nhi toh leleta😂,0,2025-07-17T05:10:08Z
mWXeNZOrBho,Toy car,0,2025-07-17T04:57:10Z
mWXeNZOrBho,Tesla ya TAXLA,0,2025-07-17T04:28:36Z
mWXeNZOrBho,"We prefer Mahendra, Tata and Maruti Suzuki over tesla in india.... Kyuki Indian logo ko Affordable gadi chahiye jo mileage bhi achi de. Or Family compact bhi ho. Or ache rate me ho",1,2025-07-17T04:23:34Z
mWXeNZOrBho,tesla will not survive indian markets,0,2025-07-17T04:02:21Z
mWXeNZOrBho,TATA mahindra better than tesla in Ind,0,2025-07-17T03:35:10Z
mWXeNZOrBho,Tata & Mahindra are leagues ahead of this Car and that too in half price.,0,2025-07-17T03:34:39Z
mWXeNZOrBho,30L ki gadi ka 70L nai dena chahiye so tata or Mahindra is best for India 👍,0,2025-07-17T03:22:13Z
mWXeNZOrBho,Wiper nhi hai toh kya log truck jaisa kapde se utar ke windshield saaf karenge 😂,0,2025-07-17T03:17:11Z
mWXeNZOrBho,"क्या आप इंडिया मे Tesla लोगे? 🇮🇳
 Hit Like if answer is  ""BIG NO"" 😂",1,2025-07-17T02:58:15Z
mWXeNZOrBho,No i will prefer to buy a toyota,0,2025-07-17T01:52:59Z
mWXeNZOrBho,I'll prefer mahindra xev 9e in 30 lakhs instead of this 70 lakhs tin box😅,0,2025-07-17T01:49:12Z
mWXeNZOrBho,No,1,2025-07-17T01:13:56Z
mWXeNZOrBho,Texla 😂😂😂😂,0,2025-07-17T01:04:11Z
mWXeNZOrBho,😂😂 koi chu he kharidegaa with wierd reason,0,2025-07-17T00:30:45Z
mWXeNZOrBho,I will  always and anyday buy an indian car.,0,2025-07-17T00:00:56Z
mWXeNZOrBho,Bahar isko koi nahi leta but india and Pakistan wale apna baap bolke lenge ise with premium price 😂,0,2025-07-16T22:19:57Z
mWXeNZOrBho,No,0,2025-07-16T20:13:42Z
mWXeNZOrBho,BYD is better,0,2025-07-16T20:07:13Z
mWXeNZOrBho,Book bhi ki😅,0,2025-07-16T19:35:15Z
mWXeNZOrBho,"I don’t understand why Tesla is so overhyped….I don’t find these cars at all competitive specially when talking about Indian markets, sentiments and road conditions!!",0,2025-07-16T19:32:37Z
mWXeNZOrBho,100% tax✅,0,2025-07-16T19:29:26Z
mWXeNZOrBho,No,0,2025-07-16T19:25:45Z
mWXeNZOrBho,Ja k road minister se pucho road sahih kab hoge fir tesla lege,0,2025-07-16T19:21:19Z
mWXeNZOrBho,The people who say Indian EVs r better they are ludicrous as they have not driven Tesla.,0,2025-07-16T19:04:25Z
mWXeNZOrBho,Jarror lege Bhai tesla,0,2025-07-16T18:46:16Z
mWXeNZOrBho,Chcek BYD SEALION 7,0,2025-07-16T18:40:22Z
mWXeNZOrBho,"Me gheyel ek divas tesla 
Abhi ye mera dream he",1,2025-07-16T18:38:59Z
mWXeNZOrBho,Itni prices main 2 mahindra BE6e chalu,1,2025-07-16T18:31:59Z
mWXeNZOrBho,Nice One Brother ❤️🔥👌,2,2025-07-16T18:26:50Z
mWXeNZOrBho,Nahi,0,2025-07-16T18:23:25Z
mWXeNZOrBho,"चाइनीज माल की इतनी इज्जत मत किया करो ठीक है भाई जी 
राम राम 🙏🙏🙏🙏",0,2025-07-16T18:15:38Z
mWXeNZOrBho,Byd 100 better than tesla,0,2025-07-16T18:09:38Z
mWXeNZOrBho,No.. 20-30 lakhs all these features are available.. Tesla will be overpriced,0,2025-07-16T18:05:21Z
mWXeNZOrBho,Be6❤,0,2025-07-16T18:02:52Z
mWXeNZOrBho,Bekar hai for it's price.,0,2025-07-16T18:00:51Z
mWXeNZOrBho,han bhai lene hi ja raha tha  - tera video aagya toh ruk gaya hun ....🤭,0,2025-07-16T17:56:56Z
mWXeNZOrBho,Made in chuna sorry China he bhaiya 😂😂,0,2025-07-16T17:51:53Z
mWXeNZOrBho,Kabhi Nahi 😂,0,2025-07-16T17:39:49Z
mWXeNZOrBho,Kyu nhi.,0,2025-07-16T17:30:40Z
mWXeNZOrBho,Verna ko mat bhulo 😅,0,2025-07-16T17:28:21Z
mWXeNZOrBho,🎉❤,0,2025-07-16T17:21:58Z
mWXeNZOrBho,"Tata Safari be like: knock knock, Aapke Father aye hain😂",0,2025-07-16T17:19:14Z
mWXeNZOrBho,Good presentation!!,1,2025-07-16T17:09:52Z
mWXeNZOrBho,Iam going  to buy tata nexon ev 55 in diwali,0,2025-07-16T17:04:29Z
mWXeNZOrBho,30 lak ki car pe 28lak tax he ese hi India ki govt 😢😢,0,2025-07-16T17:03:05Z
mWXeNZOrBho,"design loos bland .. mahindra, tata >>>>>> tesla",0,2025-07-16T17:01:35Z
mWXeNZOrBho,"Now it's time to see the robustness of tesla vs tata 

I'm expecting tesla should collide with tata car and see what will happen 😂",0,2025-07-16T16:59:31Z
mWXeNZOrBho,India Walo endeavour Lado,0,2025-07-16T16:58:30Z
mWXeNZOrBho,Now Indians will realise the importance of indian automakers 😊,0,2025-07-16T16:55:26Z
mWXeNZOrBho,Looks like verna from the front..,0,2025-07-16T16:48:52Z
mWXeNZOrBho,Bhai i m a cycle guy 😂😂😂😂,0,2025-07-16T16:48:17Z
mWXeNZOrBho,What happened to your hair go try something,0,2025-07-16T16:47:04Z
mWXeNZOrBho,EV's are LGBTQ of vehicles 😂😂😂,0,2025-07-16T16:42:07Z
mWXeNZOrBho,No,0,2025-07-16T16:41:59Z
mWXeNZOrBho,east or west indian ev is the best best best❤,0,2025-07-16T16:41:34Z
mWXeNZOrBho,"Thank you Tesla ❤❤
 from TATA Harrier EV",0,2025-07-16T16:39:51Z
mWXeNZOrBho,Nahi,0,2025-07-16T16:35:51Z
mWXeNZOrBho,India Wale foreign companies ko laikr hamesha itne excited kyu rhte h insse ache toh humare Indian companies hote hai.,0,2025-07-16T16:32:27Z
mWXeNZOrBho,Overpriced..,0,2025-07-16T16:31:40Z
mWXeNZOrBho,🇮🇳,0,2025-07-16T16:20:37Z
mWXeNZOrBho,Maja nahi aaya bland hai😅😅Disco lights hai kya?😂,0,2025-07-16T16:18:24Z
mWXeNZOrBho,"I will buy a Harrier Ev and put rest of the money in the bank, if I choose to jump off the ICE bandwagon.",0,2025-07-16T16:16:12Z
mWXeNZOrBho,Waste of money,0,2025-07-16T16:09:15Z
mWXeNZOrBho,Bhai agr 10 lakh ki hoti toh jarur letaa,0,2025-07-16T16:09:07Z
mWXeNZOrBho,Not interested in tesla,0,2025-07-16T15:33:40Z
mWXeNZOrBho,No excitement at all😂😂😂,0,2025-07-16T15:08:55Z
mWXeNZOrBho,Gonna see more driving dancing cars,0,2025-07-16T15:06:36Z
mWXeNZOrBho,"1 Byd 
1 tata harrier 
Ajayega dono electric against 1 tesla car 😂",0,2025-07-16T14:58:32Z
mWXeNZOrBho,Na bhai HARRIER.EV is batter with low price 😊,0,2025-07-16T14:50:39Z
mWXeNZOrBho,"Kya  h  ye.... ???  Tempoo......

Fail hogi  India  me....",0,2025-07-16T14:49:51Z
mWXeNZOrBho,It's looking like a dustbin 😂😂😂,0,2025-07-16T14:40:00Z
mWXeNZOrBho,This says if Mahindra and Tata go to west they will be super hit,0,2025-07-16T14:11:55Z
mWXeNZOrBho,I had visited Mahindra showroom 10 days ago and Tesla is looking like 10 years behind of Mahindra and Tata in EVs,0,2025-07-16T14:11:13Z
mWXeNZOrBho,No,0,2025-07-16T14:09:55Z
mWXeNZOrBho,New verna,0,2025-07-16T13:54:41Z
mWXeNZOrBho,"Nhiiiii
Only indian",0,2025-07-16T13:52:54Z
mWXeNZOrBho,Verna💀,0,2025-07-16T13:52:46Z
mWXeNZOrBho,No,0,2025-07-16T13:47:17Z
mWXeNZOrBho,No,0,2025-07-16T13:30:44Z
mWXeNZOrBho,Tesla🤮🤢,0,2025-07-16T13:30:34Z
mWXeNZOrBho,Nhi chalegi india m,0,2025-07-16T13:25:12Z
mWXeNZOrBho,Ye telta flop honai bali h india mai,0,2025-07-16T13:12:11Z
mWXeNZOrBho,What is the price?,0,2025-07-16T12:56:44Z
mWXeNZOrBho,Mai jarur lunga pr jb paise aa jayenge or price 30  lakh tk ho jayega 😂,1,2025-07-16T12:50:30Z
mWXeNZOrBho,Tata and mahindra ❤,0,2025-07-16T12:49:54Z
mWXeNZOrBho,Gooo for tata,0,2025-07-16T12:42:10Z
mWXeNZOrBho,No because Tesla is so expensive my budget is just 15 lakh,0,2025-07-16T12:24:00Z
mWXeNZOrBho,"Anbani and Adani will only be able to buy at that price as no normal or middle class can afford with an import duty 
Nitin Gadkari might buy it to fulfill his likes of driving an EV car",0,2025-07-16T12:18:52Z
mWXeNZOrBho,Isase achcha tata harrier EV la langa😂😂😂😂😂,0,2025-07-16T12:16:46Z
mWXeNZOrBho,"How much does it cost to change battery full
To fill tank of My disel swift cost 2 minutes😂😂😂",0,2025-07-16T12:15:57Z
mWXeNZOrBho,No,0,2025-07-16T12:05:37Z
mWXeNZOrBho,Flop,0,2025-07-16T12:05:01Z
mWXeNZOrBho,in this price fortuner is also here,0,2025-07-16T11:58:26Z
mWXeNZOrBho,Nope,0,2025-07-16T11:57:10Z
mWXeNZOrBho,Tata mahindra best h ❤,0,2025-07-16T11:52:46Z
mWXeNZOrBho,No,0,2025-07-16T11:52:22Z
mWXeNZOrBho,Bhai Aisi Galti Kabhi Nahin karunga 😂😂,0,2025-07-16T11:39:29Z
mWXeNZOrBho,Mene abhi nexon li hai electric isse achi chalegi ye pata hai😊,0,2025-07-16T11:39:01Z
mWXeNZOrBho,Now there is a big competitor of harrier EV,0,2025-07-16T11:38:23Z
mWXeNZOrBho,"Better cars under 60 lakh budget… if we ignore auto-driving (also, we don’t know how well it’s optimized for Indian roads and traffic, so I won’t risk my life):
1.  BE 6E PACK 3 TOP MODEL - 27 lakh
2.  XEV 9E Top Model - 32 lakh
3.  My favorite BYD SEAL TOP MODEL - 54 lakh
4.  MG CYBERSTER (kind of a supercar) - around 60 lakh
No doubt Tesla is good for those who have extra money or are planning to buy their 4th-5th… car.",1,2025-07-16T11:37:27Z
mWXeNZOrBho,I will buy byd any day over Tesla,0,2025-07-16T11:22:51Z
mWXeNZOrBho,What if camera is covered by dust 😅,0,2025-07-16T11:16:59Z
mWXeNZOrBho,Very outdated features..Tesla will need to learn from Mahindra and Tata.,0,2025-07-16T11:16:10Z
mWXeNZOrBho,WTF 62 LAKHS?,0,2025-07-16T11:15:21Z
mWXeNZOrBho,HARRIER ev is better 🗿💪,0,2025-07-16T11:07:19Z
mWXeNZOrBho,3 harrier ev aajate itne me. Rola on top,0,2025-07-16T10:57:26Z
mWXeNZOrBho,भैया लेने वाले कूड़ा भी लेते हैं और तो जिसको लेना होगा वह बिल्कुल लेगा 🎉,0,2025-07-16T10:45:38Z
mWXeNZOrBho,🗑,0,2025-07-16T10:43:39Z
mWXeNZOrBho,Q bhi Elon Musk modi se panga pare ga dhaga,0,2025-07-16T10:25:23Z
mWXeNZOrBho,Kachere ka dabba,0,2025-07-16T10:24:20Z
mWXeNZOrBho,Mai nhi lene wala,2,2025-07-16T10:16:27Z
mWXeNZOrBho,100%imported,0,2025-07-16T10:13:52Z
mWXeNZOrBho,Be 6e laughing in the corner,0,2025-07-16T10:10:27Z
mWXeNZOrBho,Bs 10 Rupee km rh gye nahi to le leta,1,2025-07-16T10:08:31Z
mWXeNZOrBho,BE6 IS BETTER,0,2025-07-16T10:00:07Z
mWXeNZOrBho,"Petrol>ev 
Anytime ❤",6,2025-07-16T09:50:24Z
mWXeNZOrBho,Itne me fortuner legender aa jayega😂😂😂😂,1,2025-07-16T09:49:22Z
mWXeNZOrBho,No,0,2025-07-16T09:48:07Z
mWXeNZOrBho,Mai xuv700 le lunga,0,2025-07-16T09:45:44Z
mWXeNZOrBho,American Tesla good bye TC 😂😂😂😂😂😂😂 we love TATA ❤,0,2025-07-16T09:45:08Z
mWXeNZOrBho,Never,0,2025-07-16T09:42:51Z
mWXeNZOrBho,Tata harrier ev is 10000 time better.....,0,2025-07-16T09:42:30Z
mWXeNZOrBho,How do give dipper 😂,0,2025-07-16T09:42:16Z
mWXeNZOrBho,U can get a Mercedes or bmw for this price 😂😂,16,2025-07-16T09:36:10Z
mWXeNZOrBho,"Kya mazaak haii yaar 
XEV 9E or Harrier.ev na lelu main??",0,2025-07-16T09:32:25Z
mWXeNZOrBho,No,0,2025-07-16T09:27:01Z
mWXeNZOrBho,"70 lakh main tata harrier ev ko bhi takkar nahi de sakta 
😅
Lidar",0,2025-07-16T09:25:53Z
mWXeNZOrBho,Itne me 2 Innova hycross aur ek fortuner ja jayegi 😂,0,2025-07-16T09:22:38Z
mWXeNZOrBho,tata harrier ....,0,2025-07-16T09:22:09Z
mWXeNZOrBho,Hyundai Verna facelift owners would be so happy,0,2025-07-16T09:18:41Z
mWXeNZOrBho,Price Left The Chat,0,2025-07-16T09:17:22Z
mWXeNZOrBho,XEV 9e / Harrier.Ev way.... better,0,2025-07-16T09:15:11Z
mWXeNZOrBho,Sab batan wali  sistam hi hata diya bhai jate samy samj nhi aayega kya kre 😂😂😂😂😂😂,0,2025-07-16T09:10:45Z
mWXeNZOrBho,dhakkan - bina wiper ke - ghadi ka bharata bana hai kay?,1,2025-07-16T09:08:14Z
mWXeNZOrBho,Aaj Kevin bhai bohut jaldi mein hai ⚡,1,2025-07-16T09:06:50Z
mWXeNZOrBho,Isse acchaa me lambo le lunga,0,2025-07-16T09:05:06Z
mWXeNZOrBho,🎉😂Tesla came to India not to sell cars — but to prove just how much tax your leaders slap on progress to keep you comfortably poor. Let’s be honest: these cars aren’t made for you. They’re made to cruise past you… while you clap from the sidewalk. 🚗💸😂,0,2025-07-16T08:51:57Z
mWXeNZOrBho,"Is price me isse achi aur badi gaadi petrol version me mil jaegi..
Environment ko bachake kya milega",0,2025-07-16T08:48:16Z
mWXeNZOrBho,Is this a joke?,0,2025-07-16T08:48:08Z
mWXeNZOrBho,Koi bekar gaari hai to yeh hai,0,2025-07-16T08:47:31Z
mWXeNZOrBho,Lootne ke liiye laye ho kya,0,2025-07-16T08:46:53Z
mWXeNZOrBho,No we will buy Harrier ev..,0,2025-07-16T08:41:07Z
mWXeNZOrBho,We have tata and mahindra made in India don't buy thisss,0,2025-07-16T08:38:20Z
mWXeNZOrBho,Is se achi to hamaari Alto hai 😂😂😂😂,0,2025-07-16T08:35:34Z
mWXeNZOrBho,Be 6e and xev 9e 1000 times much better than tesla,0,2025-07-16T08:31:38Z
mWXeNZOrBho,"Ohh
Expensive garbage🤮",0,2025-07-16T08:26:41Z
mWXeNZOrBho,Toy car😂,0,2025-07-16T08:24:23Z
mWXeNZOrBho,Nh leni,0,2025-07-16T08:23:40Z
mWXeNZOrBho,Etne me fortuner a jaye gi 😊,0,2025-07-16T08:21:26Z
mWXeNZOrBho,Mahindra - B6 clearly winner 😂😂😂,3,2025-07-16T08:17:56Z
mWXeNZOrBho,Kabhi nhi,0,2025-07-16T08:10:54Z
mWXeNZOrBho,A car that doesn't look and feel like one,0,2025-07-16T08:06:22Z
mWXeNZOrBho,Telsa=🗑️🚮🚮,0,2025-07-16T08:01:01Z
mWXeNZOrBho,This is a cab in Europe. Cheapest car,0,2025-07-16T07:59:21Z
mWXeNZOrBho,Choose harrier or xev 9 E,0,2025-07-16T07:59:02Z
mWXeNZOrBho,Tesla my foot,0,2025-07-16T07:57:03Z
mWXeNZOrBho,"Bhai ludhiana mein already hai,  black  colour...",0,2025-07-16T07:46:33Z
mWXeNZOrBho,No,0,2025-07-16T07:45:46Z
mWXeNZOrBho,Harrier ev is best ❤❤❤,0,2025-07-16T07:45:00Z
mWXeNZOrBho,Ek sal me Mahindra is se aadhe dam me is se badhiya gaadi degi par hamari pagal janta ko to Tesla ho leni h kyu ki Garibo ko apni amiri dikhani jo h 😊😊😊,0,2025-07-16T07:43:31Z
mWXeNZOrBho,Nahi,0,2025-07-16T07:41:11Z
mWXeNZOrBho,Thoda khali khali sa lag rha hai😂😂😂😂 interior😂😂😂,4,2025-07-16T07:38:07Z
mWXeNZOrBho,Bhai mano ya na mono mahindra or tata are not better than tesla,1,2025-07-16T07:37:33Z
mWXeNZOrBho,Tata mahindra only,0,2025-07-16T07:30:51Z
mWXeNZOrBho,Not good look,0,2025-07-16T07:24:07Z
mWXeNZOrBho,Harrier ev hote hue indians tesla kyu lenge 😂😂,0,2025-07-16T07:23:09Z
mWXeNZOrBho,No thanks 😂,0,2025-07-16T07:17:41Z
mWXeNZOrBho,"Sab se vahiyad gadi ya hai electric wali 😡🤬 
Best cars only petrol and disel and best power in this car ❤",0,2025-07-16T07:12:23Z
mWXeNZOrBho,That Dashboard Is So Boring As Hell 😭😭,0,2025-07-16T07:12:04Z
mWXeNZOrBho,Already booked test drive was so good❤️❤️,0,2025-07-16T07:07:10Z
mWXeNZOrBho,😂,0,2025-07-16T07:06:57Z
mWXeNZOrBho,With that roof ye toh chalta phirta oven hai 😂,1,2025-07-16T06:57:57Z
mWXeNZOrBho,Model 3 is best,0,2025-07-16T06:56:29Z
mWXeNZOrBho,Xev 9,0,2025-07-16T06:56:22Z
mWXeNZOrBho,इस से अच्छी तो अपनी Harrier.ev तथा XEV9 एवं BY हैं! 😂,0,2025-07-16T06:53:50Z
mWXeNZOrBho,Definitely no. Mere pass Tiago EV ke bhi paise nahi 😂😂😂,0,2025-07-16T06:53:22Z
mWXeNZOrBho,58लाख की है,0,2025-07-16T06:49:38Z
mWXeNZOrBho,"Camera base AI in India? Bhai mera camera hamesha mitti se dhaka rehata hai, auto clean bhi kiya to bhi chalna mushkil hai, Tesla need years to be stable in India",0,2025-07-16T06:45:10Z
mWXeNZOrBho,"Brah, I buy a ferrari instead of that😂",1,2025-07-16T06:41:21Z
mWXeNZOrBho,No,0,2025-07-16T06:39:01Z
mWXeNZOrBho,No Tata on top🔥🔥,0,2025-07-16T06:34:26Z
mWXeNZOrBho,Verna similar look,0,2025-07-16T06:33:29Z
mWXeNZOrBho,"IN USA 32.5lak 
IN INDIA 70LAK",0,2025-07-16T06:30:37Z
mWXeNZOrBho,Kuch chomu fir bbi lege show off k liy,0,2025-07-16T06:28:25Z
mWXeNZOrBho,Isse zyada accha toh MG Gloster na lelu 😂😂,0,2025-07-16T06:28:17Z
mWXeNZOrBho,Worst dashboard 💩,0,2025-07-16T06:26:31Z
mWXeNZOrBho,"Yes, I buy Tesla model y",1,2025-07-16T06:19:10Z
mWXeNZOrBho,Electric Verna,0,2025-07-16T06:11:53Z
mWXeNZOrBho,Tata is better,0,2025-07-16T06:08:43Z
mWXeNZOrBho,सरकार की दुगना लूट नीति के बाद 😂😂😂😂😂😂😂😂😂😂😂,0,2025-07-16T06:04:31Z
mWXeNZOrBho,HARRIER EV LAUGHING IN THE CORNER 😂😂😂😂😂😂,1,2025-07-16T06:00:31Z
mWXeNZOrBho,Byd better,0,2025-07-16T05:53:05Z
mWXeNZOrBho,Overpriced,1,2025-07-16T05:51:29Z
mWXeNZOrBho,"chi, chii electric... chhi, diesel petrol better, chhi, no sound, chhi chhi 🤣😂👿😡",0,2025-07-16T05:48:47Z
mWXeNZOrBho,Mja nahi aya kuch bhi bol,0,2025-07-16T05:48:42Z
mWXeNZOrBho,Harrier The beast ❤😊,0,2025-07-16T05:45:23Z
mWXeNZOrBho,Nahi because this is made in china spacially y model china is Asian countries supplier,0,2025-07-16T05:41:04Z
mWXeNZOrBho,Nice,0,2025-07-16T05:35:54Z
mWXeNZOrBho,No,0,2025-07-16T05:35:48Z
mWXeNZOrBho,No,0,2025-07-16T05:30:51Z
mWXeNZOrBho,Haram ka paisa  thodi h jo 70% tax deke kharidu 30 lac ki car 60 lac me indian tax system 🤡,0,2025-07-16T05:30:44Z
mWXeNZOrBho,Umm Karol bagh mai parts milega 😅,0,2025-07-16T05:29:13Z
mWXeNZOrBho,We don't buy this !,0,2025-07-16T05:27:28Z
mWXeNZOrBho,Who even wants that😂😂😂,0,2025-07-16T05:20:42Z
mWXeNZOrBho,Nhi,0,2025-07-16T05:19:59Z
mWXeNZOrBho,Tesla me sab CNG kit lagwayenge,0,2025-07-16T05:19:51Z
mWXeNZOrBho,Paagal nhi lenge,0,2025-07-16T05:19:41Z
mWXeNZOrBho,Tesla flop in USA😅. isi liye India me aaya 😅😅😅,0,2025-07-16T05:16:08Z
mWXeNZOrBho,No,0,2025-07-16T05:14:22Z
mWXeNZOrBho,Nhi hum kabhi bhi tesla nhi lenge😊😊😊,1,2025-07-16T05:10:47Z
mWXeNZOrBho,Tesla a big failure in India. Not able to compete with mahindra and Tata ❤. No one will book this car unless they fall for the brand and showoff,1,2025-07-16T05:08:42Z
mWXeNZOrBho,"People in the comments, say what you wanna say
But you’re gonna see a lot of teslas on the road very soon

You think it will flop
But you aren’t the target sales anyways🙏",0,2025-07-16T05:02:54Z
mWXeNZOrBho,tesla lene ke baad tasla bhi lene padega,0,2025-07-16T05:02:21Z
mWXeNZOrBho,नहीं लेंगे,0,2025-07-16T04:53:01Z
mWXeNZOrBho,Jyada luggage ke liye seat fold karte hein.jyada log baithenge to jyada luggage lena padega . Log hi baith nahin payenge to luggage leke kya karenge.,0,2025-07-16T04:49:34Z
mWXeNZOrBho,Mahindra,0,2025-07-16T04:45:23Z
mWXeNZOrBho,I want Tata herior EV,0,2025-07-16T04:44:43Z
mWXeNZOrBho,B.E.S.T Double Decker in background ;),0,2025-07-16T04:44:37Z
mWXeNZOrBho,Our home brands TATA & MAHINDRA are laughing in the front row 😂😅😊,1,2025-07-16T04:43:29Z
mWXeNZOrBho,Texxxxxlaaaa😂,0,2025-07-16T04:18:32Z
mWXeNZOrBho,Say NO TO TESLA..,0,2025-07-16T04:10:35Z
mWXeNZOrBho,Bekar hai,0,2025-07-16T04:05:51Z
mWXeNZOrBho,India mein log itne paise de kar fortuner hi lenge 😂,0,2025-07-16T04:03:48Z
mWXeNZOrBho,Fortuner leke 11 lakh ki modification kawana better option hai,0,2025-07-16T04:02:17Z
mWXeNZOrBho,Harrier,0,2025-07-16T03:51:40Z
mWXeNZOrBho,Never.,0,2025-07-16T03:50:10Z
mWXeNZOrBho,Manufacturing in China😢,0,2025-07-16T03:48:01Z
mWXeNZOrBho,Nahi,0,2025-07-16T03:47:04Z
mWXeNZOrBho,Ye to verna hai 😂,0,2025-07-16T03:46:47Z
mWXeNZOrBho,Bro ye nhi chelega yha pe jaiae Ford gya wese hi ye bhi jayega  kyu ki Indian brand isse saste me isse achi car banate he aur India ka trust bhi he ❤❤❤😂😂😂😂😂😮😮😢😢😅😅😊,1,2025-07-16T03:46:22Z
mWXeNZOrBho,No thanks to tesla we can buy our own made in India ev🇮🇳,0,2025-07-16T03:44:24Z
mWXeNZOrBho,No,0,2025-07-16T03:44:24Z
mWXeNZOrBho,Bambami tesla lega,0,2025-07-16T03:43:38Z
mWXeNZOrBho,We Can also play games in this Car?,0,2025-07-16T03:41:35Z
mWXeNZOrBho,Model Y vs xev 9e,4,2025-07-16T03:39:48Z
mWXeNZOrBho,Flop😂,0,2025-07-16T03:38:49Z
mWXeNZOrBho,Samne se verna lg rhi h 😂,0,2025-07-16T03:37:34Z
mWXeNZOrBho,Xev9 laughing in the corner.,0,2025-07-16T03:31:52Z
mWXeNZOrBho,America kya kehta tha??,1,2025-07-16T03:31:41Z
mWXeNZOrBho,TaTa 💪💪💪💪🇮🇳🇮🇳🇮🇳🇮🇳🇮🇳🇮🇳🇮🇳,0,2025-07-16T03:30:39Z
mWXeNZOrBho,Bahut bekaar hai... Agar sirf tesla ka naam aur show off karna hai toh thik hai par Hamare Mahindra aur Tata ke Ev is se zyada futuristic hai both looks and features mein...,0,2025-07-16T03:27:10Z
mWXeNZOrBho,"Kabhi nahi bhai 
Tata harrier ev hai india ke paas",1,2025-07-16T03:26:32Z
mWXeNZOrBho,Tata Safari adventure plus budget and quality and big size best ❤,0,2025-07-16T03:25:09Z
mWXeNZOrBho,"Ye to Sedan hai 😂 
1 - ground clearance bhi kam hai 
2- price jyada hai 

Cng lagegi kya ?? 😂😂😂",0,2025-07-16T03:23:46Z
mWXeNZOrBho,Are you saying real world range or company claimed range because mahindra completely fooled customers by claiming 680 but in real world its just giving 400,0,2025-07-16T03:20:51Z
mWXeNZOrBho,Harrier EV supremacy>>>>>>>>,0,2025-07-16T03:17:44Z
mWXeNZOrBho,Mahindra and Tata are already doing great. Tesla is overpriced,0,2025-07-16T03:17:10Z
mWXeNZOrBho,Ji yes,0,2025-07-16T03:12:44Z
mWXeNZOrBho,Harrier is better 🎉,0,2025-07-16T03:12:43Z
mWXeNZOrBho,Verna😂😂😂,0,2025-07-16T03:12:25Z
mWXeNZOrBho,Tata harrier Ev❤,0,2025-07-16T03:12:16Z
mWXeNZOrBho,"Noo noo, it is just painful and sad first dumbass suv's tookover, and now this american crap 💩 
😢😢😢

""They dont make Good Cars Anymore""",0,2025-07-16T03:11:46Z
mWXeNZOrBho,Gadi ka rate shayad galti se 3 guna zayda rakh dia😂😂,9,2025-07-16T03:05:19Z
mWXeNZOrBho,Love how Indians got united towards Indian brands I too own Tata nexon jet edition and love the car till now it’s been 2 years and it’s fantastic ❤,5,2025-07-16T03:02:12Z
mWXeNZOrBho,I'll Never buy a stupid over priced car...I would like to buy a tata harrier...it's cheap in price and best in class...❤,0,2025-07-16T02:59:09Z
mWXeNZOrBho,Sab touchscreen main de diya koi physical buttons he nehi...aisa car mujhe bilkul pasand nehi...or price bht jada hei,0,2025-07-16T02:57:43Z
mWXeNZOrBho,Not worth it,0,2025-07-16T02:51:53Z
mWXeNZOrBho,There is a storage in the front as well called frunck… am owning one since 2022 … it’s a beast… no one India can compete in performance…,2,2025-07-16T02:51:14Z
mWXeNZOrBho,Interior tata harrier ka zada acha cost effective bhi hai,0,2025-07-16T02:51:12Z
mWXeNZOrBho,Yes,0,2025-07-16T02:50:00Z
mWXeNZOrBho,"Kya tum tesla longe ?
Meanwhile me ....Nahi",0,2025-07-16T02:46:31Z
mWXeNZOrBho,Nahi lunga ..,0,2025-07-16T02:46:01Z
mWXeNZOrBho,Mahindra be 6 xe 9❤❤,0,2025-07-16T02:45:49Z
mWXeNZOrBho,Nahi...baba ..Tata hariyer ghas khane lunch huwa hai kya,0,2025-07-16T02:45:15Z
mWXeNZOrBho,Only tata,0,2025-07-16T02:44:55Z
mWXeNZOrBho,India में बने  स्पेस टेक सड़कों पर ये गाड़ी उड़ेगी .... बाकी सब तो अभी बारिश में अंडरग्राउंड चल रही है,0,2025-07-16T02:44:06Z
mWXeNZOrBho,Amiro ke liye hai gadi mddel class log kaise le payenge 64 lakh ki gadi .... 😂😂😂,1,2025-07-16T02:42:18Z
mWXeNZOrBho,Iitna kamane ke baad jarur lunga 🥲,1,2025-07-16T02:41:33Z
mWXeNZOrBho,Khali khali car lg rhi hai,0,2025-07-16T02:41:10Z
mWXeNZOrBho,Mahindra and TATA harrier EV much better features and much advanced and affordable,0,2025-07-16T02:38:49Z
mWXeNZOrBho,Harrier ev,0,2025-07-16T02:37:07Z
mWXeNZOrBho,Harrier ev more better then this ❤❤❤❤,0,2025-07-16T02:35:58Z
mWXeNZOrBho,Is it worth buying?,0,2025-07-16T02:35:53Z
mWXeNZOrBho,"Nothing can beat mahindra and tata in ev brach especially in India . 
We will support our Indian brand ❤",29,2025-07-16T02:35:06Z
mWXeNZOrBho,No need😂,0,2025-07-16T02:32:01Z
mWXeNZOrBho,Give 60lakh to tata and Mahindra they will provide 1000 km range...,2,2025-07-16T02:31:11Z
mWXeNZOrBho,"Tesla is expecting the same hype luke apple in india, indians buying apple only for status symbol, same tesla buyers will show off their status symbol as rich people who can afford tesla, features and value for money and alll are for poor middle class people only. For rich nothing matters",0,2025-07-16T02:30:04Z
mWXeNZOrBho,Tesla uber me baitha hu Australia me bahot basic car hai compare to harrier,0,2025-07-16T02:27:54Z
mWXeNZOrBho,No. 😂😂😂😂,0,2025-07-16T02:20:45Z
mWXeNZOrBho,Do harrier EV aa jaayegi itne me. Ek fotuner and once curve.,0,2025-07-16T02:15:05Z
mWXeNZOrBho,Over expensive. Shop will close fast,0,2025-07-16T02:14:13Z
mWXeNZOrBho,"Drive this to understand how overrated this is😅,  we should focus on manufacturing rather than selling these",0,2025-07-16T02:12:19Z
mWXeNZOrBho,Made by China 😮,0,2025-07-16T02:09:24Z
mWXeNZOrBho,Tata harrier most powerful car,0,2025-07-16T02:08:17Z
mWXeNZOrBho,Seated many times in Tesla in Europe,0,2025-07-16T02:05:37Z
mWXeNZOrBho,No dibba Kaun le Gaye😂😂😂😂 isase achcha to main Thar le Lun,0,2025-07-16T02:05:12Z
mWXeNZOrBho,Please mg windsor video,0,2025-07-16T02:04:49Z
mWXeNZOrBho,No,0,2025-07-16T02:04:20Z
mWXeNZOrBho,Isse acha kia karens clevis le lu😂,0,2025-07-16T02:04:01Z
mWXeNZOrBho,Chalo karolbagh 😂,0,2025-07-16T02:02:15Z
mWXeNZOrBho,Kbhi nhi lunga kyoki mehnga hai 😅,0,2025-07-16T02:02:01Z
mWXeNZOrBho,Tata and mahindra,0,2025-07-16T02:01:59Z
mWXeNZOrBho,Windshiel viper are not available seriously 😐,1,2025-07-16T02:01:35Z
mWXeNZOrBho,STILL FEELS LIKE SOMETHING IS MISSING! INDIAN EVs ARE PERFECT FOR INDIAN ROADS!,5,2025-07-16T01:57:09Z
mWXeNZOrBho,Chiiiiiii,1,2025-07-16T01:48:45Z
mWXeNZOrBho,That glass roof with no cover will make the tesla a microwave in Indian summers,63,2025-07-16T01:47:04Z
mWXeNZOrBho,No,0,2025-07-16T01:46:03Z
mWXeNZOrBho,"Nobody is talking about the total range of the car, everybody is just talking about the drls and leds like these things are not available in Indian EVs. And The controls are all in one screen which is pathetic and really difficult to use while driving. 
Tata, Mahindra, BYD, Hyundai and others have better features in the EVs that to in a budget.
You can probably buy 2 EVs in the price of this one Tesla.",0,2025-07-16T01:40:53Z
mWXeNZOrBho,"No, our tata is most strong",0,2025-07-16T01:37:41Z
mWXeNZOrBho,No😂😂,0,2025-07-16T01:32:37Z
mWXeNZOrBho,No kabhi nhi lenge,0,2025-07-16T01:28:40Z
mWXeNZOrBho,HARRIER EV OP😂,0,2025-07-16T01:25:36Z
mWXeNZOrBho,Bahi itne m fortuner le lunga😂😂,0,2025-07-16T01:20:57Z
mWXeNZOrBho,Interior 🫩,0,2025-07-16T01:20:25Z
mWXeNZOrBho,2 tata Harrier EV le lenge,0,2025-07-16T01:17:08Z
mWXeNZOrBho,No😊,0,2025-07-16T01:16:59Z
mWXeNZOrBho,Karol bag Android Auto and Apple car play daldenge isme,0,2025-07-16T01:16:30Z
mWXeNZOrBho,I will go for mahindra,0,2025-07-16T01:07:56Z
mWXeNZOrBho,Model Y = 2 Harrier ✅,0,2025-07-16T01:07:36Z
mWXeNZOrBho,Imagine bhaisaab explaining you Tesla just like any other Tata or Mahindra vehicle..!!,0,2025-07-16T00:54:58Z
mWXeNZOrBho,Indian brand best ❤,0,2025-07-16T00:43:33Z
mWXeNZOrBho,India's eV star Tata,0,2025-07-16T00:40:37Z
mWXeNZOrBho,"If I want to buy a car with shitty qc, panel gaps and inconsistent support, I would rather buy a local ev like harrier ev ❤️

They have been rated as one of the worst cars in terms of qc by JD Power and only sell in America because they are cheap for an EV, which in India they aren't",0,2025-07-16T00:40:02Z
mWXeNZOrBho,❤️,0,2025-07-16T00:37:31Z
mWXeNZOrBho,Unchi dukan - Feeki pakwan,0,2025-07-16T00:31:57Z
mWXeNZOrBho,Gaane kese sunege,0,2025-07-16T00:16:10Z
mWXeNZOrBho,👎,0,2025-07-15T23:45:47Z
mWXeNZOrBho,"Tesla was launched to show that Infians csn build a better car for half the price 😂? 
Be9 and Harrier look better than this over priced 145 ground clearance road scraper.",0,2025-07-15T23:41:05Z
mWXeNZOrBho,"Price bhi 
acca h",0,2025-07-15T23:37:46Z
mWXeNZOrBho,My Altroz Diesel gives 850km in 1 full tank. And it cost only 10.3 lakh on road.😂😂😂.,0,2025-07-15T23:30:25Z
mWXeNZOrBho,Isse acha tho mahindra xev9e or be6 na le lu u bhi saste me,0,2025-07-15T23:09:34Z
mWXeNZOrBho,No one is better than Indian brand,0,2025-07-15T22:42:17Z
mWXeNZOrBho,पैसे नहीं है,0,2025-07-15T22:19:13Z
mWXeNZOrBho,No testing in India 😂 भाई ये ❌ चलेगी,0,2025-07-15T22:04:41Z
mWXeNZOrBho,Byd is better,0,2025-07-15T22:02:28Z
mWXeNZOrBho,No one can match Harrier EV supremacy,0,2025-07-15T21:43:14Z
mWXeNZOrBho,This is called R&D & Designs😮 most anticipating car,0,2025-07-15T21:08:19Z
mWXeNZOrBho,"only tata ❤❤❤
no faltu faltu brand😂😂😂",0,2025-07-15T21:06:34Z
mWXeNZOrBho,is se acha aik 10 rs wala trash bag leleo,0,2025-07-15T20:59:43Z
mWXeNZOrBho,I will buy this car one day,0,2025-07-15T20:22:40Z
mWXeNZOrBho,No,0,2025-07-15T20:11:23Z
mWXeNZOrBho,Tata are far ahead,0,2025-07-15T20:02:33Z
mWXeNZOrBho,Tata Harrier EV🔥,1,2025-07-15T20:00:31Z
mWXeNZOrBho,Mahindra looks sexier,0,2025-07-15T19:52:47Z
mWXeNZOrBho,"No, I don't wannna buy a power bank 😂",0,2025-07-15T19:44:49Z
mWXeNZOrBho,I have booked it 5 month waiting 7587800 on road,1,2025-07-15T19:43:33Z
mWXeNZOrBho,I'll buy 2 XEV in that price 😂😂😂,0,2025-07-15T19:40:14Z
mWXeNZOrBho,main itne paiso me 3 harrier eve lelunga,0,2025-07-15T19:39:41Z
mWXeNZOrBho,They fought to enter first in the showroom 😂😂😂😂😂😂😂,0,2025-07-15T19:38:10Z
mWXeNZOrBho,I would have to choose one on Tesla or be6e then I will choose be6e instead of Tesla,0,2025-07-15T19:36:41Z
mWXeNZOrBho,"Harrier ev, be6 , xe9e",0,2025-07-15T19:36:28Z
mWXeNZOrBho,Yes for sure I am going to buy a Tesla,0,2025-07-15T19:32:16Z
mWXeNZOrBho,What about BYD....,0,2025-07-15T19:08:42Z
mWXeNZOrBho,how to control wiper ? and does it show the chargeing stations on the map  like how it shows in the US and the trip planner like where you will ahve to charge and hhow much? and how about autopilot and fsd? do you think ti works in India?,0,2025-07-15T19:07:46Z
mWXeNZOrBho,Car looks so boring,0,2025-07-15T19:07:40Z
mWXeNZOrBho,"No brother nooo 
Only diesel and petrol",0,2025-07-15T19:07:39Z
mWXeNZOrBho,Road,0,2025-07-15T18:57:27Z
mWXeNZOrBho,Harrier +xev 9e unlimited features than tatti tesla😂,1,2025-07-15T18:49:41Z
mWXeNZOrBho,Only TATA,0,2025-07-15T18:48:33Z
mWXeNZOrBho,BMW ☢️,0,2025-07-15T18:47:29Z
mWXeNZOrBho,Still its made in China,0,2025-07-15T18:45:07Z
mWXeNZOrBho,harrier is enough for us 😂😂 is egg shape jaisi gaadi ka kya karenge wo bhi 65 lakh mei,0,2025-07-15T18:44:05Z
mWXeNZOrBho,"Yeh car bahar itna nhi chalta boring lagta h 😂
Driving a elec car it's like u r driving toy car 🤣",0,2025-07-15T18:32:37Z
mWXeNZOrBho,TATA best hain,0,2025-07-15T18:30:26Z
mWXeNZOrBho,BYD seal is a good option ❤😊,0,2025-07-15T18:30:05Z
mWXeNZOrBho,Camera based hai toh kya use hai iska same to hai baki gaadi jaisa😅,0,2025-07-15T18:29:21Z
mWXeNZOrBho,What if Tata starts selling ev in US.....Tesla will be cooked!!,0,2025-07-15T18:29:00Z
mWXeNZOrBho,"Meanwhile Harrier Ev, Nexon Ev, Be6E, Xev 9, MG ZS Ev, Creta ev laughing in corner😂
Who will paid 63L for this Car.",0,2025-07-15T18:23:49Z
mWXeNZOrBho,"Harrier EV is a much better package than this. 
If Tesla needs to survive in India they need to launch a sub 30 lakh model or else this will never get any mass market and will only be bought by elites and they'll never get enough sales. 
Maybe even spec it according to Indian market coz Indians love their Dashboard and that screen alone won't do it.",0,2025-07-15T18:22:38Z
mWXeNZOrBho,Whoever in india thinks this price is justified and will but this car especially as an ev has to be most brain dead person there is. Will be categorised as attention seeker and a show off.,0,2025-07-15T18:15:11Z
mWXeNZOrBho,"Bhai usa me 32 laakh ki aur idhar 60 laakh ki !! 😢

Yeh tax ka aatank kab khatam hoga apne desh me 😢",0,2025-07-15T18:14:04Z
mWXeNZOrBho,"Sanjay dutt style may ""NAI""",0,2025-07-15T18:11:47Z
mWXeNZOrBho,"Not budget friendly, costlier for Indian Middle class",0,2025-07-15T18:09:45Z
mWXeNZOrBho,"Our EV makers are really good, for that matter BYD is also a great option for that price. Also the hyped thing about tesla is it's automated driving which I really doubt will come for our market. But we've so many ""wanna be"" Americans which could be the demographic for tesla.",24,2025-07-15T18:08:36Z
mWXeNZOrBho,Isse badhiya harrier ev aur curvv hai😂,0,2025-07-15T18:06:45Z
mWXeNZOrBho,BYD is the WINNER..,0,2025-07-15T18:05:10Z
mWXeNZOrBho,I better go for Toyota fortuner legend 4x4 MT OR kia carnival limousine,0,2025-07-15T18:04:09Z
mWXeNZOrBho,Musk babu ke tikiya wala dibba😂😂😂,0,2025-07-15T17:56:51Z
mWXeNZOrBho,agar indian ke road pe koi car ke front windscreen pr egg throw krega to wiper automatic wipe ho jayega..... tb to car bhi wipe krke le jayega.😄😄😄,0,2025-07-15T17:52:08Z
mWXeNZOrBho,Super lame,0,2025-07-15T17:52:03Z
mWXeNZOrBho,Yes,0,2025-07-15T17:42:33Z
mWXeNZOrBho,No no 🎉🎉🎉,0,2025-07-15T17:42:04Z
mWXeNZOrBho,Gadi itna khali khali kyon lag rha hai.,0,2025-07-15T17:41:57Z
mWXeNZOrBho,"Me abhi abhi tesla book karke aaya hu 22,000 dekar ab delivery tabhi milegi jab aap sab log mere QR per paise bhejoge 😂😂 kon kon help karega meri tesla kharidne me please comment karke batayiye",0,2025-07-15T17:41:05Z
mWXeNZOrBho,इस price में 2 harrier ev आ जाएंगी,0,2025-07-15T17:39:14Z
mWXeNZOrBho,Harrier ev बाप है इसकी,1,2025-07-15T17:38:49Z
mWXeNZOrBho,"For Indian market, tesla is the iPhone of automobile",0,2025-07-15T17:37:18Z
mWXeNZOrBho,Never.... I will go for Mahindra 🫡❤️🙏,0,2025-07-15T17:37:09Z
mWXeNZOrBho,Nope,0,2025-07-15T17:36:58Z
mWXeNZOrBho,Scorpio S11 Diesel 🗿🔥,10,2025-07-15T17:35:50Z
mWXeNZOrBho,Tata better 🔥,0,2025-07-15T17:35:11Z
mWXeNZOrBho,Bro love tesla❤,0,2025-07-15T17:34:54Z
mWXeNZOrBho,Koi na le Tesla. US me hi chale esi faltu kar,0,2025-07-15T17:34:08Z
mWXeNZOrBho,Harrier is best EV,0,2025-07-15T17:33:38Z
mWXeNZOrBho,Meko kya hai mai to harrier ev lunga,0,2025-07-15T17:33:24Z
mWXeNZOrBho,Why 😢,0,2025-07-15T17:33:05Z
mWXeNZOrBho,Bilkul nhi lenge isko itna costly 😮,0,2025-07-15T17:30:37Z
mWXeNZOrBho,Kya matlab khareednw ki aukaat to hai nhi but still 😂😂..apni khushi ke liye,0,2025-07-15T17:29:55Z
mWXeNZOrBho,Harrier ev looks +performance+budget ❤❤❤❤,363,2025-07-15T17:28:41Z
mWXeNZOrBho,No,1,2025-07-15T17:27:32Z
mWXeNZOrBho,Nai,0,2025-07-15T17:27:28Z
mWXeNZOrBho,Bhai compare kisse karoge😂😂😂,0,2025-07-15T17:27:27Z
mWXeNZOrBho,Naah....I will still go for tata and mahindra.,0,2025-07-15T17:26:16Z
mWXeNZOrBho,30 lakh ki car hai tax ke baad 70 lakh ki ho gayi hai,0,2025-07-15T17:24:50Z
mWXeNZOrBho,"Only  things I liked is rear seat folding electronically and rear seat 3rd headrest design , and rear screen",6,2025-07-15T17:23:23Z
mWXeNZOrBho,Petrol aur Diesel ka naam suna hai 😎🫢🤫,11,2025-07-15T17:22:58Z
mWXeNZOrBho,I cant imagine glass roof without liner in Indian summers,0,2025-07-15T17:21:03Z
mWXeNZOrBho,"Tesla ka showroom kaha  per khula 
 hai",1,2025-07-15T17:20:21Z
mWXeNZOrBho,"Maybe Tesla came to India, to prove Indian EVs are better!😂",1362,2025-07-15T17:16:25Z
mWXeNZOrBho,Harrier ev top model,131,2025-07-15T17:15:53Z
mWXeNZOrBho,Maja Nahi ayaa! Indian electric brand is excellent ❤specialy Tata❤️Mahindra ❤️🎉,544,2025-07-15T17:14:13Z
mWXeNZOrBho,Sab electric systems thik nehi hai,0,2025-07-15T17:13:21Z
mWXeNZOrBho,Indian brands are better than this.,1,2025-07-15T17:10:25Z
mWXeNZOrBho,We were better without tesla. But atleast it has 5 star safety and teslacam,0,2025-07-15T17:07:22Z
mWXeNZOrBho,I buyed xev 9e say me congratulations 🗿🗿🗿🗿🗿,2,2025-07-15T17:05:33Z
mWXeNZOrBho,Chi chi chi😨🤮🤢,0,2025-07-15T17:04:53Z
mWXeNZOrBho,Tesla service😅,0,2025-07-15T17:04:37Z
mWXeNZOrBho,NEVER EVS ARE NOT FOR INDIA I WILL BUY A LEGENDER 4X4 AT,0,2025-07-15T17:02:14Z
mWXeNZOrBho,nhi,0,2025-07-15T17:01:48Z
mWXeNZOrBho,Salute to Kevin’s effort,1,2025-07-15T17:00:40Z
mWXeNZOrBho,Dustbin😂,3,2025-07-15T17:00:14Z
mWXeNZOrBho,"Tesla won't survive in India 
Due to useless expenses price
& Road issues & pot holes & tape patches on the road.",1,2025-07-15T16:59:05Z
mWXeNZOrBho,In this price range do not buy a tesla buy a byd,0,2025-07-15T16:51:14Z
mWXeNZOrBho,Xev 9e lunga,3,2025-07-15T16:49:29Z
mWXeNZOrBho,15 years earnings tho monmane 2nd hand alto konna bro retirement varaki try chesta bro 👍,3,2025-07-15T16:48:50Z
mWXeNZOrBho,Dono he nahi hai😂😂,3,2025-07-15T16:48:30Z
mWXeNZOrBho,I will by,0,2025-07-15T16:47:53Z
mWXeNZOrBho,6 lacs mein sochuga leneka. Just look at Mahindra’s electric & look at this hopeless car. Tht too for double the price of Mahindra,0,2025-07-15T16:47:27Z
mWXeNZOrBho,Not gay enough to give a damn about an ev launch,3,2025-07-15T16:46:08Z
mWXeNZOrBho,If it is faster than BYDs why are BYDs called cars with fastest motors?,1,2025-07-15T16:45:07Z
mWXeNZOrBho,Tata harrier ev is way better than this.,56,2025-07-15T16:44:58Z
mWXeNZOrBho,Itne price me mai fortuner lunga or rola jamaunga 😂😂😂,3,2025-07-15T16:43:17Z
mWXeNZOrBho,A 15 lakh car for 65 laksh no thanks,1,2025-07-15T16:40:44Z
jyy2UvdcVxU,J’aime cette Tesla qui coûte trop cher,0,2026-04-29T11:56:34Z
jyy2UvdcVxU,I love cyber truck so much! ❤,0,2026-04-27T17:15:30Z
jyy2UvdcVxU,The car is so cool,0,2026-04-27T14:39:58Z
jyy2UvdcVxU,Absolutely crisp,0,2026-04-26T09:09:37Z
jyy2UvdcVxU,"The only thing I hate about the cyber truck is the ""vegan"" leather. Class it up with some different genuine leather options and I'd buy it tmw.",0,2026-04-25T23:42:23Z
jyy2UvdcVxU,Great Car,0,2026-04-20T08:45:53Z
jyy2UvdcVxU,I have an idea to make the Cybertruck not look ugly. We combine the truck with a Lamborghini. And with that I present to you the Cyborghini,0,2026-04-19T12:49:07Z
jyy2UvdcVxU,modelo lindo diferente  top demais 👏🏻👏🏻👏🏻👏🏻👏🏻👏🏻👏🏻👏🏻👏🏻👏🏻,0,2026-04-18T15:06:54Z
jyy2UvdcVxU,Bagus,0,2026-04-14T07:58:22Z
jyy2UvdcVxU,❤,1,2026-04-11T18:35:01Z
jyy2UvdcVxU,ke a e kopa tesla eo,1,2026-04-11T18:34:55Z
jyy2UvdcVxU,Es de otro Nivel genial para ir al Campo muchas Felicidades y Bendiciones,0,2026-04-08T16:18:19Z
jyy2UvdcVxU,"It looks intimidating to me. I wouldn't want to buy one. Only look at it,😅😅😅😅",0,2026-04-08T01:21:25Z
jyy2UvdcVxU,Koi Tesla Tere samne BMW tera baap hai,0,2026-03-29T07:44:20Z
jyy2UvdcVxU,Tesla продают наркотики на территорию Узбекистана убиваем население Узбекистана подростков Tesla вы убийцы,0,2026-03-16T17:26:55Z
jyy2UvdcVxU,Tesla Boot продаёт наркотики на территорию Узбекистана психотропные препараты население Узбекистана,0,2026-03-16T17:26:18Z
jyy2UvdcVxU,ખટારો,0,2026-03-16T16:07:06Z
jyy2UvdcVxU,@SerGeybin kailan ka kaya magkakaroon neto sana soon idol ka ng asawa ko halos lahat kami sa bahay naka subscribe sayo sana mapansin mo din kami,0,2026-03-16T13:58:02Z
jyy2UvdcVxU,Wou,0,2026-03-12T19:06:34Z
jyy2UvdcVxU,The Future 🙌🏼⚡️,0,2026-03-10T02:16:22Z
jyy2UvdcVxU,That one i like just awesome,0,2026-03-09T00:04:33Z
jyy2UvdcVxU,Me dia nave del futuro que ya se vive ❤,0,2026-03-08T19:14:01Z
jyy2UvdcVxU,car❌️ view✅️,0,2026-03-08T15:25:13Z
jyy2UvdcVxU,بقداش,0,2026-03-07T22:43:15Z
jyy2UvdcVxU,I like it!!!,0,2026-03-05T14:51:49Z
jyy2UvdcVxU,stop talking about that stain less dumpster,0,2026-03-04T02:04:12Z
jyy2UvdcVxU,Fantastico Cybertruck ❤,1,2026-03-01T06:46:34Z
jyy2UvdcVxU,"Do you know if the dual motors CT ($59,990) comes with lumbar support on front passenger seat?

Aopreciated",0,2026-02-26T18:53:55Z
jyy2UvdcVxU,Не Даш на 2 дня😂,0,2026-02-26T11:40:45Z
jyy2UvdcVxU,"_*""its no match to the Mahendra BE 6 Batman edition.""*",1,2026-02-24T16:42:25Z
jyy2UvdcVxU,You can deposit with insurance company and the car  will be yours,0,2026-02-24T01:37:54Z
jyy2UvdcVxU,"Esque tout ces gadget dit ""hight tech ""sont vraiment naisesair en fait?a par polluer et enrichir les extrêmes droites et milliardaires.",0,2026-02-23T18:06:49Z
jyy2UvdcVxU,😮😮😮😮😊🎉,0,2026-02-23T06:43:41Z
jyy2UvdcVxU,Turkiyeye ne zaman gelecek bu arac,0,2026-02-21T08:08:38Z
jyy2UvdcVxU,jmmm tiene funciones interesantes aunque creo que sigo prefieriendo otros modelos de camioneta,0,2026-02-18T03:01:23Z
jyy2UvdcVxU,Loading,0,2026-02-13T23:30:25Z
jyy2UvdcVxU,😻😻😻,0,2026-02-11T20:26:55Z
jyy2UvdcVxU,O a hahaha and see there just flying off the shelves even with a 10k discount lmfao,0,2026-02-08T22:10:03Z
jyy2UvdcVxU,Looks so cheap like idea furniture.,0,2026-02-08T22:09:05Z
jyy2UvdcVxU,Like a toys car,0,2026-02-08T10:22:27Z
jyy2UvdcVxU,❤❤❤❤,0,2026-02-05T11:39:59Z
jyy2UvdcVxU,Oh GOD this is my dream car,1,2026-02-05T09:16:13Z
jyy2UvdcVxU,Jreeudydy❤,0,2026-02-04T09:55:00Z
jyy2UvdcVxU,Htroriri❤,0,2026-02-04T09:54:38Z
jyy2UvdcVxU,😀😀😀😀😀,0,2026-02-03T19:42:26Z
jyy2UvdcVxU,C'est moche !!!!,0,2026-01-27T20:56:15Z
jyy2UvdcVxU,"Yes the cybertruck is Trudy amazing, spaceship technology.",3,2026-01-27T18:37:31Z
jyy2UvdcVxU,Good Ness sir car,0,2026-01-27T14:05:02Z
jyy2UvdcVxU,❤😮,0,2026-01-27T03:40:52Z
jyy2UvdcVxU,muito lindo esse carro top demais,0,2026-01-25T19:43:29Z
jyy2UvdcVxU,LoL😂,0,2026-01-25T16:56:54Z
jyy2UvdcVxU,"Das mit Abstand hässlichste Auto der Welt, was durch seine scharfen Ecken und Kanten irgendwann Menschen töten wird!!!",0,2026-01-24T13:49:45Z
jyy2UvdcVxU,So awesome 👌,2,2026-01-24T13:42:50Z
jyy2UvdcVxU,Kinda bland inside,0,2026-01-24T02:48:54Z
jyy2UvdcVxU,😅,0,2026-01-24T02:39:55Z
jyy2UvdcVxU,"The haters hate it. Because they know how good it is, they're scared to death it
The competition, it's way better, then their,s.",3,2026-01-16T18:25:34Z
jyy2UvdcVxU,Yeah I want to get one.,4,2026-01-16T18:20:27Z
jyy2UvdcVxU,"Thank you very much for all the sounds, and it does sound very good everything sounds good. Thank you.",1,2026-01-16T16:40:26Z
jyy2UvdcVxU,That's a beautiful truck. I can't wait to get mine.,3,2026-01-16T16:20:10Z
jyy2UvdcVxU,😍♥️,0,2026-01-15T22:36:00Z
jyy2UvdcVxU,🤔,0,2026-01-15T22:35:45Z
jyy2UvdcVxU,"Its so goofy, but its different",0,2026-01-14T21:16:06Z
jyy2UvdcVxU,Beauty is something else,0,2026-01-12T11:14:28Z
jyy2UvdcVxU,Good 😮😮❤❤❤,0,2026-01-08T13:42:43Z
jyy2UvdcVxU,Absolutely beautiful vehicle ❤,2,2026-01-06T22:36:52Z
jyy2UvdcVxU,I WANT  ONE,2,2026-01-06T16:18:28Z
jyy2UvdcVxU,I Like it ❤,1,2026-01-05T09:32:58Z
jyy2UvdcVxU,"Let me reserve my comment 😅
I don't like cyber truck 😔",0,2026-01-01T21:03:04Z
jyy2UvdcVxU,Busg,2,2026-01-01T05:37:55Z
jyy2UvdcVxU,"If y'all love the CyberTruck, I'm sorry. I just made an edit dissing it 😂",2,2026-01-01T03:47:09Z
jyy2UvdcVxU,"El concepto está genial, se complicó la vida con el acero, debería haber fabricado con chapa de muy buena calidad sin complicaciones,  de colores y vendería 10 veces mas",1,2025-12-31T00:27:15Z
jyy2UvdcVxU,My dream car 😭😭😭,3,2025-12-30T21:54:34Z
jyy2UvdcVxU,Оли  оли   сохтакори  беназир   иншааллох   оянда  хуб  дар  пеш  аст.,1,2025-12-30T08:35:56Z
jyy2UvdcVxU,Nice 🙂❤❤,1,2025-12-29T17:23:02Z
jyy2UvdcVxU,Is it made in china??,1,2025-12-29T13:02:44Z
jyy2UvdcVxU,Wow..,1,2025-12-25T03:11:24Z
jyy2UvdcVxU,UGLY 🥴,1,2025-12-24T04:47:40Z
jyy2UvdcVxU,Es pura caja de sardina,2,2025-12-24T04:36:51Z
jyy2UvdcVxU,Wjjoy,1,2025-12-22T13:46:06Z
jyy2UvdcVxU,Is this the most unsafe truck ever built? Junkyard scrap for sure,1,2025-12-21T11:40:59Z
jyy2UvdcVxU,Garbage truck. 😂😂😂,1,2025-12-20T13:45:30Z
jyy2UvdcVxU,❤❤❤❤My boyfriend car ❤❤❤❤,1,2025-12-20T12:10:22Z
jyy2UvdcVxU,تسلا بنیامین از این خوشگلتر😂,1,2025-12-19T05:36:15Z
jyy2UvdcVxU,benyamin BE,1,2025-12-17T05:54:08Z
jyy2UvdcVxU,I personally don't like the structure of this car 😩,1,2025-12-16T04:45:45Z
jyy2UvdcVxU,Woah 😊❤,1,2025-12-14T17:18:38Z
jyy2UvdcVxU,waste of my time i want my 60 seconds back i dident see windshield wipers!,1,2025-12-14T00:19:13Z
jyy2UvdcVxU,Asmr video,1,2025-12-11T19:56:51Z
jyy2UvdcVxU,Tesla 💀,1,2025-12-11T12:56:12Z
jyy2UvdcVxU,"That's the most technological trashcan I ever seem, wouldn't pay more than 10,000 for it. It only worth what it cost if it flight.",1,2025-12-10T15:38:59Z
jyy2UvdcVxU,🤟🤟🤟,1,2025-12-10T11:59:22Z
jyy2UvdcVxU,🤟🤟🤟,1,2025-12-10T11:59:22Z
jyy2UvdcVxU,Electric?,1,2025-12-10T05:21:24Z
jyy2UvdcVxU,I’m sweating right now. ITS SO COOL LIKE A CYBER I love it,2,2025-12-10T05:20:19Z
jyy2UvdcVxU,Tesla Cyber Trucks are Excellent Daily Driver vehicles.,1,2025-12-10T04:26:43Z
jyy2UvdcVxU,HARI BULE DAN DAN FEBRI BULE,2,2025-12-09T11:46:55Z
jyy2UvdcVxU,Wow extraordinary talented Innovation of u Sir 👍💐💐 thanks extremely mind-blowing for us sir,1,2025-12-08T08:36:43Z
jyy2UvdcVxU,The front looks good but the back is weird but it's still good,2,2025-12-07T16:53:25Z
jyy2UvdcVxU,Whole body plastic sound 😮😮😮,1,2025-12-06T18:15:22Z
jyy2UvdcVxU,😢😢😢😂😂😂,1,2025-12-05T02:37:27Z
jyy2UvdcVxU,That's amazing,1,2025-12-05T00:07:07Z
jyy2UvdcVxU,Very quiet 😊❤,1,2025-12-04T19:42:09Z
jyy2UvdcVxU,Fino!!!,1,2025-12-04T16:00:21Z
jyy2UvdcVxU,I have a 2026 Model but if I could I’d also have one of these!,1,2025-12-03T03:31:23Z
jyy2UvdcVxU,Its great,1,2025-12-02T16:00:56Z
jyy2UvdcVxU,Good car:gari zuri,1,2025-12-02T14:25:35Z
jyy2UvdcVxU,My favourite car.thank you sir Elon musk🎉😢 for your effort and it’s success ❤😢,2,2025-12-01T11:49:16Z
jyy2UvdcVxU,Teneke,1,2025-11-29T17:22:37Z
jyy2UvdcVxU,Beautiful,1,2025-11-29T08:53:27Z
jyy2UvdcVxU,Holl desin only Navy army police style 🙏,1,2025-11-26T03:12:11Z
jyy2UvdcVxU,"I recently saw a Cybertruck on Tulsa King, and not only are the windows bulletproof, but also the body!!!👏🔥💪🤛",1,2025-11-22T21:43:20Z
jyy2UvdcVxU,Please try give to india showroom this wow wonderful 😅😅,1,2025-11-22T14:36:00Z
jyy2UvdcVxU,Your editing skills are insane!,2,2025-11-18T18:24:49Z
jyy2UvdcVxU,YouTube のチャンネルをお願いしますお願いできますお願いします YouTube のコメントもお願いします,1,2025-11-18T12:54:43Z
jyy2UvdcVxU,مين لاحض إن في حروف عربية؟؟؟,2,2025-11-17T18:47:30Z
jyy2UvdcVxU,I want this car please,1,2025-11-16T21:26:18Z
jyy2UvdcVxU,simply the best,1,2025-11-16T18:28:13Z
jyy2UvdcVxU,Nice and better  looking,3,2025-11-16T04:41:29Z
jyy2UvdcVxU,😮😮😮😮❤❤❤❤❤❤,1,2025-11-15T19:40:35Z
jyy2UvdcVxU,❤,1,2025-11-12T19:22:32Z
jyy2UvdcVxU,🏔️. Excelente.,1,2025-11-12T05:05:14Z
jyy2UvdcVxU,Can’t wait to see it towing the flying roadster and fully loaded with the quad bike. Now that’s green innovation,1,2025-11-11T20:35:51Z
jyy2UvdcVxU,I need this vehicle 🙂,7,2025-11-11T08:01:13Z
jyy2UvdcVxU,What can you hall in it,1,2025-11-11T02:39:56Z
jyy2UvdcVxU,When you come to India 🇮🇳 😂it looks like dustbin 😂😂😅,2,2025-11-10T15:12:23Z
jyy2UvdcVxU,❤❤❤❤❤,1,2025-11-08T09:08:47Z
jyy2UvdcVxU,"This tech ie literally outta earth, MARS vibes",1,2025-11-06T12:06:24Z
jyy2UvdcVxU,Wow,1,2025-11-05T06:49:20Z
jyy2UvdcVxU,sobrang mahal,1,2025-11-03T12:51:06Z
jyy2UvdcVxU,😂,1,2025-11-01T07:30:55Z
jyy2UvdcVxU,Abe yah hamara kya Laga Diya mere pass Mar jata hai na Rolls-Royce nikale,1,2025-10-31T16:11:20Z
jyy2UvdcVxU,Muy bonito pero se va desbaratar muy rápido :(,1,2025-10-31T04:59:31Z
jyy2UvdcVxU,❤,0,2025-10-28T20:37:12Z
jyy2UvdcVxU,Awesome - is it available in ASIA,2,2025-10-27T14:13:03Z
jyy2UvdcVxU,carbagage box,1,2025-10-26T11:21:23Z
jyy2UvdcVxU,Nice car,1,2025-10-22T13:19:29Z
jyy2UvdcVxU,I love is cars,3,2025-10-21T14:14:31Z
jyy2UvdcVxU,Did the steering just move-,1,2025-10-20T04:11:49Z
jyy2UvdcVxU,It can be yours for 100K,1,2025-10-14T23:28:30Z
jyy2UvdcVxU,Damn what a car 😮😮😮😮😮😮,1,2025-10-11T19:35:07Z
jyy2UvdcVxU,For me or something to the other two in a row with the other one in the we car,1,2025-10-09T05:18:21Z
jyy2UvdcVxU,F,1,2025-10-03T13:05:08Z
jyy2UvdcVxU,W,1,2025-10-03T13:04:47Z
jyy2UvdcVxU,Woow excelente,1,2025-10-02T04:26:57Z
jyy2UvdcVxU,بتحس حالك راكب موبايل,1,2025-10-02T01:36:03Z
jyy2UvdcVxU,Bro #Cybertruck is so cool master cars Review,1,2025-10-01T19:50:46Z
jyy2UvdcVxU,Tesla Cybertruck is a 2020 car #tesla #teslademonstrationevent,1,2025-09-30T07:16:42Z
jyy2UvdcVxU,"idk how some people find it ugly,maybe first benchers and class monitors #ASMR",1,2025-09-30T07:12:05Z
jyy2UvdcVxU,TESLA😢😢😢,1,2025-09-29T04:17:06Z
jyy2UvdcVxU,Imagine if Elon Musk made the hovering wheels,1,2025-09-28T03:09:22Z
jyy2UvdcVxU,"Too advanced for the streets, so the Cybertruck chose to be an all terrain vehicle",1,2025-09-28T03:09:07Z
jyy2UvdcVxU,😅,1,2025-09-27T08:09:56Z
jyy2UvdcVxU,1000000000,1,2025-09-27T07:05:56Z
jyy2UvdcVxU,Sketsa truk itu dilarang di Eropa Kenapa karena kalau di India itu udah ngarang jika kalau kita mengandalkan Di Eropa bersiap-siap kamu ditilang polisi,1,2025-09-23T06:39:49Z
jyy2UvdcVxU,Ijnzuusvwhwbwlhszsnzz skznszxnw w ezs z eejze z  j d size zjlzejz je zeu zewuzz  wkz DJs is xjszhs 🐮🦼🚕🦼🚚🚕🚛🚡🚡🚒🦼🚒🚒🦼🚒🚜🚔🚎🛵🏎🚛🚒🚛🏍🦼🚎🚒🚛🚔🚒🚒🚚,1,2025-09-23T06:37:53Z
jyy2UvdcVxU,Oh ! That ASMR was a sarcasm! And I flooded my basement to the max at the same time !   The perfect Pavement Princesses for me! YES GOD!,0,2025-09-21T12:35:29Z
jyy2UvdcVxU,o kurde,0,2025-09-20T07:45:16Z
jyy2UvdcVxU,You missed the best sound which is the sound it makes when you walk away and locked itself while flashing the bar light,1,2025-09-19T01:01:17Z
jyy2UvdcVxU,An Hässlichkeit nicht zu überbieten,0,2025-09-18T19:30:32Z
jyy2UvdcVxU,Cool❤,0,2025-09-17T16:31:22Z
jyy2UvdcVxU,Bro is flexing at us with his Tesla cybertruck,0,2025-09-17T06:38:13Z
jyy2UvdcVxU,Tesla😮,0,2025-09-16T14:37:24Z
jyy2UvdcVxU,Only for means dream ☠️,0,2025-09-15T15:48:32Z
jyy2UvdcVxU,Where is aircon,0,2025-09-15T08:12:35Z
jyy2UvdcVxU,👏👏👏,1,2025-09-12T18:51:29Z
jyy2UvdcVxU,Saya ingin mengajukan kartu Tesla.. Bagaimana caranya,0,2025-09-11T01:22:54Z
jyy2UvdcVxU,Tesla to the world,0,2025-09-10T07:50:13Z
jyy2UvdcVxU,Kaç paraya aldın,0,2025-09-09T18:23:09Z
jyy2UvdcVxU,"I live in europe and here people don't usually buy expensive cars, i first time saw it in toronto and it was huge and unique.",0,2025-09-08T19:07:38Z
jyy2UvdcVxU,I love tesla,1,2025-09-05T16:30:32Z
jyy2UvdcVxU,Mobil impian afifku❤,0,2025-09-01T10:48:32Z
jyy2UvdcVxU,Sürerken biri bagajı açarsa,0,2025-08-31T19:45:58Z
jyy2UvdcVxU,Gj,0,2025-08-31T00:45:50Z
jyy2UvdcVxU,Heh Look at this pice of shit😅,0,2025-08-29T17:04:44Z
jyy2UvdcVxU,Super Car,0,2025-08-27T11:26:59Z
jyy2UvdcVxU,🚮,0,2025-08-27T03:49:52Z
jyy2UvdcVxU,❤❤ oh should I have a Tesla 😢,1,2025-08-26T21:00:01Z
jyy2UvdcVxU,I think this is not at Up grade new model Cars. May Be mr.Elon musk.  Such west of time.. stop it this model cars looking view ugel..,0,2025-08-24T21:32:47Z
jyy2UvdcVxU,🙋‍♂️🙋‍♂️👍👍,0,2025-08-22T13:25:16Z
jyy2UvdcVxU,Cybertrucks are such an eyesore,0,2025-08-22T09:18:16Z
jyy2UvdcVxU,"tesla is my favorite car,if i'm grow up,i must make enugh money to buy it",0,2025-08-22T04:17:42Z
jyy2UvdcVxU,This truck is official ⭐️ ⭐️ ⭐️ ⭐️ ⭐️,0,2025-08-21T21:00:48Z
jyy2UvdcVxU,Just Benz 👌,0,2025-08-21T08:03:07Z
jyy2UvdcVxU,at this price your much better getting a model S plaid,0,2025-08-20T18:53:58Z
jyy2UvdcVxU,its so clean,3,2025-08-20T18:29:58Z
jyy2UvdcVxU,😈😈❤️‍🔥😉💯💯🥇🥇😉😉😉😘😘💎💎😋😋😎🤗😍🤩😁😊😊😊😏😈😈❤️‍🔥💯💯💯💯💯🥇🥇🥇🥇💎,1,2025-08-18T15:11:33Z
jyy2UvdcVxU,:0,0,2025-08-17T15:29:13Z
jyy2UvdcVxU,🎉,0,2025-08-16T03:29:38Z
jyy2UvdcVxU,Don't tell me the gear shift is an Ipad 💀,0,2025-08-15T00:39:46Z
jyy2UvdcVxU,"Never heard a CT from the outside (including my own). However, I still don’t know what it sounds like while backing up in reverse. 😂😂😂",0,2025-08-10T17:54:30Z
jyy2UvdcVxU,🤢🤢🤮🤮🤮🤮🤮,1,2025-08-09T17:35:43Z
jyy2UvdcVxU,If i will ever get one i will wrap it white on day 1,0,2025-08-08T11:04:02Z
jyy2UvdcVxU,Why are you sitting in a dumpster 😂😂😂,1,2025-08-07T16:24:25Z
jyy2UvdcVxU,Needs an engine,0,2025-08-07T03:19:30Z
jyy2UvdcVxU,That is Telsa CyberBEAST.,1,2025-08-06T21:34:05Z
jyy2UvdcVxU,Mountains are cool,0,2025-08-05T04:10:38Z
jyy2UvdcVxU,I wish Tesla can make it “campable” within the cabin,0,2025-08-05T00:34:09Z
jyy2UvdcVxU,Beautiful 😍🥰🫨🫨,1,2025-08-01T22:40:15Z
jyy2UvdcVxU,Best vehicle I've ever driven,2,2025-08-01T04:16:45Z
jyy2UvdcVxU,C❤❤❤y❤❤❤b❤❤❤e❤❤❤r❤❤❤❤❤t❤❤❤r❤❤❤u❤❤❤c❤❤❤❤k❤❤❤❤❤,0,2025-07-31T20:57:30Z
jyy2UvdcVxU,That tesla cybertruck are Faster.,0,2025-07-31T03:14:00Z
jyy2UvdcVxU,Eucat 2026,0,2025-07-29T12:31:32Z
jyy2UvdcVxU,Dekho बे भक्तो इसे कहते है देश तरक्की कर रहा हैं तुम लोग शोऊचालय को तरक्की समजते हो सुधरो बे salo,0,2025-07-28T09:23:15Z
jyy2UvdcVxU,❤❤❤❤🎉🎉🎉,2,2025-07-28T03:37:09Z
jyy2UvdcVxU,I want to drive that vehicle and own it sometime,4,2025-07-27T18:09:28Z
jyy2UvdcVxU,ما شآء اللّٰه ،شوهالسيارة ،❤❤❤😮😮,0,2025-07-27T09:57:20Z
jyy2UvdcVxU,It’s fancy on the inside but the outside looks like a triangular shaped box. So ugly.,0,2025-07-27T00:19:36Z
jyy2UvdcVxU,Kalunga,0,2025-07-26T13:45:34Z
jyy2UvdcVxU,I'M WANT THIS HE'S COOL🤩,0,2025-07-24T12:42:51Z
jyy2UvdcVxU,looks like a grabage can on weels for that price juts but a BMW or smt anything actually my M4 comp lowkey sounds way better only people who like this shit is bc they dont care abt hp sounds and looks,0,2025-07-24T11:23:09Z
jyy2UvdcVxU,"I own one. I used to have a MY. The day I got the CT, I stopped driving the MY and gave it to my son. Best thing I have ever bought in my whole life. Its an experience that I wish more people could have.",43,2025-07-23T23:21:59Z
jyy2UvdcVxU,My dad thinks the cyber trucks are ugly 😢😢😢,0,2025-07-23T20:50:40Z
jyy2UvdcVxU,My dream car😍😍😍😍😍😍😍,0,2025-07-20T23:30:10Z
jyy2UvdcVxU,Best thing I’ve ever driven and works perfectly after 1 year,35,2025-07-20T21:12:30Z
jyy2UvdcVxU,I have no respect for those who just overlook Musks bad behavior and Nazi salute     USAid was what once made us great,0,2025-07-20T18:11:03Z
jyy2UvdcVxU,Oooooo,0,2025-07-20T12:14:40Z
jyy2UvdcVxU,❤🔥🔥,0,2025-07-20T03:53:37Z
jyy2UvdcVxU,"Yep, sounds as bad as it looks",0,2025-07-19T20:44:58Z
jyy2UvdcVxU,I am watching this every day until I get my own Cybertruck ❤,2,2025-07-19T01:29:10Z
jyy2UvdcVxU,The ugliest truck i have ever seen.,0,2025-07-17T23:53:40Z
jyy2UvdcVxU,🫶,1,2025-07-17T12:50:28Z
jyy2UvdcVxU,انتا لبناني,0,2025-07-17T12:38:53Z
jyy2UvdcVxU,Rimac nevera and porsche tycan are also electric,0,2025-07-17T06:25:39Z
jyy2UvdcVxU,Electric cars are sh*t but i think porsche tycan is good or the rimac nevera,0,2025-07-17T06:25:20Z
jyy2UvdcVxU,So you mean after wasting them you dump in Africa???,0,2025-07-16T15:54:37Z
jyy2UvdcVxU,You missed the part where Grok screams Sieg Heil #wankpanzer #swastikar #incelinside,0,2025-07-15T03:37:23Z
jyy2UvdcVxU,I have this car,1,2025-07-15T00:51:42Z
jyy2UvdcVxU,I would choose this over any lamborghini,0,2025-07-14T19:54:42Z
jyy2UvdcVxU,LOVE❤❤❤❤❤❤❤❤❤❤🥰🥰🥰🥰🥰🥰🥰😝😝😝😝😝😝🤭💋💌,0,2025-07-14T19:39:35Z
jyy2UvdcVxU,Damn that is ugly. I guess there are no car enthusiasts on here? Youd rather have that no sounding tank over a v8 roar? Alot of soft men,0,2025-07-13T10:30:37Z
jyy2UvdcVxU,I want one so bad,0,2025-07-09T22:03:18Z
jyy2UvdcVxU,🗿🚗,1,2025-07-09T16:05:07Z
jyy2UvdcVxU,https://youtube.com/shorts/CtFkJ0wa2d4?feature=shared,0,2025-07-08T09:24:39Z
jyy2UvdcVxU,Super,0,2025-07-08T09:22:59Z
jyy2UvdcVxU,Cybertruck❤❤❤❤❤❤❤❤❤,0,2025-07-07T21:35:19Z
jyy2UvdcVxU,Love my cyber truck!,0,2025-07-07T17:28:55Z
jyy2UvdcVxU,It's ugly 😊,1,2025-07-06T18:08:48Z
jyy2UvdcVxU,Love the design and performance!,3,2025-07-06T05:38:58Z
jyy2UvdcVxU,More Tesla sounds = “You just dropped $100k+ on a massive piece of CYBERJUNK”,0,2025-07-04T04:13:46Z
jyy2UvdcVxU,How did we go from something so awesome like for example a 67 mustang or impala to a junkyard on 4 wheels?,0,2025-07-03T08:44:04Z
jyy2UvdcVxU,AURA,0,2025-07-03T08:25:51Z
jyy2UvdcVxU,Looks like someone folded it together out of a large sheet of metal,0,2025-07-02T22:11:16Z
jyy2UvdcVxU,Please buy me a Cybertruck Please ❤❤❤🙏🙏🙏,0,2025-07-02T05:52:19Z
jyy2UvdcVxU,I love Tesla❤,1,2025-07-02T05:50:26Z
jyy2UvdcVxU,Sa,0,2025-07-02T01:12:56Z
jyy2UvdcVxU,So incredible,0,2025-06-30T20:34:31Z
jyy2UvdcVxU,Super,0,2025-06-30T18:01:38Z
jyy2UvdcVxU,👍🚘👏👏👏🇺🇸,1,2025-06-30T15:32:38Z
jyy2UvdcVxU,"There should be a way to open the trunk or. The hood manually no. Automatically to save energy, we have hands for reason I'm 100% ok opening car doors, trunks and hoods with hands",0,2025-06-29T20:17:31Z
jyy2UvdcVxU,They are still trying to sell this rubbish😅,0,2025-06-28T13:54:48Z
jyy2UvdcVxU,Hell no. I'm not buying that. That looks ugly 😂,1,2025-06-27T20:14:17Z
jyy2UvdcVxU,Would love me one of these but the range is too minimal for me compared to the other vehicles,0,2025-06-27T18:02:52Z
jyy2UvdcVxU,Ill pass on this,0,2025-06-27T09:45:28Z
jyy2UvdcVxU,I lied in a cyber truck before and in real life in the Tesla dealership with my mom dad and my brother and myself,0,2025-06-27T02:06:08Z
jyy2UvdcVxU,2M$ ??,1,2025-06-26T22:51:56Z
jyy2UvdcVxU,The horn is missing,4,2025-06-25T13:47:28Z
jyy2UvdcVxU,Tesla is rubbish !,2,2025-06-23T06:22:05Z
jyy2UvdcVxU,how does farting in a cybertruck sound?im intrested,1,2025-06-22T13:22:37Z
jyy2UvdcVxU,Practical that’s it,0,2025-06-20T02:23:10Z
jyy2UvdcVxU,tesla 1💪,0,2025-06-17T16:10:32Z
jyy2UvdcVxU,"You can play with all that when that POS is on fire and you're trapped inside, dying because the batteries are on fire.",2,2025-06-17T12:32:47Z
jyy2UvdcVxU,Technologya,0,2025-06-16T06:13:18Z
jyy2UvdcVxU,Тесло chipachips вы крысы 😂,1,2025-06-16T03:55:41Z
jyy2UvdcVxU,The most amazing vehicle I have ever driven. It makes any other production vehicle feel like the Flintstones car in comparison,141,2025-06-14T20:05:52Z
jyy2UvdcVxU,Cybertruck is trash!!,1,2025-06-13T23:34:37Z
jyy2UvdcVxU,Tesla. I love ❤️,6,2025-06-13T14:05:04Z
jyy2UvdcVxU,100k,1,2025-06-11T21:30:10Z
jyy2UvdcVxU,I’m about to order one,5,2025-06-11T20:43:47Z
jyy2UvdcVxU,Updating softwares with repairs as in hardware models,0,2025-06-11T15:17:18Z
jyy2UvdcVxU,A auto mode of upside down as in doors opening program,0,2025-06-11T15:11:45Z
jyy2UvdcVxU,1 star for Cybertruck,0,2025-06-09T22:19:39Z
jyy2UvdcVxU,İdk,1,2025-06-09T17:47:49Z
jyy2UvdcVxU,Car guys be like😅:,1,2025-06-09T17:46:40Z
jyy2UvdcVxU,Sold,0,2025-06-08T23:58:18Z
jyy2UvdcVxU,❤️,0,2025-06-08T14:13:07Z
jyy2UvdcVxU,دبابة كهربائية ما شاء الله,0,2025-06-07T08:34:51Z
jyy2UvdcVxU,"You can have all of that

￼",0,2025-06-06T03:51:45Z
jyy2UvdcVxU,"I want That Cyber truck 
￼￼",0,2025-06-06T03:51:17Z
jyy2UvdcVxU,It's a freakin spaceship on wheels,1,2025-06-03T21:37:10Z
jyy2UvdcVxU,MOre Aerodynamic can increase speed.,0,2025-06-03T17:14:39Z
jyy2UvdcVxU,So many things to break.,0,2025-06-03T14:47:32Z
jyy2UvdcVxU,❤❤❤❤,0,2025-06-03T10:16:34Z
jyy2UvdcVxU,leave ELON TF alone okay!!!! this thing is beautiful,3,2025-06-02T23:12:09Z
jyy2UvdcVxU,tesla trash 😂,1,2025-06-02T14:01:11Z
jyy2UvdcVxU,Cyberjunk...,1,2025-06-01T00:48:56Z
jyy2UvdcVxU,Gotta love Tesler.,10,2025-05-31T22:14:20Z
jyy2UvdcVxU,Самая уродливая машина в мире,0,2025-05-31T04:54:18Z
jyy2UvdcVxU,The Homer,0,2025-05-30T23:03:03Z
jyy2UvdcVxU,"It's fun to see all the Simps in here for a ""truck"" who's biggest enemy is a puddle or a carwash LMAO 🤣 grow up.",0,2025-05-30T20:41:22Z
jyy2UvdcVxU,Bro went to the 100 km/h☠️,0,2025-05-30T13:14:42Z
jyy2UvdcVxU,https://youtu.be/6Dztw2vbqc4?si=q_heBfrLei9sh89b,0,2025-05-29T07:51:30Z
jyy2UvdcVxU,Best. Truck. Evar!!,0,2025-05-29T04:31:07Z
jyy2UvdcVxU,Can't literally hear a damn thing cause it sounds like an air travelling what a shit truck I would rather buy a ford raptor over that junk😂😂,0,2025-05-29T01:51:58Z
jyy2UvdcVxU,Best,0,2025-05-26T15:52:18Z
jyy2UvdcVxU,Can you sell one to me Conroy rd millennia cove,1,2025-05-25T22:03:54Z
jyy2UvdcVxU,"Hey guy, I never truck cyber in my life. Can you surprise me with the cyber truck? I’m from Emirates please I love you guys.",0,2025-05-25T16:16:14Z
jyy2UvdcVxU,"what are you tapping, plastic??",0,2025-05-25T15:03:07Z
jyy2UvdcVxU,Why should I want to hear sounds from a trash can with 4 wheels?,0,2025-05-25T13:05:48Z
jyy2UvdcVxU,Wow nice one montero is my car😂,0,2025-05-25T03:24:42Z
jyy2UvdcVxU,"The Cybertruck is one of my favorite trucks, there’s absolutely no reason to hate it… Especially since the luxury brand Mansory gave it a glow up!",122,2025-05-22T12:22:33Z
jyy2UvdcVxU,"idk how some people find it ugly, maybe first benchers and class monitors",289,2025-05-22T08:46:14Z
jyy2UvdcVxU,ESSE EU ENCONTRO NA SHOPE ?? PARECE ME QUE E DE OLASTICO POR DENTRO,0,2025-05-21T16:10:45Z
jyy2UvdcVxU,It feels horrible,0,2025-05-21T10:47:10Z
jyy2UvdcVxU,Don't forget about the sound of EMS vehicles when your swasta truck traps you inside..,1,2025-05-20T20:46:12Z
jyy2UvdcVxU,"It's compressed. Allegedly there's glue to make it stick, there's lego feeling and looking seats, They don't survive in harsh weather conditions including snow, especially blizzards, and it can't even get over things that a ford truck can, please get a ford truck instead. The last two of what i said are *ABSOLUTE PROOF.*",2,2025-05-20T09:18:51Z
jyy2UvdcVxU,"¿Tesla? No gracias,  ni de coña",0,2025-05-18T18:39:20Z
jyy2UvdcVxU,Sounds like plastic,0,2025-05-18T17:23:40Z
jyy2UvdcVxU,omg cybertruck❤🎉🎉🎉🎉🎉🎉🎉🎉 like your videos,7,2025-05-18T08:06:09Z
jyy2UvdcVxU,They banned in india,0,2025-05-18T04:17:53Z
jyy2UvdcVxU,Comfort. U may carry luggage easily with luxury 🪑,0,2025-05-17T03:45:59Z
jyy2UvdcVxU,U can keep that Minecraft looking p.o.s. I'll stick to the old square body Chevy ANY day,0,2025-05-17T02:48:51Z
jyy2UvdcVxU,😂😂😂😂😂😂😂😂😂😂😂 garbage can😊,1,2025-05-16T14:36:18Z
jyy2UvdcVxU,One word. Dislike 😢,1,2025-05-15T21:54:52Z
jyy2UvdcVxU,"Ugly, Expensive, Dumpster on wheels for dummies with too much money.",0,2025-05-15T03:04:22Z
jyy2UvdcVxU,I love the cybertruck,4,2025-05-14T19:31:35Z
jyy2UvdcVxU,So ugly car🤮,1,2025-05-10T12:29:25Z
jyy2UvdcVxU,So where did you find one that's not broken down hahaha,1,2025-05-08T21:07:44Z
jyy2UvdcVxU,Antes de morrer queria muito andar nesse carro,0,2025-05-08T15:27:38Z
jyy2UvdcVxU,😍,1,2025-05-07T21:46:05Z
jyy2UvdcVxU,Omo the car 🚗 sharp I swear,0,2025-05-05T20:31:52Z
jyy2UvdcVxU,Omg,0,2025-05-04T15:18:13Z
jyy2UvdcVxU,"lol, you got jipped…",1,2025-05-04T04:56:27Z
jyy2UvdcVxU,By a cliff? Brave! Pay the extra for the parachute.,0,2025-05-03T18:58:02Z
jyy2UvdcVxU,Awesome,0,2025-05-03T11:41:08Z
jyy2UvdcVxU,"It's not ugly, it's boring",0,2025-05-02T07:17:06Z
jyy2UvdcVxU,Congratulations,3,2025-05-01T22:11:26Z
jyy2UvdcVxU,🎉,0,2025-05-01T11:23:25Z
jyy2UvdcVxU,Is a cibertroc no a tesla,0,2025-05-01T00:25:57Z
jyy2UvdcVxU,👍🏻👍🏻❤❤❣❣❣❣😍👏🏼👏🏼🙏,0,2025-04-30T03:38:36Z
jyy2UvdcVxU,My favourite 😢,12,2025-04-29T17:23:57Z
jyy2UvdcVxU,Still trashcan,1,2025-04-29T08:51:12Z
jyy2UvdcVxU,The Best car in the world!!,8,2025-04-28T23:25:25Z
jyy2UvdcVxU,Shitbox,1,2025-04-28T15:56:31Z
jyy2UvdcVxU,"a lebanese getting a cyber truck is the most retarted thing u can do, like bro where are u gona fix the fker.",0,2025-04-28T11:49:33Z
jyy2UvdcVxU,Prefiro byd,1,2025-04-27T17:04:56Z
jyy2UvdcVxU,Tesla is not even a car,1,2025-04-27T03:53:42Z
jyy2UvdcVxU,Uau. Demais ❤❤❤,1,2025-04-26T21:21:54Z
jyy2UvdcVxU,which refrigerator model?,1,2025-04-25T14:49:12Z
jyy2UvdcVxU,"Just one of elon’s pieces of crap. You should be ashamed if you own one . He single handed destroyed many of American lives! Dumb donald just a puppet! Ugly POS ! All 3 elon,donald and the truck !",0,2025-04-24T23:12:46Z
jyy2UvdcVxU,Just one of elon’s pieces of crap. You should be ashamed if you own one . He single handed destroyed many of American lives! Dumb donald just a puppet!,0,2025-04-24T23:11:14Z
jyy2UvdcVxU,I hate the way this looks ion see how people love this lol,1,2025-04-23T14:29:24Z
jyy2UvdcVxU,The interior reminds me of the inside of an airport train shuttle.,1,2025-04-20T22:36:49Z
jyy2UvdcVxU,"Araba tanıtma❌
Araba okşama ✅",0,2025-04-20T15:43:48Z
jyy2UvdcVxU,🗑️,1,2025-04-20T12:17:33Z
jyy2UvdcVxU,"Random yap: I love tesla but i hate the cybertruck. Many failures and built too bad, and Elon musk sucks. He is a N*zi who supports donald trump.",0,2025-04-19T15:05:02Z
jyy2UvdcVxU,Never look cart Cyber truck,1,2025-04-18T18:39:53Z
jyy2UvdcVxU,Yoooooo!👍👍🎆👍🎆,0,2025-04-18T16:24:19Z
jyy2UvdcVxU,i love cybertruck so much.❤❤❤❤,7,2025-04-17T10:26:58Z
jyy2UvdcVxU,❤❤❤❤❤Cybertruck ❤❤❤❤❤,5,2025-04-17T05:21:17Z
jyy2UvdcVxU,Price?,0,2025-04-17T01:46:10Z
jyy2UvdcVxU,The cybertruck acceleration at the the end sounds like a jet!😮😮,16,2025-04-16T23:11:13Z
jyy2UvdcVxU,😳😳🤢🤢🤢🤢🤮🤮🤮🤮🤮🤧🤧🤧🤧😐🤚,0,2025-04-15T01:08:50Z
jyy2UvdcVxU,What crap,0,2025-04-13T01:00:37Z
jyy2UvdcVxU,I love the look of these cybertrucks,11,2025-04-12T03:37:37Z
jyy2UvdcVxU,Simple quick video. Shows pretty much everything about the cybertruck. No nonsense. No hi guys welcome to my channel today I will be reviewing the brand new cybertruck. Love it. Shoutout to Lebnan,3,2025-04-09T19:32:06Z
jyy2UvdcVxU,Tô sobrando tô só burro troca ainda é,0,2025-04-09T18:03:46Z
jyy2UvdcVxU,Nice,0,2025-04-09T00:51:39Z
jyy2UvdcVxU,"You forgot the 2 most important sounds:
1. The beeping of the tow truck as it backs up to haul your POS to the dealer.
2. The sound of the dealer telling you that none of the catastrophic design flaws are covered under warranty.",43,2025-04-08T18:32:12Z
jyy2UvdcVxU,Tesla vehicles are built to a Poor low Quality standard for the very expensive price. Basically a low quality car with a cheap laptop,1,2025-04-08T14:23:39Z
jyy2UvdcVxU,If you can't park it straight don't drive cybertruck,0,2025-04-07T18:04:52Z
jyy2UvdcVxU,am in indonesian has tesla but dont have cypertruck tesla,1,2025-04-07T02:06:29Z
jyy2UvdcVxU,Bruuh cybertruck tesla i deivery orderd,0,2025-04-06T03:42:33Z
jyy2UvdcVxU,"Señor presidente Donald J. Trump y futuro presidente Elon, ustedes cuentan con el apoyo del pueblo Mexicano 🇲🇽🇺🇲✊️",8,2025-04-05T18:36:16Z
jyy2UvdcVxU,Mary ayala,0,2025-04-05T03:56:25Z
jyy2UvdcVxU,I want one of them 😢,8,2025-04-04T21:18:44Z
jyy2UvdcVxU,Awfully designed 😂😂😂😂,1,2025-04-04T15:31:46Z
jyy2UvdcVxU,https://youtu.be/BMxDe-7N9yM?si=qVT4ali4LJJ0C2Tv,0,2025-04-03T14:02:27Z
jyy2UvdcVxU,"why do people hate this car, i love it so much, i see them a lot in my city",6,2025-04-03T01:11:35Z
jyy2UvdcVxU,It's ugly as hell,2,2025-04-02T10:19:57Z
jyy2UvdcVxU,He called us broke in657484548464847464646645646474486448472937366772782829384837393929928363636364447292973646ways😂😂,0,2025-04-01T03:15:49Z
jyy2UvdcVxU,this just in. the worlds poorly made vehicle designed to be strong but not functional after 2 uses,0,2025-03-31T03:50:40Z
jyy2UvdcVxU,👍🏻😯👍🏻👍🏻👍🏻👍🏻👍🏻😯👍🏻👍🏻👍🏻👍🏻👍🏻👍🏻,0,2025-03-29T16:10:54Z
jyy2UvdcVxU,Parece um caminhão fo lixo chique kkkkkk,0,2025-03-29T10:24:16Z
jyy2UvdcVxU,It’s called a “Cyberbeast”,8,2025-03-29T01:53:49Z
jyy2UvdcVxU,Cyber truck,0,2025-03-28T14:25:17Z
jyy2UvdcVxU,Dang the cat is taking a long time to render,2,2025-03-27T13:53:46Z
jyy2UvdcVxU,People hate on Tesla for no reason,5,2025-03-27T04:28:05Z
jyy2UvdcVxU,😮😮,0,2025-03-25T11:23:38Z
jyy2UvdcVxU,Alot of toys. Go to toy's r us. Cheaper and better quality. Won't rust and the Tonka trucks go in the snow. CYBERJUNK!,0,2025-03-25T11:20:01Z
jyy2UvdcVxU,I wouldn't pay one dollar for this ... thing.,1,2025-03-25T07:22:19Z
jyy2UvdcVxU,nice,0,2025-03-25T03:23:28Z
jyy2UvdcVxU,Merci savoir monter en détails ❤,4,2025-03-23T23:48:03Z
jyy2UvdcVxU,Cahitden iyi oynamış 😊,0,2025-03-23T11:16:48Z
jyy2UvdcVxU,Sound effect,0,2025-03-23T10:52:09Z
jyy2UvdcVxU,Combien de places,0,2025-03-23T03:12:38Z
jyy2UvdcVxU,"Tesla could've did 10x more with 120k vechile especial the inside towing , range digital dash and mirror Heads up Display",1,2025-03-23T00:21:06Z
jyy2UvdcVxU,ugly,1,2025-03-23T00:17:53Z
jyy2UvdcVxU,You support nazist.,0,2025-03-22T23:41:38Z
jyy2UvdcVxU,I have tesla v1,0,2025-03-22T14:18:50Z
jyy2UvdcVxU,La bellezza è un' altra cosa.,7,2025-03-22T10:09:45Z
jyy2UvdcVxU,"It’s ugly as f..and despite seemingly robust,  it’s components may fall over a slight turbulence and there has been a major recall because of that. Apart from that, the boot opens automatically. wow! So modern 😂",0,2025-03-22T08:39:19Z
jyy2UvdcVxU,Sounds all extremely cheap and like a lot of plastic. Basically it sounds just as hollow as the boss of this brand 😂😂😂,4,2025-03-21T06:39:13Z
jyy2UvdcVxU,Smooth😮‍💨😮‍💨,12,2025-03-21T00:20:24Z
jyy2UvdcVxU,I will admit that these have grown on me,7,2025-03-20T23:29:48Z
jyy2UvdcVxU,oh shit theres a hazard lemme just put my hand in the air like i just dont care. seriously. whats up with the hazard light placement in these new cars,0,2025-03-20T21:55:04Z
jyy2UvdcVxU,Shit-Car. All Tesla are Shit-Cars.,1,2025-03-20T21:38:16Z
jyy2UvdcVxU,That thing is hideous,1,2025-03-20T21:21:22Z
jyy2UvdcVxU,How much,1,2025-03-20T07:07:26Z
jyy2UvdcVxU,That's awesome,10,2025-03-19T19:45:27Z
jyy2UvdcVxU,Toooo much hydrolics,0,2025-03-19T19:36:07Z
jyy2UvdcVxU,Looks ugly,1,2025-03-19T14:36:24Z
jyy2UvdcVxU,لم تعجبني هذه سيارة أبدا,0,2025-03-19T00:53:43Z
jyy2UvdcVxU,Don not click thr sound😰,0,2025-03-18T16:57:23Z
jyy2UvdcVxU,Huh?,0,2025-03-18T00:59:41Z
jyy2UvdcVxU,A car so easy to shrug at.,1,2025-03-18T00:58:12Z
jyy2UvdcVxU,😻😻,0,2025-03-17T23:18:06Z
jyy2UvdcVxU,Robotic 4 dystopia.,0,2025-03-17T16:59:38Z
jyy2UvdcVxU,Swasticar.,0,2025-03-17T03:09:58Z
jyy2UvdcVxU,Nobody cares we have one too dummy. Can I get some M&M for me please?,0,2025-03-16T01:57:27Z
jyy2UvdcVxU,We have one too,3,2025-03-16T01:56:47Z
jyy2UvdcVxU,انت لبناني 😂😂,0,2025-03-16T00:28:18Z
jyy2UvdcVxU,Hope it gets ruind,1,2025-03-15T22:15:44Z
jyy2UvdcVxU,The best sound is the flushing sound of your money and common sense into the sewer.,7,2025-03-15T17:22:32Z
jyy2UvdcVxU,Dumpster on wheels,0,2025-03-14T20:36:05Z
jyy2UvdcVxU,The problem is no real wood no real leather no real metal interrior,0,2025-03-14T14:15:22Z
jyy2UvdcVxU,I wouldn’t be caught dead in one of those dumpster looking things.,8,2025-03-13T04:04:41Z
jyy2UvdcVxU,I have cyber truck toy I love cyber truck❤,6,2025-03-12T16:43:08Z
jyy2UvdcVxU,پلاک ایران😂😂,0,2025-03-11T21:02:12Z
jyy2UvdcVxU,Roblox has it too,0,2025-03-10T15:20:21Z
jyy2UvdcVxU,Nice,1,2025-03-10T08:22:47Z
jyy2UvdcVxU,I love how unique the truck looks,248,2025-03-09T22:20:07Z
jyy2UvdcVxU,Gimmme  my bobux adih583,1,2025-03-09T05:31:11Z
jyy2UvdcVxU,Puro pinché plástico  una chatarra más basura que contamina,0,2025-03-07T18:53:30Z
jyy2UvdcVxU,Exellent,0,2025-03-06T17:03:46Z
jyy2UvdcVxU,Where is the engine of this car?,2,2025-03-06T13:29:49Z
jyy2UvdcVxU,Se parece a mi horno de microondas  😂,0,2025-03-06T01:29:04Z
jyy2UvdcVxU,My Dad Get A Brand New Cybertruck Gray Color,1,2025-03-05T20:50:06Z
jyy2UvdcVxU,CYBER JUNK,4,2025-03-04T19:43:30Z
jyy2UvdcVxU,Ay Dios!! Ayer q lo vi me pareció feo. Era un tesla 😮❤,0,2025-03-01T06:51:29Z
jyy2UvdcVxU,shitass car,1,2025-02-28T17:25:51Z
jyy2UvdcVxU,Love it❤,2,2025-02-28T00:02:05Z
jyy2UvdcVxU,"Ah, so this is the extent of testing it underwent before Elon got an erection and it was approved for sale.",0,2025-02-26T11:38:46Z
jyy2UvdcVxU,I purchased the collector’s edition of the Levitating Cybertruck and I just hope that I’ll have this boy in my garage one day. So dope!,44,2025-02-23T15:06:05Z
jyy2UvdcVxU,"You forgot the sound of $80-110,000.00 going down the drain.",14,2025-02-23T08:03:34Z
jyy2UvdcVxU,AMIR I will give you $2 tip,0,2025-02-19T10:01:29Z
jyy2UvdcVxU,Couldn’t give me one. Feel sorry for all the folks that will end up losing huge dollars on this boondoggle.,7,2025-02-18T03:55:59Z
jyy2UvdcVxU,😂🦴🦴🦴🦴🦴🦴🦴🦴,0,2025-02-18T01:28:40Z
jyy2UvdcVxU,The graphics didn't load up for this car,0,2025-02-16T11:04:19Z
jyy2UvdcVxU,Impressionante,6,2025-02-15T21:05:44Z
jyy2UvdcVxU,I love cybertrucks,60,2025-02-15T01:47:26Z
jyy2UvdcVxU,Horrible interior,2,2025-02-14T16:15:20Z
jyy2UvdcVxU,The back door of the trunk opens fast,27,2025-02-13T01:33:33Z
jyy2UvdcVxU,Lol junk car. Will depreciate to 20% in 1 year,2,2025-02-09T20:25:05Z
jyy2UvdcVxU,Carro feio,0,2025-02-09T17:09:46Z
jyy2UvdcVxU,Fantastic cybertruck ❤,24,2025-02-08T11:16:02Z
jyy2UvdcVxU,Sar majebileni he car😢,0,2025-02-06T15:13:42Z
jyy2UvdcVxU,Car made by Aluminum,0,2025-02-03T14:39:41Z
jyy2UvdcVxU,It can go to poland in one single charge,0,2025-02-03T00:29:42Z
jyy2UvdcVxU,tanta frescura pra um carro tao feio,0,2025-02-02T14:07:35Z
jyy2UvdcVxU,I want one I would add a wrap a fun color,11,2025-02-02T10:19:45Z
jyy2UvdcVxU,wow looks dumber on the inside,2,2025-02-01T14:47:41Z
jyy2UvdcVxU,"Reminds me of the Tyler Butterworth videos, awesome ride",12,2025-02-01T07:23:17Z
jyy2UvdcVxU,Ew.,1,2025-02-01T00:34:19Z
jyy2UvdcVxU,👏👏👏👏👏👏👏👏👏👏👏👏👍,1,2025-01-30T23:06:45Z
jyy2UvdcVxU,❤️❤️❤️❤️❤️❤️❤️❤️❤️,6,2025-01-27T16:02:46Z
jyy2UvdcVxU,That actually exist?!💀🤣 i thought IT was a concept,2,2025-01-26T15:12:41Z
jyy2UvdcVxU,Everything looks great before you touch a Tesla until you touch feel it then you begin to realize everything is poor quality built JUNK.,2,2025-01-25T15:41:31Z
jyy2UvdcVxU,Super cars,10,2025-01-21T12:25:28Z
jyy2UvdcVxU,Just hope it doesn't rain,3,2025-01-17T22:00:36Z
jyy2UvdcVxU,"Holy shit, the rear tires can turn? Damn",26,2025-01-16T16:16:54Z
jyy2UvdcVxU,People will buy anything if the internet tells them to,7,2025-01-15T02:49:21Z
jyy2UvdcVxU,"I don't know why people say it's ugly, personally it looks very pretty and at the same time imposing",80,2025-01-09T20:16:32Z
jyy2UvdcVxU,Truly awful,4,2025-01-09T20:03:04Z
jyy2UvdcVxU,Looks so insane i want one so bad. I hope Elon does not discontinue it.,133,2025-01-09T01:03:58Z
jyy2UvdcVxU,awl mra b3rf eno fi mna b lebnan,0,2025-01-08T03:21:51Z
jyy2UvdcVxU,Fia che schifoooo,0,2025-01-06T15:30:12Z
jyy2UvdcVxU,Ciber truck,0,2025-01-06T03:49:29Z
jyy2UvdcVxU,In love with this thing,28,2025-01-04T16:48:10Z
jyy2UvdcVxU,Doesn't look bad tbh,12,2025-01-04T07:10:46Z
G2j2xdlKjqc,🎉🎉,0,2026-04-08T09:50:37Z
G2j2xdlKjqc,Good review! You showed end to end details how @tesla works! from app to delivery center and so on! experience is different level!,0,2025-12-23T21:17:29Z
G2j2xdlKjqc,"Bro, come here to Munich, i OWN this beast",0,2025-12-20T20:01:58Z
G2j2xdlKjqc,Look at that AQI 😢😢😢,0,2025-12-19T08:36:19Z
G2j2xdlKjqc,"Worst car, brand nu vangadhinga.. Onnume irukadhu",0,2025-12-19T08:29:19Z
G2j2xdlKjqc,Laughed out loud when you said it will auto brake right😂😂...it shows how careful you are in a funny way....great work sir...,0,2025-12-19T06:06:43Z
G2j2xdlKjqc,nice one,0,2025-12-18T13:31:10Z
G2j2xdlKjqc,"Tesla = Ola, anyone agree 🤔",1,2025-12-18T09:26:27Z
G2j2xdlKjqc,Harrier ev is better than tesla,0,2025-12-18T08:34:27Z
G2j2xdlKjqc,"Great, Superb MW",0,2025-12-17T15:40:13Z
G2j2xdlKjqc,Tesla fails in india 😂😂😂,1,2025-12-17T15:32:19Z
G2j2xdlKjqc,Beautiful coverage,0,2025-12-17T15:09:08Z
G2j2xdlKjqc,"Seat belt podunga, safetya drive panunga miss..teslanala missinga...",1,2025-12-17T15:01:20Z
G2j2xdlKjqc,Surprise Surprise. Way to go Asir 😎🔥👍,1,2025-12-17T14:36:50Z
G2j2xdlKjqc,Most awaited car in your video 🔥❤️,0,2025-12-17T14:22:02Z
G2j2xdlKjqc,Title padikama car ah patha paakurathuju hyundai verna maari iruku 😂,2,2025-12-17T13:31:36Z
G2j2xdlKjqc,"Please don't endorse Tesla
ITS THE MOST ANTI RIGHT TO. REPAIR",0,2025-12-17T13:24:53Z
G2j2xdlKjqc,Anna new 2026 mg heter pluses paring 😊,0,2025-12-17T11:31:06Z
G2j2xdlKjqc,On rd Chennai price ?!,0,2025-12-17T11:12:50Z
G2j2xdlKjqc,"More than car, i like tesla bot  enna rate varum , house maintenance use agum😂😂😂",0,2025-12-17T10:56:43Z
G2j2xdlKjqc,"இந்திய தொலைகாட்சிகளில் முதன் முறையாக, திரைக்கு வந்து சில மாதங்களே ஆன ""டெஸ்லா""....சூப்பர் !!!",30,2025-12-17T10:43:29Z
G2j2xdlKjqc,❤ 5th,0,2025-12-17T10:41:29Z
G2j2xdlKjqc,Sir Range ?,0,2025-12-17T10:41:20Z
G2j2xdlKjqc,Video Quality upgraded👌👌👌,8,2025-12-17T10:41:18Z
G2j2xdlKjqc,"Well, this is unexpected. Keep this going.",6,2025-12-17T10:34:15Z
G2j2xdlKjqc,❤,0,2025-12-17T10:33:37Z
G2j2xdlKjqc,😮❤,0,2025-12-17T10:32:53Z
G2j2xdlKjqc,Hai 👋 ji ☺️😊😊😊...🎉🎉,1,2025-12-17T10:31:28Z
-pvhiGhtGbI,Amazing review . Will book by next week,0,2025-12-12T19:52:34Z
-pvhiGhtGbI,Sab dikhaya-sunaya par horn nahi sunaya-dikhya,2,2025-11-04T13:56:15Z
-pvhiGhtGbI,Sir full review kitna range date hai or on road price,0,2025-10-30T11:22:59Z
-pvhiGhtGbI,Agar janbujhkar koi obsical ke pass Le Jaenge aur Takkar marne ke liye koshish Karenge to tab Karva Degi aapko rokane ke liye koshish Karega Bina self driving,0,2025-10-29T19:41:53Z
-pvhiGhtGbI,Vah kabhi garibi nahin hoga marte Dam Tak marne ke bad bhi Ham rahega,2,2025-10-29T11:17:40Z
-pvhiGhtGbI,Nice,1,2025-10-28T21:18:55Z
-pvhiGhtGbI,Range test lana,0,2025-10-28T15:50:53Z
-pvhiGhtGbI,"If Elon Musk spent $1 million every single day, it would take him roughly 685 years to become a beggar. It network is  250000 million dollars.",2,2025-10-28T15:40:36Z
-pvhiGhtGbI,❤❤💐,0,2025-10-28T14:32:35Z
-pvhiGhtGbI,Cool car,1,2025-10-28T14:02:00Z
NsKhUh26Nkw,"Auto driving is going to get humans killed in the future Trust me.
Specially powerful people",0,2026-04-29T17:46:49Z
NsKhUh26Nkw,Tesla get so much attention from tech freaks and auto enthusiasts in India.,0,2026-04-29T17:29:52Z
NsKhUh26Nkw,"It’s a good car, but it’s just not tuned or made for india.",0,2026-04-29T08:07:41Z
NsKhUh26Nkw,This Video feel more like sponsper of Tesla rather than honest review,0,2026-04-29T06:41:19Z
NsKhUh26Nkw,Chi 🤡,0,2026-04-28T21:22:39Z
NsKhUh26Nkw,Good video bhai,0,2026-04-28T16:54:49Z
NsKhUh26Nkw,0-100km in 6.44sec thank me later 🙂,0,2026-04-28T16:11:24Z
NsKhUh26Nkw,0 to 100 in 6.44 sec,0,2026-04-28T15:51:07Z
NsKhUh26Nkw,25 lakh ki gaadi india aate aate 70 lakh ,0,2026-04-28T11:29:07Z
NsKhUh26Nkw,That wiper problem also exists in BMW X1,0,2026-04-28T10:41:03Z
NsKhUh26Nkw,"bikk gyi hai gormint, but karna padta hai",0,2026-04-28T10:31:01Z
NsKhUh26Nkw,"Stupid reviews ever seen, with no experience",0,2026-04-28T08:34:32Z
NsKhUh26Nkw,Dono ke soul dead ho gaye ish car ko review karke 😂,0,2026-04-28T04:05:55Z
NsKhUh26Nkw,"Wth is this car, alto k10 is better than this from outside and inside",0,2026-04-28T04:05:28Z
NsKhUh26Nkw,Another tubelight car like verna it will flop hard,0,2026-04-28T04:00:56Z
NsKhUh26Nkw,bro 6 sec bench mark is on chill mode you guys have to put it on standard to get the actual number 4 sec but there is a sport mode which is not available in India at the moment,0,2026-04-28T03:44:47Z
NsKhUh26Nkw,5:53  i agree with bro🤣,1,2026-04-27T18:03:17Z
NsKhUh26Nkw,"so if there is a screen error, while the car is parked in summer, it essentially becomes a human toaster",0,2026-04-27T16:56:28Z
NsKhUh26Nkw,9:43 spinny ads in cars 24 damn,0,2026-04-27T16:53:19Z
NsKhUh26Nkw,"""remote control game"" 😂😂😂",0,2026-04-27T15:53:47Z
NsKhUh26Nkw,bhai.. bata toh do. video Fully Sponsored hai. chandni chowk mein parking karke dikhao..,4,2026-04-27T12:40:16Z
NsKhUh26Nkw,how much do u guys pay to ur editor?,0,2026-04-27T10:29:46Z
NsKhUh26Nkw,"From the thumbnail, for a sec, I thought it was the Verna😂",0,2026-04-27T06:37:16Z
NsKhUh26Nkw,If the screen cracks 💀,7,2026-04-27T05:56:53Z
NsKhUh26Nkw,"We purchased model Y LR variant in december last year, very good experience with range and durability",4,2026-04-27T05:09:03Z
NsKhUh26Nkw,Garbage 🗑 😂,1,2026-04-27T02:46:45Z
NsKhUh26Nkw,0:14 🤯,0,2026-04-27T02:28:40Z
NsKhUh26Nkw,"Overrated mediocrity. The ipad on wheels. Own this for a while and you'll understand the many glaring problems with this car.

Spacex wala material use Kiya hai is a marketing gimmick. BC kya jarurat hai space craft grade materials ki. Kaun le ke jane wala hai isko space mein. Similar thing apple pulled off with surgical grade titanium in their iPhones. Kaun betichod iphone se surgery kar raha hai. Issilye iPhone 17 mein se titanium gayab hai.

Jab tak india mein 'gora log aur japanese log ne kiya hai aacha hi hoga' mentality khatam nahi hoga, ye sab dick riding/glazing hota rahega.

Indian EVs do not have that wow factor. But then again, own a tesla or an Indian ev, you'll wish you had the Indian ev because you could use those 45 lakh rupees for something productive instead of putting it in a highly depreciating ipad on wheels.

0-100 karne do isko 6 sec mein. Speed limit 60 ki hai. 

Jab ownership ka 4th/5th year hoga tab gaadi ki 60% value depreciate ho jayegi. And after the battery is out of warranty this goes for peanuts.

If you want to buy an expensive EV, best course of action is buy a decent mid level ICE car and then set the remaining money on fire.

Elon Musk ko khudko ispe bharosa nahi hai issliye woh tesla ko humanoid robotics pe pivot maar raha hai. Phir tum car customers ko milega thullu in after sales support.",1,2026-04-26T21:00:28Z
NsKhUh26Nkw,This car is a taxi in DXB but i like it,0,2026-04-26T20:42:18Z
NsKhUh26Nkw,Alto 60 ki speed ke takeoff kar leti hai !!! 😂,1,2026-04-26T20:22:04Z
NsKhUh26Nkw,Alto 60 ki speed ke takeoff kar leti hai !!! 😂,0,2026-04-26T20:21:55Z
NsKhUh26Nkw,"All good and that , let’s test the trial of time , my dad ambassador still works , will this glorified e rickshaw work ? . 😂❤",0,2026-04-26T19:14:09Z
NsKhUh26Nkw,Ground clearance,0,2026-04-26T17:51:31Z
NsKhUh26Nkw,1000th like,0,2026-04-26T17:44:54Z
NsKhUh26Nkw,This car is almost driving it self in us texas & other places.. it can go to point A to point B without any intervention seamlessly & park it self. U should watch FSD 14.3.2 update video about how it drives. Almost 90% of the future of this car still not activated in india.. it can do so much more.,1,2026-04-26T16:55:27Z
NsKhUh26Nkw,Xev 9e is much much better than this,0,2026-04-26T16:33:43Z
NsKhUh26Nkw,GOOD VERY NICE BRO,0,2026-04-26T16:26:16Z
NsKhUh26Nkw,"This was very poorly recorded video. You hardly showed footages of car. It was always your face. I really like your videos but this one was very irritating as I could see less of tthe car and more of your face...
😂",0,2026-04-26T15:57:05Z
NsKhUh26Nkw,Honestly you cant judge a tesla unless youve experienced the ride comfort and tech,10,2026-04-26T15:33:10Z
NsKhUh26Nkw,Bro unfiltered than why you madhe video of ethanol private 🤣🤣,0,2026-04-26T13:39:20Z
NsKhUh26Nkw,Tum dum tan nao 😂,0,2026-04-26T13:35:46Z
NsKhUh26Nkw,3:24 *Massive 🤣🤣,1,2026-04-26T13:31:21Z
NsKhUh26Nkw,❤❤❤❤ bro's,0,2026-04-26T11:05:04Z
NsKhUh26Nkw,2:16 Now these handles are ban in China,2,2026-04-26T10:25:40Z
NsKhUh26Nkw,1:30 Mujhe bhi verna ka hii design laga tha peheli baar mei,5,2026-04-26T10:23:02Z
NsKhUh26Nkw,Tata safari dicor please 😢,0,2026-04-26T09:20:12Z
NsKhUh26Nkw,do a xev9e vs this tesla...not of performance...maybe little bit performance and functions+cosmetics,0,2026-04-26T08:48:21Z
NsKhUh26Nkw,"Aree, verna electric aa gayi 😂",0,2026-04-26T08:43:36Z
NsKhUh26Nkw,"Never commented till now 
First time commenting on this channel
Can you guys please do a 2017 ignis Alpha AMT?
Even lower varients would work but it should be AMT",0,2026-04-26T07:14:57Z
NsKhUh26Nkw,"tesla vale electric alto bana de, aur aadhe features nikal de jaise auto parking, traffic display etc. maybe 15 lakh me to shayad log bat cheet karege inki gadi ke bare me.",0,2026-04-26T07:08:43Z
NsKhUh26Nkw,Vo cameraman kya record 😢kr rha 😂? Footage toh samne ki dikh rhi😮,2,2026-04-26T06:41:46Z
NsKhUh26Nkw,"I feel Chinese better cars de rahe hain, EVs me.",0,2026-04-26T06:32:55Z
NsKhUh26Nkw,So this the new verna,17,2026-04-26T06:14:51Z
NsKhUh26Nkw,Should have shown how steering turns on its own during auto-parking,23,2026-04-26T05:46:33Z
NsKhUh26Nkw,"60lakhs
Fortuner naamak Rath aajata hai itne mein❤",0,2026-04-26T05:18:07Z
NsKhUh26Nkw,"No buttons feels shit…
Buttons hone chahiye❤",6,2026-04-26T05:12:31Z
NsKhUh26Nkw,"in china the model Y and the model YL together sell about 35-37k units a month and now xiaomi has caught up and sells 36-38k units of the YU7. More range, more power and better hands free driving and more integration of software with phones. hype of tesla is over in china atleast.",0,2026-04-26T04:48:54Z
NsKhUh26Nkw,Diesel engine ❤❤,0,2026-04-26T04:16:46Z
NsKhUh26Nkw,"1:08 usa jaise petrol friendly desh🤣💥💥🔥only wants vanuzvala,iran",1,2026-04-26T03:28:48Z
NsKhUh26Nkw,I've driven this in UK. Honestly I liked BE6 more,2,2026-04-26T03:26:13Z
NsKhUh26Nkw,thanks for considering diseal lovers,1,2026-04-26T03:05:19Z
NsKhUh26Nkw,"This is an Awesome car back when it's launched in 2020 

But now it's just ok 😅",5,2026-04-26T02:46:09Z
NsKhUh26Nkw,Bhai koi job hai kya car review achi karunga mujhe bhi esi hi job chahiye .,0,2026-04-26T02:43:39Z
NsKhUh26Nkw,Not practical car 😢😢,0,2026-04-26T01:31:51Z
NsKhUh26Nkw,No button is dangerous EU has now reduced the rating of car without user friendly tactile button..sad to not see it in tesla ..too fancy for a High price 😢😢😢😢,8,2026-04-26T01:31:27Z
NsKhUh26Nkw,cars 24 ko kitne paise diye tesla ne,0,2026-04-26T00:22:17Z
NsKhUh26Nkw,You guys didn't talk about charging and what about the charging speed supported with the adaptors in India.,58,2026-04-25T20:03:47Z
NsKhUh26Nkw,Pls cover 2017 brezza disel ❤🙏,5,2026-04-25T18:19:28Z
NsKhUh26Nkw,Bhai ek baar ko toh mai samjha ki verna ki video hai.. 😂😂😂,0,2026-04-25T18:10:57Z
NsKhUh26Nkw,First 20 seconds main hasi nahi rok paa raha 😂😂,0,2026-04-25T17:42:46Z
NsKhUh26Nkw,If I have 62lakh than i import toyota Hilux then modify the car,1,2026-04-25T17:14:04Z
NsKhUh26Nkw,0:46 dekh ke lagta hai ki koi trash bins ka edit manata ho🤡. (NO ONE CAN CHANGE MY LOVE WHICH IS PETROL❤),3,2026-04-25T17:01:49Z
NsKhUh26Nkw,"Great episode, loved it",0,2026-04-25T16:33:11Z
NsKhUh26Nkw,Under 24 mins 😂😂😂,0,2026-04-25T16:15:42Z
NsKhUh26Nkw,10:28 Bhai tum to chill mode me ho... Sport mode me dal ke to dekho! BTW: Love your videos,0,2026-04-25T16:12:13Z
NsKhUh26Nkw,apne custom horn wala feature nahi dikhaya baki video zabardasttt,1,2026-04-25T16:06:29Z
NsKhUh26Nkw,"Renault capture, please 🙏",0,2026-04-25T15:53:53Z
NsKhUh26Nkw,good car but for the price  no one would buy it in india as the same car is around 30-40lakhs in usa,33,2026-04-25T15:49:49Z
NsKhUh26Nkw,Exhaust note please,165,2026-04-25T15:45:54Z
NsKhUh26Nkw,First,2,2026-04-25T15:45:15Z
Hy5H0SoQVN4,Maa oorloo poothadhii endhuku poodhu...kaani shed ki pothadhiii😂😂,0,2025-08-29T16:20:34Z
Hy5H0SoQVN4,Tesla car  ki insurance vuntuda    😮 automatic driving is excellent 👌👍 how much cost i will pay cheque 😂😂,0,2025-08-24T20:13:00Z
Hy5H0SoQVN4,EMI కట్టక పోతే బ్యాంక్ కి వెళ్ళిపోతుంది😂😂😂,0,2025-08-17T17:00:08Z
Hy5H0SoQVN4,Price cheppandi,0,2025-07-30T09:25:15Z
Hy5H0SoQVN4,Guntur,0,2025-07-27T15:08:01Z
Hy5H0SoQVN4,Evidra intha intha talent gaa vunnadu..musk,3,2025-07-05T01:36:10Z
Hy5H0SoQVN4,అన్న అమెరికా లో కారు డ్రైవర్ కి శాలరీ ఎంత ఉంటుంది నేను అమెరికా రావటానికి చూస్తున్న... డ్రైవర్ లైఫ్ ఎలా ఉంటుంది,3,2025-05-13T12:42:34Z
Hy5H0SoQVN4,Sir e car ki silencer vuntada 🙄,0,2025-05-09T09:42:59Z
Hy5H0SoQVN4,Bangalore lo  not working,0,2025-05-04T13:11:19Z
Hy5H0SoQVN4,❤❤,0,2025-05-02T11:43:06Z
Hy5H0SoQVN4,Sanaatanam ni Complete ga Follo aiiedhe meeeru okkate mr. R 🦖,1,2025-05-01T09:19:29Z
Hy5H0SoQVN4,Do you know car hack,0,2025-04-27T13:21:43Z
Hy5H0SoQVN4,"Y steering will be in left side for USA comparing to India , any reason raja saab 
Can you please explain in detail",1,2025-04-27T04:04:51Z
Hy5H0SoQVN4,కడప కింగ్ 🍓🍷🌹,1,2025-04-24T14:33:51Z
Hy5H0SoQVN4,Hilarious comment,0,2025-04-24T12:12:30Z
Hy5H0SoQVN4,Super car 🚗 Andhra Pradesh Nellore Anna,0,2025-04-24T10:53:32Z
Hy5H0SoQVN4,నయనానందకరముగ ఉంది రాజు  గారు,5,2025-04-23T06:44:27Z
Hy5H0SoQVN4,👌👌👌,0,2025-04-22T11:28:04Z
Hy5H0SoQVN4,In future drivers jobs  also gone,1,2025-04-22T09:25:08Z
Hy5H0SoQVN4,మా ఊరిలో పోతది గుంటలోకి 😂,0,2025-04-22T08:12:58Z
Hy5H0SoQVN4,గూగుల్ మ్యాప్ ప్రకారం మా కాడ కారు రన్ ఐతే 😂😂😂సగం కట్టిన బ్రిడ్జి లు చెరువుల్లోకి దార్లు చాలా ఉంటాయి😂😂😂,33,2025-04-22T05:23:29Z
Hy5H0SoQVN4,Mana తాడిపత్రిలో పనికొస్తుందన్న ఎందుకంటే మనది రాయలసీమ కదా,4,2025-04-22T04:18:35Z
Hy5H0SoQVN4,"E car nenu kanipettalani anukuna 15 years back, but musk",0,2025-04-21T16:21:46Z
Hy5H0SoQVN4,ఏo ఆశ్చర్యంగా ఉం ఇది,1,2025-04-21T15:38:46Z
Hy5H0SoQVN4,Nice information brother 👍,1,2025-04-21T13:07:00Z
Hy5H0SoQVN4,EMI కట్టకుంటే కోంపదీసి షోరూమ్ కి వెళ్ళాపోతుదా....😂😂😂,180,2025-04-21T12:10:05Z
Hy5H0SoQVN4,మా ఊరిలో పోతది 🤣🤣🤣🤣🤣🤣,0,2025-04-21T10:30:04Z
Hy5H0SoQVN4,"My Auto driving stress level 📈
My Manual driving stress level 📉",6,2025-04-21T09:40:30Z
Hy5H0SoQVN4,Kadapa 7 roads,5,2025-04-21T09:26:47Z
Hy5H0SoQVN4,To late mama ur .mahendra 9xe. Supur in india,2,2025-04-21T06:59:50Z
Hy5H0SoQVN4,బాబోయ్ మానవుడు ఇంకా ఏం చేస్తాడో,2,2025-04-21T06:34:01Z
Hy5H0SoQVN4,Unbelievable😮,2,2025-04-21T06:27:16Z
Hy5H0SoQVN4,ఇండియాలో ఇలాంటి కారు వస్తే ఆపరేషన్ సక్సెస్ కానీ పేషెంట్ డెడ్😂,2,2025-04-21T06:18:38Z
Hy5H0SoQVN4,Mashaallah,1,2025-04-21T05:49:15Z
Hy5H0SoQVN4,Super,0,2025-04-21T05:49:06Z
Hy5H0SoQVN4,Jagrata bro...key petti geekestunnaru ..musk company ani,3,2025-04-21T05:21:46Z
Hy5H0SoQVN4,We are experiencing through you,12,2025-04-21T05:18:13Z
Hy5H0SoQVN4,సూపర్ రాజు అన్న,1,2025-04-21T04:51:59Z
Hy5H0SoQVN4,Ma ..karnatakalo ilanti car 🚗 lu ...tacham ankondi....ante kata......endukante sarigga rode le levu ........😅.......,4,2025-04-21T04:39:13Z
Hy5H0SoQVN4,Very nice 👏,1,2025-04-21T04:37:15Z
Hy5H0SoQVN4,Which model is this?,3,2025-04-21T04:33:16Z
Hy5H0SoQVN4,👍,0,2025-04-21T04:30:08Z
Hy5H0SoQVN4,Nice information sor🎉🎉🎉🎉🎉,4,2025-04-21T04:03:58Z
Hy5H0SoQVN4,❤❤,1,2025-04-21T03:57:01Z
Hy5H0SoQVN4,డాలస్ లోచాలానేవున్నాయండి,4,2025-04-21T03:40:28Z
Hy5H0SoQVN4,👌,2,2025-04-21T03:39:40Z
Hy5H0SoQVN4,Mawayya first comment nenu 😅 na channel kuda pramoted cheyi mawa,4,2025-04-21T03:32:23Z
Hy5H0SoQVN4,Ohh,3,2025-04-21T03:32:21Z
Hy5H0SoQVN4,Hii sir ❤,2,2025-04-21T03:32:07Z
Hy5H0SoQVN4,Hai sir,2,2025-04-21T03:31:47Z
Hy5H0SoQVN4,1st comment,1,2025-04-21T03:31:35Z
LR__SBYmvq8,fuel injected reviewing TESLA,0,2026-03-18T03:34:44Z
LR__SBYmvq8,Gharme main tumhare tandoori ban jayegi glass roof top se,0,2026-03-04T04:35:27Z
LR__SBYmvq8,America me sirf 35L ki milti hai 😅,1,2026-01-17T05:00:52Z
LR__SBYmvq8,Falatu gaadi hai,0,2026-01-16T06:31:11Z
LR__SBYmvq8,14.08 pe is youtuber ki full beizzati dekhiye sabhi log 😂😂😂,0,2026-01-15T13:42:41Z
LR__SBYmvq8,Kya alag alag ker raha hai..samne se verna side se city aur peeche se Tiago lag rahi hai 😂😂😂,0,2026-01-15T13:35:42Z
LR__SBYmvq8,14:08 karva li beijjati 🤧😂😂,9,2025-12-31T08:59:01Z
LR__SBYmvq8,kitni gandi dikhti ha ye,0,2025-12-29T08:33:43Z
LR__SBYmvq8,i see lot of shapris,0,2025-12-27T23:37:28Z
LR__SBYmvq8,Over price 😂😂😂,0,2025-12-27T17:34:29Z
LR__SBYmvq8,it feels like science project,0,2025-12-26T12:29:34Z
LR__SBYmvq8,"Car ❌
Auto-mobile ✅",0,2025-12-24T09:56:25Z
LR__SBYmvq8,Centre me headrest nhi h middle passenger k ly,0,2025-12-23T13:26:23Z
LR__SBYmvq8,This brand will be one of the highest selling  between 20-40 lakh segment if manufactured in India or at least assembled in India.,4,2025-12-21T16:41:40Z
LR__SBYmvq8,Be6 only..😂❤❤❤ 4:58,1,2025-12-18T13:22:34Z
LR__SBYmvq8,It looks pretty dope ngl,1,2025-12-18T10:48:47Z
LR__SBYmvq8,Looks so plain 😢😢😢,1,2025-12-18T08:24:42Z
LR__SBYmvq8,"I heard that for autopilot mode you have to pay 8lakh extra and you are telling 6lakh ,So what cost it would be or else its depend upon city to city?",0,2025-12-16T19:14:06Z
LR__SBYmvq8,He sounding like MS Dhoni  at times!,0,2025-12-16T18:23:40Z
LR__SBYmvq8,Indicator & wiper lever hai ya vo bhi screen se hi lagte hain ?,3,2025-12-16T16:17:28Z
LR__SBYmvq8,❤,0,2025-12-16T10:56:09Z
LR__SBYmvq8,Bhai new harley davidson x440t ka review banao,0,2025-12-16T06:42:10Z
LR__SBYmvq8,"Only 60 teslas have been sold out, in India 😂😂",0,2025-12-15T14:29:32Z
LR__SBYmvq8,Toyota is best,0,2025-12-15T12:32:35Z
LR__SBYmvq8,Bro khaini khaate ho???,0,2025-12-15T10:00:20Z
LR__SBYmvq8,"For 70L price this is a toy car - not worth it .. 

Over hyped - 

Major finishing issues, software glitches, even in recall lot .. 

Not worth it - better to go for BYD pure electric .. 

Else hybrid is the option .. 

Marketing hi hai bas ..",0,2025-12-15T08:39:23Z
LR__SBYmvq8,toh is 60lk ki ev ka main point hai ki yeh baaki ev ki tarha na hoke regular car ki tarha calibrated hai ! me 60 lkhs me ice nahi le sakta rather than an ev thats calibrated to be like an ice !,0,2025-12-15T04:19:16Z
LR__SBYmvq8,I can improve your thumbnails,0,2025-12-15T03:15:34Z
LR__SBYmvq8,11:45 worst features dude. You should have physical buttons to operate things you adjust frequently. Everything in screen makes it uncomfortable and unsafe while driving.,8,2025-12-14T18:49:23Z
LR__SBYmvq8,Rtx 300 video,0,2025-12-14T18:03:46Z
LR__SBYmvq8,Bhai please new wali kawasaki klx 230 ka full review kardo. Bike pasand lkein koi bhi youtuber theek features and bike ke baare me nahi bata raha. Aap review kardo ek baar🥺,0,2025-12-14T17:08:43Z
LR__SBYmvq8,Please 🥺 🙏 consider Indian brand.,0,2025-12-14T15:08:50Z
LR__SBYmvq8,Wheel ❌ Fan ✅,29,2025-12-14T11:15:43Z
LR__SBYmvq8,Bhai Sierra diesel ka drive review pending hai..,0,2025-12-14T10:30:50Z
LR__SBYmvq8,15:42 That's what he said!,4,2025-12-14T10:18:51Z
LR__SBYmvq8,Alto loan pe li hai...phir bhi ye video dekh raha hoo 😄,21,2025-12-14T05:48:03Z
LR__SBYmvq8,Don't promote American product,0,2025-12-14T04:05:59Z
LR__SBYmvq8,68 lakhs that too exshowroom are you joking and different colours chahiye so pay extra 😂😂😂,0,2025-12-14T03:49:17Z
LR__SBYmvq8,Bhai defender octa ka bhi review karo plz,0,2025-12-14T03:28:18Z
LR__SBYmvq8,"bhai tum apna CALIBRATION thoda kam rakhna video bnate samay please, pak gaye hai ek hi word sunkr poori video me",2,2025-12-13T19:55:33Z
LR__SBYmvq8,Aukat K Bahar Wali Gari 😅😅😅,0,2025-12-13T19:11:22Z
LR__SBYmvq8,spare wheel there or not??,1,2025-12-13T18:41:13Z
LR__SBYmvq8,I could literally hear the road imperfections through the video. Very surprising. The ride ‘sounds’ very stiff.,0,2025-12-13T17:14:06Z
LR__SBYmvq8,mixer grinder 2 dhai hazar ka v aata hai bhai...itna mehenga kon leta hai,6,2025-12-13T16:54:38Z
LR__SBYmvq8,how is this car road complaint. its not having a fixed Tail light after the boot open.😢,0,2025-12-13T16:12:55Z
LR__SBYmvq8,Ntorq 150 v chalaa le bhai,1,2025-12-13T16:03:48Z
LR__SBYmvq8,Elon musk also watching 😂😂😂,1,2025-12-13T15:54:59Z
LR__SBYmvq8,3:33 but jitna bhi aye Tata is Tata  💪🏻,4,2025-12-13T15:50:57Z
LR__SBYmvq8,Mahindra xev 9s ka bhi review karo bhaiya 🙏,2,2025-12-13T15:24:00Z
LR__SBYmvq8,I like this post,0,2025-12-13T14:15:58Z
LR__SBYmvq8,E vehicle saste hone chahiye agar pollution kam karna chahti hai sarkar,1,2025-12-13T13:44:01Z
LR__SBYmvq8,Why don't you review performance scooters 😢,0,2025-12-13T13:43:37Z
LR__SBYmvq8,Kya mast software hai tesla ka display me ❤😊🎉,9,2025-12-13T13:38:34Z
LR__SBYmvq8,"Tata in EV💀
MAHINDRA IN EV ☠️
TESELA ☘️",1,2025-12-13T13:36:25Z
LR__SBYmvq8,Mast bahot badhiya car hai ❤🎉😊,6,2025-12-13T13:36:12Z
LR__SBYmvq8,Verna lag rhi hai aage se😂😂😂,1,2025-12-13T13:33:02Z
LR__SBYmvq8,Bro is flexing his height in every single video🥲,109,2025-12-13T13:25:26Z
LR__SBYmvq8,Bakwas si lag rahi hai. Jo bhi 60 lakh kharch karega aisi chiz toh nahi lega😊,2,2025-12-13T13:19:38Z
LR__SBYmvq8,Meri Height hai 6 feet 😊,1,2025-12-13T12:34:42Z
LR__SBYmvq8,Falling sales all over the world😂😂 The world's most overvalued company.,37,2025-12-13T12:20:05Z
LR__SBYmvq8,You tuber with zero hate ❤,28,2025-12-13T12:15:55Z
LR__SBYmvq8,Best YouTuber,0,2025-12-13T12:15:06Z
LR__SBYmvq8,"Bhai, Honda Hornet 2.0 2025 Video chahiye",5,2025-12-13T12:04:42Z
LR__SBYmvq8,xev9e is way better looking  ....,4,2025-12-13T11:57:30Z
LR__SBYmvq8,"How the heck did u get this in Jabalpur, Sir ?",2,2025-12-13T11:45:48Z
LR__SBYmvq8,how in india,2,2025-12-13T11:42:00Z
LR__SBYmvq8,Tesla😶‍🌫️,0,2025-12-13T11:38:36Z
LR__SBYmvq8,♥️⚡,0,2025-12-13T11:32:19Z
ftxAym2hokQ,Salat tayyor🥒😄,1348,2025-01-23T14:29:31Z
ftxAym2hokQ,I have those features in my 2014 Toyota as well 🤣🤣🤣🤣🤣🤣,0,2026-04-09T06:49:16Z
ftxAym2hokQ,Que chulada la cyberg Trunks,0,2026-03-21T23:14:11Z
ftxAym2hokQ,ખટારો,0,2026-03-16T16:09:11Z
ftxAym2hokQ,why i am dirty minded,0,2026-03-06T08:21:33Z
ftxAym2hokQ,"No no car 
Vegetable vendor shop",0,2026-02-20T19:39:59Z
ftxAym2hokQ,This car wasnt equinox,1,2026-02-17T09:21:51Z
ftxAym2hokQ,Мой агурец,1,2026-02-13T09:31:27Z
ftxAym2hokQ,🥒🥒🥒🥒🥒🥒🥒🥒🥒🥒🥒🥒🥒🥒🥒😑🥒🥒😐🥒🥒😑🥒😐🥒😐🥒🥒🥒😐🥒😐🥒🥒😑🥒🥒😐🥒😐🥒🥒😑🥒🍞😐🍞🍞😑🍞😑🍞😐🍞🥒😑🍞,1,2026-02-09T13:14:25Z
ftxAym2hokQ,Sakit peruttt gemesss 🤣,1,2026-02-01T04:03:32Z
ftxAym2hokQ,Worst designed automobile of all time,1,2026-01-18T23:15:57Z
ftxAym2hokQ,Nega oʻzbeklar kam 😂,2,2026-01-17T16:18:32Z
ftxAym2hokQ,No Ai,1,2026-01-15T15:39:18Z
ftxAym2hokQ,Cyber truck 👍🤣😅😆🤲🥒🥒,1,2026-01-15T10:46:50Z
ftxAym2hokQ,AI,2,2026-01-15T10:29:43Z
ftxAym2hokQ,AI,1,2026-01-15T08:06:36Z
ftxAym2hokQ,My dih would knock that thing down,1,2026-01-14T11:10:00Z
ftxAym2hokQ,There are cheaper ways to make salad,1,2026-01-14T05:15:49Z
ftxAym2hokQ,"Now, give those cucumbers to your wife.",1,2026-01-13T14:25:48Z
ftxAym2hokQ,"""It's a cylinder"" ahh type of short 💀",1,2026-01-12T02:47:12Z
ftxAym2hokQ,This just proves that Tesla owners are obsessed with phallic shaped objects. 💀👌🏻,1,2026-01-12T02:46:38Z
ftxAym2hokQ,I wouldn't use a Tesla even if I were crazy.,1,2026-01-11T23:12:14Z
ftxAym2hokQ,Не суйте салт огурцы в кибертрак,1,2026-01-11T09:14:51Z
ftxAym2hokQ,Там запасные акурчы машыны,1,2026-01-10T18:46:18Z
ftxAym2hokQ,Ai,1,2026-01-06T09:18:06Z
ftxAym2hokQ,Soap,1,2026-01-05T10:58:15Z
ftxAym2hokQ,"Ну, когда электроприводов не было, шанс откусить палец багажником был 100%",1,2026-01-05T09:52:50Z
ftxAym2hokQ,路易16斷頭台,1,2026-01-05T01:53:20Z
ftxAym2hokQ,Bro IA,1,2026-01-04T03:09:01Z
ftxAym2hokQ,"Mark 2:27 EASY
[27] Then Jesus said to the Pharisees, ‘God wanted to help people. So he made a day for them when they should rest. He did not make people so that they could keep laws about the day of rest.",2,2026-01-03T18:34:24Z
ftxAym2hokQ,I felt pain in my cucumber 😂,8,2026-01-03T14:05:57Z
ftxAym2hokQ,Justice for cucumber 😅😅,1,2026-01-03T13:04:53Z
ftxAym2hokQ,"Lo de las ventanas es un problema a decir verdad, imagina que una persona muy agresiva te quiere golpear oh hacerte daño con algún objeto, simplemente debe ponerle la mano al vidrio para que puedas subirlo y te golpeara oh te tratara de matar, es algo que simplemente no debería estar así en esa ventana.",1,2026-01-03T00:56:34Z
ftxAym2hokQ,Don put ur ball on there,1,2026-01-01T18:16:29Z
ftxAym2hokQ,🤮🤢🤮🤢🤮🤢🤮🤢🤮🤢🤮🤢🤢🤢🤮🤢🤢🤮🤮🤢🤮🤢🤮🤮🤢🤮🤢🤮🤮🤢🤮🤢🤮🤢🤢🤮🤢🤮🤢🤮🤢🤢🤮🤢🤮,1,2026-01-01T13:47:05Z
ftxAym2hokQ,AI is getting more and more realistic.,1,2026-01-01T13:35:19Z
ftxAym2hokQ,Então se eu colocar a pingola aí n vai acontecer nada😅,1,2025-12-30T14:17:06Z
ftxAym2hokQ,Thanks for reminding me not to stick my cucumber in closing cyber trucks,1,2025-12-30T11:48:28Z
ftxAym2hokQ,Безопасность осталась только на бумаге,1,2025-12-29T16:27:34Z
ftxAym2hokQ,So.......dont put your dihh in that,1,2025-12-28T16:18:58Z
ftxAym2hokQ,Most expensive vegetable cutter right 😂,1,2025-12-28T13:09:52Z
ftxAym2hokQ,Place your cucumber and check😂😂😂,1,2025-12-28T12:19:07Z
ftxAym2hokQ,No taste,1,2025-12-27T17:00:15Z
ftxAym2hokQ,"Напомнили, про список покупок! Спасибо! Нужно записать 😂!",1,2025-12-26T18:15:54Z
ftxAym2hokQ,Expensive fruit slicer,1,2025-12-26T13:04:56Z
ftxAym2hokQ,Эта машина отлично подходит для резки огурцов😂,1,2025-12-25T10:56:56Z
ftxAym2hokQ,"You know? Knowing how much people hate to be around Tesla cars...I think this car will be my favorite, knowing nobody is going to be interested to be around it.",1,2025-12-25T03:06:33Z
ftxAym2hokQ,So dangerous 😮,1,2025-12-24T15:08:16Z
ftxAym2hokQ,😂😂,1,2025-12-24T08:57:33Z
ftxAym2hokQ,Хватит баловаться с мусорным баком. Просто кидайте в нее мусор ☝️,2,2025-12-24T02:26:19Z
ftxAym2hokQ,❤❤❤,1,2025-12-23T14:16:11Z
ftxAym2hokQ,It's look like a bin,1,2025-12-23T07:53:44Z
ftxAym2hokQ,2026 🤦😆,1,2025-12-23T07:33:23Z
ftxAym2hokQ,Get that shit out,2,2025-12-22T23:18:10Z
ftxAym2hokQ,Don’t waste food,1,2025-12-22T18:45:35Z
ftxAym2hokQ,Ai,1,2025-12-22T12:01:54Z
ftxAym2hokQ,"guys, lesson of the day. Use a knife instead of Tesla Cybertruck",1,2025-12-21T07:27:02Z
ftxAym2hokQ,Ai,1,2025-12-20T05:16:33Z
ftxAym2hokQ,Lauda todi fasne vala h iske beech,1,2025-12-19T18:32:49Z
ftxAym2hokQ,I guess I’ll keep my cucumber to myself,1,2025-12-18T01:49:06Z
ftxAym2hokQ,Better to lose an arm than to be poor 😅,2,2025-12-16T21:41:48Z
ftxAym2hokQ,First one:- My 🍌 got cracked mommy 😭 mommyyyyyyyy,1,2025-12-16T14:43:41Z
ftxAym2hokQ,Hope this steel dumpster bankrupts elon.,1,2025-12-16T04:42:06Z
ftxAym2hokQ,Failed!,1,2025-12-15T22:28:45Z
ftxAym2hokQ,Hood never disappoints,1,2025-12-14T19:30:25Z
ftxAym2hokQ,А зачем туда огурцы суете?,1,2025-12-14T19:13:16Z
ftxAym2hokQ,Bizim parmağımız salatalıkmı?,1,2025-12-12T19:37:26Z
ftxAym2hokQ,Теперь чужой точно залезет😂😂😂,1,2025-12-10T21:51:11Z
ftxAym2hokQ,توی ایران : داداش کاپوت یا صندوق بسته نمیشه تلاش نکن,1,2025-12-10T16:30:09Z
ftxAym2hokQ,اومده از روی سمند پژو پراید کپی کردن,1,2025-12-10T01:05:36Z
ftxAym2hokQ,وای رباط داره سنسوری,1,2025-12-10T01:04:37Z
ftxAym2hokQ,😰,1,2025-12-08T09:30:50Z
ftxAym2hokQ,"ok, so don't put it in the charging port. Trust me, I've been there before 😢",1,2025-12-07T18:11:06Z
ftxAym2hokQ,OMG my friends cucumber 😢😢😢,1,2025-12-06T16:07:36Z
ftxAym2hokQ,THE CUCUMBER BLOODED :Worried_Face:,1,2025-12-06T00:42:55Z
ftxAym2hokQ,I'm underwhelmed...........,1,2025-12-05T19:34:49Z
ftxAym2hokQ,"I always carry couple extra cucumbers in my car. And no, I don’t drive Tesla",0,2025-12-05T18:40:40Z
ftxAym2hokQ,Better for it not for finger,1,2025-12-05T16:01:47Z
ftxAym2hokQ,"Stupid ! All sensors works on  human body 
Because these sensors are used in very low amount of electric flow 😂",1,2025-12-05T15:50:49Z
ftxAym2hokQ,А палец туда засунь,1,2025-12-05T13:37:47Z
ftxAym2hokQ,"it amazes me how everyones worried about this little things that are dangerous when we literally used shotgun shells to start tractors and hand cranks for cars and no one cried

you know you can just not stick your fingers/hands into a closing door right?",1,2025-12-03T18:45:17Z
ftxAym2hokQ,Hatt lagao to fir gyaa😂,1,2025-12-02T23:43:29Z
ftxAym2hokQ,Worst and garbage🤮🤮🤮🤢,1,2025-12-02T23:07:54Z
ftxAym2hokQ,Try carrot instead,1,2025-12-02T21:27:57Z
ftxAym2hokQ,Your cucumber needs to be checked,1,2025-12-02T18:00:00Z
ftxAym2hokQ,"*scribbles on pen pad*
Don't put...dick...in...Tesla, got it!",1,2025-12-02T16:23:51Z
ftxAym2hokQ,"Resumindo: Cuidado onde você deixa seu ""🥒""",1,2025-12-02T00:14:21Z
ftxAym2hokQ,It's okay. Nobody is buying this sh*t anyway 😂,1,2025-12-01T23:26:44Z
ftxAym2hokQ,Машин портишь,0,2025-12-01T14:26:15Z
ftxAym2hokQ,Sucks,0,2025-12-01T03:25:51Z
ftxAym2hokQ,کیروم شکست😂😂😂,0,2025-11-30T20:52:42Z
ftxAym2hokQ,你的男朋友断了😂,0,2025-11-30T14:54:28Z
ftxAym2hokQ,"The guy's an idiot at best a joker, colonise Mars, or even the Moon; humbug.",0,2025-11-30T07:34:00Z
ftxAym2hokQ,Look like a dustbin 😂,0,2025-11-29T15:37:33Z
ftxAym2hokQ,싸울땐 ㅈㄴ 빠른것들이,0,2025-11-29T11:23:25Z
ftxAym2hokQ,你的手不是黄瓜,0,2025-11-28T16:50:30Z
ftxAym2hokQ,最保险的状况是把电机扔了，手动,0,2025-11-28T13:30:18Z
ftxAym2hokQ,Yanquee trust,0,2025-11-27T17:11:23Z
ftxAym2hokQ,不行，有丧失来就完了,2,2025-11-27T09:34:43Z
ftxAym2hokQ,cause cyber truck has already identified it was cucumber 😂,0,2025-11-27T00:00:24Z
ftxAym2hokQ,"Огурцы не проблема. Проблема в том, что колеса не связаны с рулём физически.",0,2025-11-26T16:37:50Z
ftxAym2hokQ,very bad cucumber ?,0,2025-11-26T06:36:38Z
ftxAym2hokQ,0:5,0,2025-11-24T10:32:00Z
ftxAym2hokQ,My friend tried the second one with his actual ball but he lost it😢,0,2025-11-24T08:43:19Z
ftxAym2hokQ,"Moral of the story: don't try to duck your cybertruck
Edit: stupid autocorrect",0,2025-11-23T02:41:30Z
ftxAym2hokQ,hey you know what that mean's stop try to fuck this car.,0,2025-11-22T20:54:38Z
ftxAym2hokQ,Акции Теслы упали,0,2025-11-22T20:05:26Z
ftxAym2hokQ,Cybertruck really hungry today,0,2025-11-22T17:39:18Z
ftxAym2hokQ,The first one was at waist length.,0,2025-11-22T17:31:09Z
ftxAym2hokQ,Тесла – самая дорогая в мире салатница,0,2025-11-22T16:49:54Z
ftxAym2hokQ,Ладно... Не буду,0,2025-11-22T16:31:25Z
ftxAym2hokQ,u better tuck in your schlong when u r are around the cybertruck!!,0,2025-11-22T14:47:46Z
ftxAym2hokQ,这是什么车,0,2025-11-22T12:31:15Z
ftxAym2hokQ,Лучше не засовывать свой орган прямо в кибер трак,0,2025-11-21T13:16:51Z
ftxAym2hokQ,If it was the real one☠️☠️,1,2025-11-21T10:22:43Z
ftxAym2hokQ,garbage car,1,2025-11-21T08:24:22Z
ftxAym2hokQ,А ты пальцы не суй под капот или под что ты там суешь и пальцы ломаться не будут,0,2025-11-20T05:29:59Z
ftxAym2hokQ,1st one is a good choper,0,2025-11-18T09:07:49Z
ftxAym2hokQ,keep it zipped fellas,0,2025-11-18T06:05:54Z
ftxAym2hokQ,É,0,2025-11-17T22:57:48Z
ftxAym2hokQ,"Фу, какое американское недоразумение!",0,2025-11-17T00:07:54Z
ftxAym2hokQ,Cyber POS,0,2025-11-16T18:46:13Z
ftxAym2hokQ,Knife is for cutting underarms hairs,1,2025-11-16T17:19:25Z
ftxAym2hokQ,Hello sir mana ap ka chanel subscribe kara ha ma ap ka video  bohot he dakh ta hu kiya Mujha vhi drone melaga,0,2025-11-16T14:11:53Z
ftxAym2hokQ,"I say let stupid people do stupid things. In they want to lose a finger testing their auto closing door, let em.",0,2025-11-16T13:22:28Z
ftxAym2hokQ,اوووه کیروم شیکست,0,2025-11-16T02:45:57Z
ftxAym2hokQ,Не суйте писюн в капот !!!,0,2025-11-15T18:20:32Z
ftxAym2hokQ,Ролик учит что кисюн можно только в окно,0,2025-11-15T16:40:20Z
ftxAym2hokQ,Elon musk is a joke.,0,2025-11-15T11:57:10Z
ftxAym2hokQ,Мораль: не суйте свой член в моторный отсек,0,2025-11-15T02:34:13Z
ftxAym2hokQ,"Гори-гори ясно, чтобы не погасло!",0,2025-11-15T02:06:28Z
ftxAym2hokQ,You crazy,0,2025-11-14T17:18:55Z
ftxAym2hokQ,Thats ai,0,2025-11-14T15:25:28Z
ftxAym2hokQ,Tesla ❌ dustbin ☑️,0,2025-11-14T12:21:53Z
ftxAym2hokQ,"Yeah, Cybertruck is worth about $27,000, not a penny more.",0,2025-11-14T03:40:01Z
ftxAym2hokQ,This is where Ronco was hoping it would go.,0,2025-11-13T22:41:58Z
ftxAym2hokQ,It's just how billionaires cut vegetables,0,2025-11-13T17:48:32Z
ftxAym2hokQ,What if...,0,2025-11-13T16:44:43Z
ftxAym2hokQ,Baribir musor,0,2025-11-13T16:04:59Z
ftxAym2hokQ,Lesson learned: don't put your cucumber inside a closing door,0,2025-11-13T15:03:48Z
ftxAym2hokQ,That's an expensive looking vegitable chopper,0,2025-11-13T14:25:55Z
ftxAym2hokQ,Одноразовая тачка😂,0,2025-11-13T11:53:46Z
ftxAym2hokQ,Shu kibir moshinadan koʻra Xitoylik oshnalarning BYD mashinasi juda zoʻrda,0,2025-11-13T11:36:39Z
ftxAym2hokQ,Cucumber violated,0,2025-11-13T08:57:13Z
ftxAym2hokQ,Swasti-truck is trash...,0,2025-11-13T08:18:12Z
ftxAym2hokQ,Для огурца есть специальное отверстие,0,2025-11-13T03:47:17Z
ftxAym2hokQ,没事，我没有黄瓜那么粗😢,0,2025-11-12T22:55:42Z
ftxAym2hokQ,Огурцы для аромата в салоне положили?😁,0,2025-11-12T20:42:59Z
ftxAym2hokQ,World's most expensive food processor,0,2025-11-12T19:48:15Z
ftxAym2hokQ,Казахстан выиграет в этом спорте на все 100%.,0,2025-11-12T17:59:20Z
ftxAym2hokQ,i like the finishing of the finger-cut car,0,2025-11-12T17:19:26Z
ftxAym2hokQ,所以为什么我非要把🥒放在那里？,0,2025-11-12T16:04:32Z
ftxAym2hokQ,ليه ؟,0,2025-11-12T14:13:42Z
ftxAym2hokQ,Hay why are you wasting women's property🥒🥒😛😛,0,2025-11-12T14:02:16Z
ftxAym2hokQ,In the 80s and 90s we used cars with doors and hoods that had no wires ... we lived.,0,2025-11-12T13:58:12Z
ftxAym2hokQ,"Cybertruck test❌
Cucumber test✅",0,2025-11-12T13:19:40Z
ftxAym2hokQ,sala ye gaddi dekh kr mko hmesa feel hota h ye tin ka dabba h 😂,0,2025-11-12T10:30:59Z
ftxAym2hokQ,1000 times better than my city garbage truck Tesla garbage truck 🤢🤮🤢🤮🤮,0,2025-11-12T06:02:20Z
ftxAym2hokQ,Bkl udar hath rakh na he kiu hai ??,0,2025-11-12T05:32:47Z
ftxAym2hokQ,Cucumbertruck,0,2025-11-12T00:39:25Z
ftxAym2hokQ,Quem adora é o assaltante,0,2025-11-12T00:22:31Z
ftxAym2hokQ,That is AI But it still looks like a real AI.,0,2025-11-11T17:53:22Z
ftxAym2hokQ,Quanta frescura,0,2025-11-11T17:00:53Z
ftxAym2hokQ,"""Sir your cucumber is leaking"" 💀",72,2025-11-11T16:52:57Z
ftxAym2hokQ,Isse mujhe kya fayda 😂,0,2025-11-11T12:10:05Z
ftxAym2hokQ,Tesla:- Please dont ride on a duck sideways or your cucumber will be of no use.,0,2025-11-11T10:36:27Z
ftxAym2hokQ,"научите их делать салаты... просто так продукты переводят... Привет добавят помидор, лука и своего"" мяса",0,2025-11-11T00:02:12Z
ftxAym2hokQ,Dustbin,0,2025-11-10T21:02:04Z
ftxAym2hokQ,Проверяйте лучше с помощью пениса.,0,2025-11-10T20:47:39Z
ftxAym2hokQ,Сколько крови и ужаса 😱,0,2025-11-10T19:13:57Z
ftxAym2hokQ,I feel like I have a bold idea (ㆆᴘㆆ)💡,0,2025-11-10T19:12:58Z
ftxAym2hokQ,Так лол ето огурец а не палец,0,2025-11-10T16:03:08Z
ftxAym2hokQ,А мне? (,0,2025-11-10T08:41:53Z
ftxAym2hokQ,Ну не должно всё под идиотов подстраиваться 😂,0,2025-11-10T04:19:14Z
ftxAym2hokQ,Tesla skip truck,0,2025-11-10T00:27:30Z
ftxAym2hokQ,А может не совать свои пальцы куда не надо ?  Не ?,0,2025-11-10T00:09:21Z
ftxAym2hokQ,Don't stick your cucumber in random holes,0,2025-11-09T22:07:03Z
ftxAym2hokQ,"-О тачка новая? Че жрет?
- огурцы",0,2025-11-09T15:11:50Z
ftxAym2hokQ,Че тачка? Много жрет?,0,2025-11-09T15:07:17Z
ftxAym2hokQ,Ai,1,2025-11-09T13:53:58Z
ftxAym2hokQ,It's ai,0,2025-11-09T13:26:44Z
ftxAym2hokQ,you just pressed the windows glass button to get the window down,0,2025-11-09T10:19:18Z
ftxAym2hokQ,Реклама огурцов😂,0,2025-11-09T03:38:21Z
ftxAym2hokQ,"意思後關備箱夾斷手指，
下輩子就靠賠償金過活",0,2025-11-09T02:09:22Z
ftxAym2hokQ,"Generally I'm so scared to put my hand, but you put your Cucumber bro😢",0,2025-11-09T00:18:20Z
ftxAym2hokQ,Kim oralara dassak soxacak😊,0,2025-11-08T19:19:00Z
ftxAym2hokQ,Test with your fingers,0,2025-11-08T19:09:54Z
ftxAym2hokQ,What do you mean by cucumber 💀,0,2025-11-08T15:02:27Z
ftxAym2hokQ,This is Kiwami edition,1,2025-11-08T11:17:50Z
ftxAym2hokQ,Aka õznek lekin kamentagilar chet😅,0,2025-11-08T10:01:50Z
ftxAym2hokQ,"Наконец-то объяснили, зачем нужно это ведро - резать салат!",0,2025-11-08T08:03:28Z
ftxAym2hokQ,because this car is usefor Zombie War,0,2025-11-08T07:39:18Z
ftxAym2hokQ,On an actual note no one is getting struck by that so there is no need of this to improve,0,2025-11-08T07:23:24Z
ftxAym2hokQ,Может просто не сувать пальцы куда не надо?,0,2025-11-08T06:37:25Z
ftxAym2hokQ,Ok si le quieres meter el pepino a algo compra mejor una muñeca no un vehículo 😏,0,2025-11-07T23:30:25Z
ftxAym2hokQ,They need to make better safety features for these toaster ovens.,0,2025-11-07T23:26:40Z
ftxAym2hokQ,Наиуродливейший автомобиль в мире. Словно модели в первых 3D-играх.,0,2025-11-07T21:04:01Z
ftxAym2hokQ,Premium knife 🤑,0,2025-11-07T13:23:33Z
ftxAym2hokQ,"Everyone, please observe a moment of silence for the cucumber. 🥒😔",2,2025-11-07T12:56:28Z
ftxAym2hokQ,а где дверь М113 и русский мальчик?😅,0,2025-11-07T11:49:08Z
tpHwVeNKvtE,"To know more about the Tesla Model Y L, click here - https://www.autocarindia.com/cars/tesla/model-y/l-all-wheel-drive",2,2026-04-23T05:28:31Z
tpHwVeNKvtE,No Shade on the sunroof ? This is really going to heat up,0,2026-04-27T01:59:31Z
tpHwVeNKvtE,Gavin looks older than his age with beard,0,2026-04-26T07:51:09Z
tpHwVeNKvtE,stop dancing your eyebrows,0,2026-04-25T11:30:41Z
tpHwVeNKvtE,"Tesla already failed in Ev business,",0,2026-04-25T03:55:30Z
tpHwVeNKvtE,Glorified cab,0,2026-04-24T16:27:03Z
tpHwVeNKvtE,The best thing is that their suspension DOES NOT WORK IN INDIA 😅,0,2026-04-24T12:11:54Z
tpHwVeNKvtE,The big question is - will it still give 681 km after 10 yrs without battery change ?,0,2026-04-24T11:05:01Z
tpHwVeNKvtE,Why would you have heated seats and steering wheels in India?,0,2026-04-24T07:13:03Z
tpHwVeNKvtE,"Tata ke rehte koi nhi lega itni mehengi car🤣🤣🤣
Tata will launch new models in upcoming year😎😎",1,2026-04-24T05:51:54Z
tpHwVeNKvtE,You forgot the frunk space even with 3rd row up which in itself will add luggage space equivalent to another normal car.,1,2026-04-24T03:06:01Z
tpHwVeNKvtE,BYD would crush it🌱,0,2026-04-23T21:48:55Z
tpHwVeNKvtE,Gavin Bro never touches a middle class people s car😂😂 😢😢,2,2026-04-23T17:27:33Z
tpHwVeNKvtE,Crap car,0,2026-04-23T17:26:55Z
tpHwVeNKvtE,"Now this  make sense .....with  byd AWD  55 L  and 45 L  for the long range  one 650 km range in eco  .....generally we say 2-4 max people ..so byd ,tesla both make sense for me .....45L byd long range is the way to go if highway run is 70% or more .....if bad roads are there go for Tesla .....BUT CUrrently thinking of a 2018 530d  at  20- 25L  on used market for a good condition one .",0,2026-04-23T14:22:40Z
tpHwVeNKvtE,Poor show Tesla,0,2026-04-23T14:02:49Z
tpHwVeNKvtE,Eftsien file folder available?,0,2026-04-23T13:35:16Z
tpHwVeNKvtE,One of the most ugliest car I have seen........also interiors look so bland for the price.,0,2026-04-23T12:46:05Z
tpHwVeNKvtE,"Paying this much, why would someone choose to be seen driving an oddball looking car like this, when there are plenty of handsome looking cars in similar or even lesser price.",0,2026-04-23T12:25:39Z
tpHwVeNKvtE,For the moment I will go for Hyundai Verna 2026.,0,2026-04-23T12:20:50Z
tpHwVeNKvtE,This seems well priced. Maybe they are bringing in knocked down units instead of fully assembled ones. They'd be too expensive otherwise,0,2026-04-23T11:30:55Z
tpHwVeNKvtE,We can only buy the Tesla YL only if we work together to work so we can increase our economy so it can be normal pricing,0,2026-04-23T11:00:03Z
tpHwVeNKvtE,The person sitting in the third row has only glass above his head and no cushioning to dampen any impact to his head even in normal ride conditions.,0,2026-04-23T10:19:00Z
tpHwVeNKvtE,"I wish Tesla had its FSD program available in India, trained specifically for Indian road conditions.",0,2026-04-23T09:00:41Z
tpHwVeNKvtE,Is this ground clearance workable?,0,2026-04-23T08:59:18Z
tpHwVeNKvtE,worried,0,2026-04-23T07:31:57Z
tpHwVeNKvtE,This car is only cost on road 46Lakh only  (69K Aud) in Australia 😂😂 It's imported from US in Australia as well. Thanks to the Political Raj System 😂😂😂,0,2026-04-23T05:55:28Z
tpHwVeNKvtE,Uses BYD battery so byd not worried,0,2026-04-23T05:27:24Z
tpHwVeNKvtE,"Wow. I wanted to know how did they manage a 3rd row and if it could still have luggage space behind the 3rd row. This is impressive. Wish that sloping roofline would been reduced to give more headroom
The shape of the car makes it look smaller but the space justifies the dimensions.",1,2026-04-23T05:14:51Z
tpHwVeNKvtE,Price is problem. Max 30lakh,0,2026-04-23T03:27:34Z
tpHwVeNKvtE,Heated for india?,1,2026-04-23T02:02:53Z
tpHwVeNKvtE,"Hate the boring lackluster interior of the Model Y, plus I don't think FSD will be ever be available in India. I bought the Model 3 as my 2nd car and is my daily driver, but at this price point makes zero sense.",1,2026-04-23T01:50:04Z
tpHwVeNKvtE,"No matter what, im not getting that plain jane car for 70 lakhs !",1,2026-04-23T01:04:12Z
tpHwVeNKvtE,Tesla will impress only non car guys ….. wtf is this design dna …. Stupid design,0,2026-04-23T00:55:00Z
tpHwVeNKvtE,"Tesla, Indians need luxury.. Minimalism is not luxury!!!!!!!!",7,2026-04-22T18:24:54Z
tpHwVeNKvtE,Glad to see Gavin after quite some time... 😊,3,2026-04-22T17:19:00Z
tpHwVeNKvtE,its more clust fobic,0,2026-04-22T16:50:40Z
tpHwVeNKvtE,It’s like they haven’t made any effort for the India market.,0,2026-04-22T16:42:03Z
tpHwVeNKvtE,There were rear facing 3rd row in this car,0,2026-04-22T16:10:18Z
tpHwVeNKvtE,Low ground clearance.. not for India,3,2026-04-22T15:44:02Z
tpHwVeNKvtE,10mm = 1 cm,0,2026-04-22T15:24:51Z
tpHwVeNKvtE,DOA LOL!!! 💀😂,0,2026-04-22T15:12:14Z
tpHwVeNKvtE,these are used as taxis in Europe i see them everyday 😂😂😂,2,2026-04-22T14:59:39Z
tpHwVeNKvtE,"Better than tata and mahindra because byd, mg, Tesla doesn't come with defective parts.",1,2026-04-22T14:56:54Z
tpHwVeNKvtE,FSD?,1,2026-04-22T14:50:43Z
tpHwVeNKvtE,No. It won't sell numbers.,0,2026-04-22T14:35:32Z
tpHwVeNKvtE,Its not appealing at all for the cost.,0,2026-04-22T14:07:14Z
tpHwVeNKvtE,"We don't like imported cars, only 100% Made in India cars, I love,not even intrested in imported Tesla 🤨🤨✌️",0,2026-04-22T13:51:21Z
tpHwVeNKvtE,Buy kia ev6 or ioniq 5 or bmw ix1 these 3 are best eves under 60 lac with good features good charging support,1,2026-04-22T13:41:34Z
tpHwVeNKvtE,Immediately better than the kia EV6.  I would buy this if I had the money. This is now VFM. Also Tesla without white seats is a crime. Yes I know it’s hard to maintain  but it’s their signature. 😊,1,2026-04-22T13:32:02Z
tpHwVeNKvtE,My kodiaq is better then this also i have a IC engine. Motor peoples😂,0,2026-04-22T13:27:56Z
tpHwVeNKvtE,Its a copy of hyundai verna,0,2026-04-22T13:24:41Z
tpHwVeNKvtE,"Way better last seat than an fortuner ,also depreciation game is always there",0,2026-04-22T13:24:03Z
tpHwVeNKvtE,Verna Crossover,1,2026-04-22T13:23:25Z
tpHwVeNKvtE,"Tesla Can't do anything about BYD, It's far ahead at a lower cost😂😂😂",2,2026-04-22T13:14:47Z
tpHwVeNKvtE,Is the stated ground clearance at the lowest or highest setting of the adaptive suspension?,0,2026-04-22T13:04:25Z
tpHwVeNKvtE,Why BMW needs to worry about this car?,1,2026-04-22T12:50:31Z
tpHwVeNKvtE,Now most BYD and Luxury EV buyers will take notice,12,2026-04-22T12:46:17Z
tpHwVeNKvtE,Looks a very promising offering in that price range.. unless we get an ix3 below 70 lacs ex showroom.,0,2026-04-22T12:28:23Z
tpHwVeNKvtE,Businesses will love these - no more fuel theft by chauffeurs.,12,2026-04-22T12:24:32Z
tpHwVeNKvtE,"1. The black interior is turn off it should he dual tone interior is needed. Black would be super hot in India.🇮🇳 
2. They need to have shade to cover the sunroof again bcoz india is hot.
3.",3,2026-04-22T12:16:58Z
tpHwVeNKvtE,Govt taxes are burden to buy luxury cars in India,1,2026-04-22T11:45:54Z
tpHwVeNKvtE,No I’ll still buy a fortuner 😂😂,2,2026-04-22T11:32:56Z
tpHwVeNKvtE,need the supercharger infra in cities,0,2026-04-22T11:27:44Z
tpHwVeNKvtE,Expensive verna,7,2026-04-22T11:22:30Z
tpHwVeNKvtE,Tesla cars are futuristic ❤,4,2026-04-22T11:17:05Z
tpHwVeNKvtE,"One thing Tesla missing is...when Indian consumer is paying price they expect top notch luxury interiors too. Now,for geeky people that huge screen in Tesla can work...but for majority buyers they expect solid cabin with lot of good luking interiors. For them Tesla looks kind of bland and that is the main issue here.",33,2026-04-22T11:14:17Z
tpHwVeNKvtE,🤮🤮,3,2026-04-22T10:59:43Z
tpHwVeNKvtE,It's an irony to see big auto channels praising an overpriced car instead of just reviewing it . We  are still starstruckef by anything foreign  whether it's good or not. Grow up man.,3,2026-04-22T10:45:18Z
tpHwVeNKvtE,Bro is not 5’8. He is shorter than the car. Please be honest about it and don’t misinform,0,2026-04-22T10:23:07Z
tpHwVeNKvtE,sure a super duper hit. Tesla be ready to enjoy the sales of this car if the price is exactly same as mentioned in the video with the same car size and features and power. That's going to collapse the cbu market for sure .,0,2026-04-22T10:21:32Z
tpHwVeNKvtE,Time to get one,0,2026-04-22T10:21:01Z
tpHwVeNKvtE,Why would anyone but this microwave on wheels. Such a generic design .,2,2026-04-22T10:18:38Z
tpHwVeNKvtE,"For half the price a Mahindra EV has similar power (not this, base model Y tesla) , similar claimed range and way better 1400 watt harman kardon speakers that even base s class dosent get (1210 watts only unless u pay extra for burmester 4d) . I see no reason to buy this overpriced crap from a land that dosent want India to grow.",3,2026-04-22T10:15:10Z
tpHwVeNKvtE,"What a bland, lifeless, and soulless car...just like the maker",3,2026-04-22T10:09:52Z
tpHwVeNKvtE,They need launch the '3',6,2026-04-22T10:07:35Z
tpHwVeNKvtE,Keep growing that beard.,7,2026-04-22T10:01:27Z
tpHwVeNKvtE,Ugliest looking car perhaps ? Looks like an egghead shape,5,2026-04-22T09:51:54Z
tpHwVeNKvtE,Absolutely ugly and bland. I don't see why the likes of BMW should be worried because of this. Anyone's better off going with a Kia even,6,2026-04-22T09:51:36Z
tpHwVeNKvtE,Kia EV6 over this one!,2,2026-04-22T09:37:04Z
tpHwVeNKvtE,Way to hype up a brand that is on the decline and will be dead sooner or later. No wonder they are dumping these cars in India.,4,2026-04-22T09:29:39Z
tpHwVeNKvtE,Design looks kinda dull. Tesla lowballing for India?!,8,2026-04-22T09:14:50Z
tpHwVeNKvtE,"Considering the lack of supercharger network in India & the massive import charges, buying a tesla in India currently makes no sense ...",80,2026-04-22T09:14:27Z
tpHwVeNKvtE,Wow! This is like Tesla pulling out the big guns for India!,39,2026-04-22T09:12:14Z
tpHwVeNKvtE,I can already imagine Luxury Hotels buying Teslas in Bulk!,33,2026-04-22T09:12:11Z
OgmCcyakmZs,❤️,0,2026-03-20T03:49:18Z
OgmCcyakmZs,"Aj kolkatai dekhlam in 7 point, time 11:50-12:30 er somoi",0,2025-11-11T11:57:31Z
OgmCcyakmZs,❤😂,0,2025-09-13T20:16:59Z
OgmCcyakmZs,চটি পিসি যতদিন থাকবে ততদিন হবে না,0,2025-09-03T07:06:28Z
OgmCcyakmZs,Tax ☠️,0,2025-08-13T06:10:41Z
OgmCcyakmZs,😊😊😊,0,2025-08-11T07:22:16Z
OgmCcyakmZs,"Amader Tata ,Mahindra self drivingai chole jabe",0,2025-08-09T10:09:22Z
OgmCcyakmZs,😂,0,2025-08-05T12:06:02Z
OgmCcyakmZs,❤️,0,2025-08-04T16:19:40Z
OgmCcyakmZs,Thanks for 899 subscribe 🎉❤,0,2025-08-04T15:39:36Z
OgmCcyakmZs,WB তে চপ শিল্প আছে তো।,0,2025-08-04T03:28:35Z
OgmCcyakmZs,দাদা amar prosnor jobab ta dau pelese,0,2025-08-03T17:36:55Z
OgmCcyakmZs,ভাই আমার একটা অ্যাপের নাম বলছিলেন না যেখানে সব মুভি ফ্রিতে দেখা যায় এটার নাম কি কি,0,2025-08-03T14:39:17Z
OgmCcyakmZs,DaDa Tesla r unboxing Kobe hobe 😂❤,5,2025-08-03T09:54:13Z
OgmCcyakmZs,Dada tomar sada chul gulo dekhlam 😅😅one gulo sada hoye geche 😂,0,2025-08-03T09:48:11Z
OgmCcyakmZs,"তুমি যে এই ভিডিওগুলো তৈরি করো তার সম্বন্ধে আমি জানতে চাই.. 
""কিভাবে Ai এর সাহায্যে ভিডিওগুলো জেনারেট করো আমার খুব জানা দরকার,,
""তো কমেন্টের রিপ্লাই দিও",0,2025-08-03T09:43:09Z
OgmCcyakmZs,টেকনো ল্যাপটপ এর রিভিউ দেন দেন,0,2025-08-03T09:01:35Z
OgmCcyakmZs,Dada perplexity pro er rise er akta video banao ❤,2,2025-08-03T08:21:57Z
OgmCcyakmZs,60 lakhs 😂😂,0,2025-08-03T08:02:27Z
OgmCcyakmZs,Ei bhul chhobi diyechho. Jaa suru te thik dekhale😂,0,2025-08-03T05:54:19Z
OgmCcyakmZs,দরকার নাই ভাই,0,2025-08-03T04:02:00Z
OgmCcyakmZs,Dada Tesla model kinbo na 😅,0,2025-08-03T03:23:04Z
OgmCcyakmZs,"ভারতে সাধারণ মানুষের ব্যবস্থা খুব খারাপ ,  সব কিছুর দাম বেড়েছে Tax এর জন্য",1,2025-08-03T00:03:56Z
OgmCcyakmZs,Best❤😮🎉😊,2,2025-08-02T18:08:14Z
OgmCcyakmZs,Tesla ❌ Texla✅ 😂,0,2025-08-02T17:18:24Z
OgmCcyakmZs,রেডমি 9 পাওয়ার আনবক্সিং,0,2025-08-02T16:47:58Z
OgmCcyakmZs,Plese answer ta diban dada❤❤❤,0,2025-08-02T16:44:52Z
OgmCcyakmZs,ASA korbo bhallow achan❤❤❤,0,2025-08-02T16:43:41Z
OgmCcyakmZs,Dada Kamon achan❤❤❤,0,2025-08-02T16:43:28Z
OgmCcyakmZs,"দাদা tesla কবে ""giveaway"" করছ? 😇 অপেক্ষায় রইলাম 🤓",5,2025-08-02T16:40:34Z
OgmCcyakmZs,❤❤❤❤❤❤❤❤❤,0,2025-08-02T16:22:12Z
OgmCcyakmZs,"চায়নাতে গাড়ি বানাবে,আর ভারতে বিক্রি করবে।এটা হবেনা তাই ১০০% tax. ভারতে তৈরি করলে tax কমে যাবে।",0,2025-08-02T16:15:22Z
OgmCcyakmZs,❤❤❤,0,2025-08-02T15:37:48Z
OgmCcyakmZs,Tesla self driving করবে কি করে এখানে তো রাস্তায় নেই সব ডুবে গেছে This line 😅😅,14,2025-08-02T15:23:20Z
OgmCcyakmZs,😂,0,2025-08-02T15:22:02Z
OgmCcyakmZs,🎉🎉,0,2025-08-02T15:12:34Z
OgmCcyakmZs,First comment,0,2025-08-02T15:11:52Z
OgmCcyakmZs,😂😂😂😂,0,2025-08-02T15:10:11Z
OgmCcyakmZs,🤣🤣🤚🏻 first,5,2025-08-02T15:08:00Z
OgmCcyakmZs,❤❤,0,2025-08-02T15:07:34Z
cx7SkSsuGYU,"Whatever… There’s nothing like Tesla. Unfortunately, it’s not for India.
It’s a tech marvel.",0,2026-04-14T04:43:39Z
cx7SkSsuGYU,It should also detect bridges falling.,0,2026-04-10T15:49:49Z
cx7SkSsuGYU,Guys you know Elon is trolling India by releasing an autonomous car on Indian roads right? 😅,0,2026-04-08T12:28:00Z
cx7SkSsuGYU,Tesla doesn't feel like tesla. Other counties tesla r w,0,2026-02-04T03:25:06Z
cx7SkSsuGYU,Still it won't sell,0,2026-01-27T19:29:06Z
cx7SkSsuGYU,what is kunal kamra doing here,0,2026-01-27T11:03:10Z
cx7SkSsuGYU,Nice watch !!!,0,2026-01-26T20:34:39Z
cx7SkSsuGYU,Log a defect u might win some prize😅,0,2026-01-25T14:30:18Z
cx7SkSsuGYU,"Tesla is right. The auto rickshaw in Bharat with their single front wheel are more dangerous than bikes.

You never know when they do a sudden 90 deg turn.",0,2026-01-15T17:40:26Z
cx7SkSsuGYU,Tesla is seeing an auto rickshaw the first time,0,2026-01-10T21:28:01Z
cx7SkSsuGYU,Tesla is right....bike hi samajhte hain auto wale auto ko,0,2026-01-10T20:07:43Z
cx7SkSsuGYU,"Tesla is gonna have time to learn Indian Pattern

So thus, INDIA IS NOT FOR BEGINNERS!✌🏻🔥",0,2026-01-10T17:48:46Z
cx7SkSsuGYU,Tesla is racist you shouldn't have bought it being Indian buy anything except American 😂,0,2026-01-10T08:04:13Z
cx7SkSsuGYU,We need dimesi health dietary data first. Not foreign based daily intake quotas,0,2025-12-29T16:57:18Z
cx7SkSsuGYU,Autopilot will definitely kill people and animals in india. Won't work here anytime soon.,0,2025-12-28T19:04:54Z
cx7SkSsuGYU,rickshaw is a motorcycle.  it just had a cart attached to it. still a motorcycle.,0,2025-12-26T02:53:59Z
cx7SkSsuGYU,Cause america mein Auto Rickshaw nhi hote 😅.,0,2025-12-19T08:38:45Z
cx7SkSsuGYU,35 lack tax Nirmala didi ko diya bhaiya tumne😂 Congratulations 😂🎉,0,2025-12-16T10:43:13Z
cx7SkSsuGYU,America shaant hi rehta hai,0,2025-12-11T07:27:41Z
cx7SkSsuGYU,When auto driver try to ride like they are bike and same for e riksha,0,2025-12-07T14:07:44Z
cx7SkSsuGYU,DESI-FY 🤌🤌puurfecto,1,2025-12-02T13:32:53Z
cx7SkSsuGYU,That's is just trailer don't give up tesla you have lot to see in india,0,2025-11-29T10:30:14Z
cx7SkSsuGYU,Kunal kamra,0,2025-11-26T16:34:16Z
cx7SkSsuGYU,Oh so now Tesla needs to DESIFY lol it’s not supposed to be in India in the first place! There’s no road sense and ROADS for that matter 😂😂,0,2025-11-24T09:17:02Z
cx7SkSsuGYU,"Elons never been to India 
Good luck with that",0,2025-11-20T09:50:24Z
cx7SkSsuGYU,"Desi-fy the Tesla. Let's start with the price, first. 🤦‍♂️🤦‍♂️🤣",0,2025-11-14T15:56:59Z
cx7SkSsuGYU,What logo or symbol they will give to a jugaad or thela gadi 😂😂😂,0,2025-11-14T07:23:39Z
cx7SkSsuGYU,Desify😂,0,2025-11-13T19:53:22Z
cx7SkSsuGYU,Looks like Tesla’s AI engineers never trained their CNN model to recognize Indian auto-rickshaws 😂,0,2025-11-13T08:25:21Z
cx7SkSsuGYU,What you are doing in Powai 😂😂?,0,2025-11-13T07:15:15Z
cx7SkSsuGYU,Those who bought Tesla 🤡,0,2025-11-12T07:11:17Z
cx7SkSsuGYU,They will not Desi-fy anything for 5-10 cars on total sale. Not worth the hassel.,0,2025-11-11T11:47:52Z
cx7SkSsuGYU,anybody cares?,0,2025-11-11T06:01:55Z
cx7SkSsuGYU,"Well, I think the camera is getting confused with twin small tail lights?
Since the software does not have any thing looking close to it in its internal archive, it would have classified it as 2 bikes",0,2025-11-10T14:23:30Z
cx7SkSsuGYU,😂😂😂 desify-ing their os will be a headache 😂,0,2025-11-09T09:09:06Z
cx7SkSsuGYU,Kunal kamra?,0,2025-11-06T17:05:24Z
cx7SkSsuGYU,today I understood that Tesla is the name of person who is holding the camera,0,2025-11-05T22:06:44Z
cx7SkSsuGYU,Koi blk hoga jo tesla lega,0,2025-11-05T17:33:44Z
cx7SkSsuGYU,Ai ki agni pariksha to ab start hogi....jb achanak hamla hoga overtake ka 😂😂😂,0,2025-11-05T06:39:39Z
cx7SkSsuGYU,They detect riksha but not displaying in screen as riksha because of limited 3d assets,0,2025-11-05T04:29:37Z
cx7SkSsuGYU,Desi-fy😂,0,2025-11-04T09:56:58Z
cx7SkSsuGYU,There is a mistake this auto rickshaw u can't see in jodhpur or Rajasthan so not in all India,0,2025-11-04T08:51:38Z
cx7SkSsuGYU,Bro which model is this,1,2025-11-04T05:26:19Z
cx7SkSsuGYU,Shat does tesla think about cows?😂,0,2025-11-03T17:25:26Z
cx7SkSsuGYU,Tesla need to be desi-fy little bit 😅,0,2025-11-03T07:45:52Z
cx7SkSsuGYU,There's barely any 3 wheelers in west,0,2025-11-01T06:42:56Z
cx7SkSsuGYU,It should have detected the auto-rickshaw as a Formula-1 car..,0,2025-10-31T09:42:57Z
cx7SkSsuGYU,We need to ban Autorickshaw,0,2025-10-31T03:17:01Z
cx7SkSsuGYU,"Bro in my place Tesla AI will go nuts 😂 Cows, Goats, Dogs, Cats, Rickshawa, Autos, Constructions, People Walking in mid lane, and what not 😂",0,2025-10-29T19:23:04Z
cx7SkSsuGYU,Hahhaha.... It needs to do little tweak.....,0,2025-10-29T14:19:13Z
cx7SkSsuGYU,Don’t buy tesla??,0,2025-10-28T19:06:52Z
cx7SkSsuGYU,Its a shame when you are not actually meant to ride in india according to the maker but still we are buying the things that doesn't even give a damn about the people that buy the thing,0,2025-10-28T14:36:20Z
cx7SkSsuGYU,Kunal Kamra From Amazon prime,0,2025-10-26T17:18:21Z
cx7SkSsuGYU,"Cows, dogs, cat, jcb, auto, aunties.",0,2025-10-26T04:53:05Z
cx7SkSsuGYU,Desifi 😂,0,2025-10-22T07:33:22Z
cx7SkSsuGYU,😂🎉😢😅,0,2025-10-03T10:34:42Z
cx7SkSsuGYU,"Tesla is not worth buying 

mahindra and tatas are much better",0,2025-09-24T12:14:36Z
cx7SkSsuGYU,Can I rent tesla for a day,0,2025-09-23T02:52:38Z
cx7SkSsuGYU,Ye gadget nahi chalne wala India me i think. 😅,0,2025-09-22T23:45:14Z
cx7SkSsuGYU,"Bro as a young rider, I observe that people in Bangalore hate on BMTC(Public bus) which doesn't make sense to me they just drive slowly on one path but the people I generally hate on the road are auto driver's since they make maneuvers that are agile but they don't keep up the pace. They'll merge into my ""lane"" and take a decade to accelerate making me hit the brakes. Just something I observe 🤷",0,2025-09-19T16:31:09Z
cx7SkSsuGYU,Auto has a handle instead of steering wheel. So it's pretty much a bike 🤣🤣🤣,0,2025-09-18T15:47:18Z
cx7SkSsuGYU,You need to desify the accent little bit more...u r in india don't sound like u r in usa😂,1,2025-09-14T10:46:24Z
cx7SkSsuGYU,"In Pakistan, it shows them as truck.",0,2025-09-08T21:47:04Z
cx7SkSsuGYU,It will identify pootholes as craters 😂😂,1,2025-09-07T16:22:46Z
cx7SkSsuGYU,Tight slap on face of Tesla software from India,0,2025-09-06T10:19:22Z
cx7SkSsuGYU,Tesla gonna hallucinate a lot.,0,2025-09-02T18:23:38Z
cx7SkSsuGYU,Tesla autopilot india me 100% success hogi uske baad hi pakistan me launch hone k bare me sochenge 😂😂,0,2025-09-01T10:11:31Z
cx7SkSsuGYU,But why Tesla?,0,2025-08-31T23:06:04Z
cx7SkSsuGYU,Desify 🤣🤣🤣🤣🤣,0,2025-08-28T06:01:33Z
cx7SkSsuGYU,"Wow. What do we do now? Loose sleep over it? 
Anything for views. lol",0,2025-08-28T01:27:32Z
cx7SkSsuGYU,Waste of money,0,2025-08-27T18:50:26Z
cx7SkSsuGYU,Show-off karne ka cazzuuaaall tareeka😅,0,2025-08-25T18:17:03Z
cx7SkSsuGYU,Bhai samny dekh k gari chalani ap ny k sacren m dekh k ?ya tesla apki country ko is qabil smjhti k wo lounge ki jay,0,2025-08-24T16:24:00Z
cx7SkSsuGYU,"After learning auto rickshaw moment 
Tesla software be like. 
Now I can navigate to galaxies😂😂😂😂😂",0,2025-08-24T09:17:25Z
cx7SkSsuGYU,Don't drive on auto pilot it's india,0,2025-08-23T15:32:19Z
cx7SkSsuGYU,"Keep driving AI ,All model are AI driven they will learn faster than humans",0,2025-08-23T14:40:20Z
cx7SkSsuGYU,Boycot Tesla strictly no made in USA good here.,0,2025-08-15T17:21:05Z
cx7SkSsuGYU,"That is not a thing to be proud of for us indians
India's road civics sense is the worst",1,2025-08-13T10:05:07Z
cx7SkSsuGYU,Yeah .. remove all the blinkers (Indicators) and replace them with horns …,0,2025-08-13T06:45:13Z
cx7SkSsuGYU,These old contraptions need to be re-invented! And efficient!  That’s what Musk is saying!,0,2025-08-12T12:28:57Z
cx7SkSsuGYU,😂 cheap Tesla,0,2025-08-11T10:33:48Z
cx7SkSsuGYU,"Latest update in the Desi OS - Cow detection, chasing dog deterrence, not getting freaked out by vehicles coming opposite way, getting rid of proximity warning altogether, auto honking every 5 seconds, throwing curses at others, Mandavali with the cops, auto raising the chassis on speed breakers.",0,2025-08-11T08:22:53Z
cx7SkSsuGYU,while the whole world is boycotting tesla India opened its door to Nazi Musk why not let BYD enter Indian market,0,2025-08-10T16:45:10Z
cx7SkSsuGYU,Because auto drivers drive like a bike,0,2025-08-10T08:29:07Z
cx7SkSsuGYU,Elon bhai ko software update marna padega😂,0,2025-08-09T10:32:40Z
cx7SkSsuGYU,Tesla ..50% tariff ..still you are promoting this...😅,0,2025-08-08T14:21:50Z
cx7SkSsuGYU,Nope. The image is not a problem. It's sees it. It knows it's size. Perhaps you'd like it to have an image for every car and bike and person Inc hair colour. 🤡,0,2025-08-08T00:56:59Z
cx7SkSsuGYU,Autos are unstable and need to be banned..repalce with small 4 wheels like Nano. Auto drivers behave like they are riding bikes.,0,2025-08-07T07:09:53Z
cx7SkSsuGYU,"Tesla now working on adding cows, and woman on scooters (shown red)",0,2025-08-06T13:38:46Z
cx7SkSsuGYU,Impossible,0,2025-08-05T12:03:09Z
cx7SkSsuGYU,Abe angrej auto ka handle dekha hai kabhi 😂😂😂,0,2025-08-05T09:09:12Z
cx7SkSsuGYU,Without any problem,0,2025-08-05T03:00:06Z
cx7SkSsuGYU,"However, you can use your eyes correct?",1,2025-08-02T07:23:04Z
cx7SkSsuGYU,"😂😂😂 now actually testing of Tesla, get ready is India not for bigganers😅",0,2025-08-02T06:49:14Z
cx7SkSsuGYU,Aren’t they 3 wheeled scooters?,0,2025-08-02T04:57:18Z
cx7SkSsuGYU,टकले पर तूने tesla ली क्यो,0,2025-08-02T04:06:30Z
cx7SkSsuGYU,"Bro try it out in a graveyard or arey colony, at night obviously",0,2025-08-01T21:53:21Z
cx7SkSsuGYU,Actually tesla is right here 😂 just like bike riksha can turn anywhere can change lane at any time so its right 😂,1,2025-08-01T15:36:47Z
cx7SkSsuGYU,Auto drivers ride like a motorcycle,0,2025-08-01T13:26:50Z
cx7SkSsuGYU,Testla ka asli test hoga abhi 🤣😂,0,2025-08-01T11:39:24Z
cx7SkSsuGYU,Rolex?,0,2025-08-01T11:10:35Z
cx7SkSsuGYU,Desi-fy new word,0,2025-08-01T07:05:29Z
cx7SkSsuGYU,"Eager to know what it shows for street dogs, buffalo 😂😂😂",0,2025-08-01T06:21:21Z
cx7SkSsuGYU,What it would consider for human walking then 😂,0,2025-08-01T05:53:14Z
cx7SkSsuGYU,Some people like you will make this a status symbol very soon just like iphone. These type of people are biggest threat to India economy and appearance. They advertise tata but they will buy Tesla. 😢,1,2025-08-01T05:31:37Z
cx7SkSsuGYU,Wait for 🛺🐄🛻🚚🚛🚜,0,2025-08-01T05:23:32Z
cx7SkSsuGYU,"Dude - First, this is not an OS thing. Second - what it “thinks” is different from what it displays on the screen (only for “show”). The widget/image it may display to the users on the screen isn’t that important, and is possibly just the closest image from its library that resembles the dimensions that the vision detects. What’s important is that the ML/logic understands and interprets the area an auto covers, as well as the speed at which it moves and maneuvers. What it displays to the user is more of a gimmick and not essential for the autopilot functionality.
PS: Let’s not make up words.",0,2025-08-01T04:57:22Z
cx7SkSsuGYU,Desi fy. You need to stop eating desi fry,1,2025-08-01T02:06:02Z
cx7SkSsuGYU,Dezzlaaaa😂,0,2025-08-01T01:26:21Z
cx7SkSsuGYU,Well they certainly ride like some motorcycle riders,0,2025-08-01T01:12:34Z
cx7SkSsuGYU,Tesla is not in India,0,2025-07-31T20:06:00Z
cx7SkSsuGYU,Tesla will need GPT6 to predict auto rickshaw trajectories,0,2025-07-31T19:54:52Z
cx7SkSsuGYU,And you need to eat healthy and outlive your car.,0,2025-07-31T19:25:12Z
cx7SkSsuGYU,Seriously you bought testa in India  😅😮😊😢,0,2025-07-31T19:19:12Z
cx7SkSsuGYU,Why Auto-Rikshaws are not Auto-matic😂,0,2025-07-31T18:14:20Z
cx7SkSsuGYU,Desi-fy ...😂😂😂,0,2025-07-31T18:03:13Z
cx7SkSsuGYU,Wait till Tesla struggles to identify Cows and Bulls and dogs,0,2025-07-31T17:33:28Z
cx7SkSsuGYU,From where did he get a Tesla in India???,0,2025-07-31T17:31:18Z
cx7SkSsuGYU,Well i have the same seiko Brian May red special watch,0,2025-07-31T16:53:31Z
cx7SkSsuGYU,😂😂😂😂,0,2025-07-31T16:48:10Z
cx7SkSsuGYU,Das macht jetz nicht den unterschied dennoch ne gefahr oder sonstiges  dran zu sehen aber ok. Oderist es dann okay es anzufahren weil es kein mofa ist? 😂😂😂😂😂😂Das svhonn lächerlich nach kritik zu suchen,0,2025-07-31T16:23:41Z
cx7SkSsuGYU,Someone tell them; rickshaws exist in so many other countries too 😅,0,2025-07-31T16:22:31Z
cx7SkSsuGYU,So tesla need to update rickshaw in system only for India to many weird thing? Rickshaw tut tut is bike right,0,2025-07-31T16:13:00Z
cx7SkSsuGYU,Tesla u can't handle Indian Roads .... U need to grow up! 😂,0,2025-07-31T16:12:51Z
cx7SkSsuGYU,What about the cows 🐄  bulls and goats 🐐  on the road ???😮😮😮😮 tesla what you say ?😂😂😂❤,0,2025-07-31T16:00:25Z
cx7SkSsuGYU,Ab hoga iska asli testing 😂,0,2025-07-31T15:38:22Z
cx7SkSsuGYU,India lo oka house vastadii😂😂😂,0,2025-07-31T15:27:31Z
cx7SkSsuGYU,That tesla car chip going to burn after some days 😂,0,2025-07-31T15:11:11Z
cx7SkSsuGYU,Lol,0,2025-07-31T14:11:18Z
cx7SkSsuGYU,Why that when u can see it,0,2025-07-31T14:04:08Z
cx7SkSsuGYU,How is the cow???🤣🤣,0,2025-07-31T12:32:36Z
cx7SkSsuGYU,Can't imagine driving tesla with a driver🙈😭,0,2025-07-31T12:26:42Z
cx7SkSsuGYU,What about E-rickshaw 😂😂😂,0,2025-07-31T12:25:49Z
cx7SkSsuGYU,It's not feeded yet,0,2025-07-31T12:16:09Z
cx7SkSsuGYU,Bro you really need to work out. Seems like you have a lot of money. Enjoy your money with good health. Please join a jym,0,2025-07-31T12:05:10Z
cx7SkSsuGYU,Teslas dumb,0,2025-07-31T11:20:16Z
cx7SkSsuGYU,Telsa has alot to learn in India !!,0,2025-07-31T11:01:54Z
cx7SkSsuGYU,india 😂😂😂,0,2025-07-31T11:01:53Z
cx7SkSsuGYU,wtf vsauce doing in india,0,2025-07-31T10:56:50Z
cx7SkSsuGYU,I doubt if it’s software evaluates anything other than 2 and 4 wheelers.,0,2025-07-31T10:04:52Z
cx7SkSsuGYU,And you need to eat less and hit gym,0,2025-07-31T09:46:40Z
cx7SkSsuGYU,😂,0,2025-07-31T09:29:48Z
cx7SkSsuGYU,"To desify Tesla has to take care of Cows , buffalos , sheeps , goats , dogs , pedestrians, Hijadas , little kids , Musilms reading Namaz on roads and what not 😂😂",0,2025-07-31T09:03:38Z
cx7SkSsuGYU,"You bought a Tesla in India by paying double the price instead of Mahindra EVs. I am very poor, please send some money to me, plz 🙏",0,2025-07-31T08:56:56Z
cx7SkSsuGYU,The road is of pune vidypeeth road,0,2025-07-31T07:01:38Z
cx7SkSsuGYU,"They are not just auto rickshaw.
They are kings of Indian roads...
They can turn anywhere suddenly without signal... They can stop anywhere anytime... U can not bound them to follow any traffic rules",0,2025-07-31T06:58:28Z
cx7SkSsuGYU,Ok Ramesh 👍,0,2025-07-31T06:33:09Z
cx7SkSsuGYU,"If they can conquer Indian roads, rest of the world market is easy.",0,2025-07-31T05:58:18Z
cx7SkSsuGYU,Get Elon Musk to drive in India 😂,0,2025-07-31T05:41:29Z
cx7SkSsuGYU,"Kyu hi koi lega usse acha tata ya mahindra ev na lele .. itne paise mein 2,3 aa jayenge aur luxury/quality v mil jayegi..",0,2025-07-31T05:25:32Z
cx7SkSsuGYU,Tesla in India?🇮🇳 🧐🧐🧐😳😳😳😳🤯🤯🤯,0,2025-07-31T04:54:10Z
cx7SkSsuGYU,buy TATA harrier EV be happy,0,2025-07-31T04:47:49Z
cx7SkSsuGYU,"Tesla not fit for India, waste of money",0,2025-07-31T04:47:21Z
cx7SkSsuGYU,Tesla AI is not yet adapted to the Indian climate 😊,0,2025-07-31T04:47:02Z
cx7SkSsuGYU,Tesla needs super computer to tackle there movements 😂😅.,0,2025-07-31T04:17:30Z
cx7SkSsuGYU,Buy Indian cars....not american,0,2025-07-31T04:11:18Z
cx7SkSsuGYU,Not even Nicolas Tesla can’t understand Indian traffic 😂😂😂😂,0,2025-07-31T04:04:07Z
cx7SkSsuGYU,"It would be better if india bans autos, half of the traffics, accidents and pollution will reduce",0,2025-07-31T03:39:02Z
cx7SkSsuGYU,Tesla... u becomes.. desila,0,2025-07-31T03:21:06Z
cx7SkSsuGYU,AI is not wrong. They do drive like they are in two wheeler,0,2025-07-31T02:43:48Z
cx7SkSsuGYU,Tesla? Gnarly!!!,1,2025-07-31T02:34:44Z
cx7SkSsuGYU,What desify stupid the tesla AI still not able to differentiate between three and two wheelers. It is blunder,0,2025-07-31T02:28:38Z
cx7SkSsuGYU,There is no concept of three wheelers in USA,0,2025-07-31T01:53:28Z
cx7SkSsuGYU,A auto rickshaw is a Three Wheel scooter,0,2025-07-31T01:46:00Z
cx7SkSsuGYU,Tesla AI is scared of Rikshaw drivers,0,2025-07-31T01:17:25Z
cx7SkSsuGYU,❤,0,2025-07-31T01:14:11Z
cx7SkSsuGYU,It should just be a box instead of a scooter for the road safety hazard.,0,2025-07-31T00:46:08Z
cx7SkSsuGYU,Tesla only knows 2 wheeler & 4 wheeler vehicle. 3 wheeler is out of planet concept for them😂,0,2025-07-30T20:14:21Z
cx7SkSsuGYU,U don't hav to desify tesla... U just hav to dispose thos teslas and take back a gas guzzling monstory turbo Diesel engine to desify😂,0,2025-07-30T20:06:14Z
cx7SkSsuGYU,😂,0,2025-07-30T20:03:40Z
cx7SkSsuGYU,Tesla will never have an update which can deal with papa ki pari driving 😂,0,2025-07-30T18:58:46Z
cx7SkSsuGYU,Do Teslas warn you for nearly papa ki parees?,0,2025-07-30T18:38:19Z
cx7SkSsuGYU,Here in our town cows are sitting ina group on divider..so it is most warm place 😅😂,0,2025-07-30T18:30:27Z
cx7SkSsuGYU,Tesla failed 😂😂,0,2025-07-30T18:13:36Z
cx7SkSsuGYU,Are you challenge the auto rikshaw capability 😂😂😂,0,2025-07-30T18:01:54Z
cx7SkSsuGYU,"I would never buy tesla, coz it would lower the gdp of india",0,2025-07-30T17:30:50Z
cx7SkSsuGYU,"TESLA is NOT FOR INDIAN ""CITY ROADS"" ...  may be for EXPRESSWAY...  >>>>>>>>>>>>>>>>>>>>>>>>>>>>>>>>>>>>>>>>>",0,2025-07-30T17:24:51Z
cx7SkSsuGYU,They will modify ... soon... >>>>>>>>>>>>>>>>>>>>>>>>>>>>>>>>>>>>>>,0,2025-07-30T17:23:41Z
cx7SkSsuGYU,Jis speed par chal rahi hai us se toh lagta hai road hi khali hai,0,2025-07-30T17:21:19Z
cx7SkSsuGYU,It’s basically a big motorcycle… so what’s the problem??,0,2025-07-30T17:10:01Z
cx7SkSsuGYU,Desi-fy huh?😂,1,2025-07-30T17:05:26Z
cx7SkSsuGYU,Tesla is to be confused 😂😂😂😂,0,2025-07-30T17:02:14Z
cx7SkSsuGYU,The last thing Bangalore auto drivers wanna hear is they're rapido drivers 😅,0,2025-07-30T16:50:55Z
cx7SkSsuGYU,🤣,0,2025-07-30T16:49:39Z
cx7SkSsuGYU,Hahahahahhaha Technology,0,2025-07-30T16:42:50Z
cx7SkSsuGYU,What is auto rickshaw 🛺 I never saw in My Country 😅,0,2025-07-30T16:38:37Z
cx7SkSsuGYU,Desify,0,2025-07-30T16:37:20Z
cx7SkSsuGYU,Why do you need to look at display when you can see the windshield,0,2025-07-30T16:23:12Z
cx7SkSsuGYU,Does automated drive works ?,0,2025-07-30T16:16:30Z
cx7SkSsuGYU,This is what happened when you buy Thing which supposed to be not for the country,0,2025-07-30T15:57:12Z
cx7SkSsuGYU,Because america Don't have Rixa bro. Its not in its program 😂😂😂😂,0,2025-07-30T15:56:51Z
cx7SkSsuGYU,Those are not rickshaws,0,2025-07-30T15:44:53Z
cx7SkSsuGYU,You need to eat a little bit less and allow those seats to breathe 😅😅,0,2025-07-30T15:41:54Z
cx7SkSsuGYU,"Ye toh suruwat hai.....

Abhi bahot kuch sikhna hai tesla ko India me..😂

India is not for beginners..",1,2025-07-30T15:25:13Z
cx7SkSsuGYU,Rickshaw out of syllabus 😂😂😂😂,0,2025-07-30T15:15:48Z
cx7SkSsuGYU,We got kunal kamra reviewing Tesla b4 gta 6😂,0,2025-07-30T15:09:04Z
cx7SkSsuGYU,"DON'T BUY TESLA, BUY INDIAN CARS. WHY GIVING MONEY TO OTHER COUNTRYS 🗣👍",1,2025-07-30T15:08:09Z
cx7SkSsuGYU,Who is he nd who is u ....india wants to know....pull up full video bro plz .....rrr u muslim or christian bro.......big brother🎉,0,2025-07-30T15:01:03Z
cx7SkSsuGYU,That's why they are hiring frontend engineers in India,1,2025-07-30T14:59:50Z
cx7SkSsuGYU,He is traiitor,0,2025-07-30T14:58:05Z
cx7SkSsuGYU,What's Vsauce doing in India?,0,2025-07-30T14:55:51Z
cx7SkSsuGYU,Today itself I was seeing a old movie in which autos are being reffered as scotters.,2,2025-07-30T14:52:12Z
cx7SkSsuGYU,Tesla only identify 2 or 4 wheeler not 3 so it will see it as scooter,0,2025-07-30T14:48:08Z
cx7SkSsuGYU,"If tesla can detect all the stuffs on Indian road like plants on the middle of the road, cows, rickshaws....then it will be the best AI in the entire universe 😂",0,2025-07-30T14:47:54Z
cx7SkSsuGYU,And what about Guys (cows)...??,0,2025-07-30T14:47:44Z
cx7SkSsuGYU,That was clean😂,0,2025-07-30T14:43:45Z
cx7SkSsuGYU,Would you like cows also? Because you know.. cows are all over the streets in India. Maybe special indicators for cars going against the traffic too?,0,2025-07-30T14:42:07Z
cx7SkSsuGYU,"May important vicles are made for Western countries so it's not capable completely set to Indian roads , but elite class people have money they doesn't think before buying expensive things😂",0,2025-07-30T14:41:32Z
cx7SkSsuGYU,Desi-fy 😂,0,2025-07-30T14:16:05Z
cx7SkSsuGYU,"BYD is 100 times better, but desis worship the imperialists",0,2025-07-30T13:58:15Z
cx7SkSsuGYU,"Ohhh my god 😂😂😂😂😂 
Desi OS upgrade",0,2025-07-30T13:50:27Z
cx7SkSsuGYU,You are getting inventions technologies and immigration visas free and easily . Is that not enough.  But raising fingers . ?,0,2025-07-30T13:22:38Z
cx7SkSsuGYU,They should include cows and dogs too in their recognition software,0,2025-07-30T13:15:18Z
cx7SkSsuGYU,Well its thinking correct if you consider the mindset of autorickshaw drivers in india,0,2025-07-30T13:13:44Z
cx7SkSsuGYU,Lol just stop buying teslas it’s cringe,0,2025-07-30T13:03:26Z
cx7SkSsuGYU,Tesla is dumb,0,2025-07-30T13:00:27Z
cx7SkSsuGYU,wait until tesla encounter jugaad's 😂,0,2025-07-30T12:58:10Z
cx7SkSsuGYU,Rickshaws should be made obsolete anyway. Three wheels make it less balanced and more prone to accidents. Promote app-based electric minis over this.,0,2025-07-30T12:45:13Z
cx7SkSsuGYU,Watch💀,0,2025-07-30T12:42:26Z
cx7SkSsuGYU,Desi-fy 😂,0,2025-07-30T12:39:46Z
cx7SkSsuGYU,First u be a desi and buy desi car,0,2025-07-30T12:27:06Z
cx7SkSsuGYU,Bhai pehle khud toh desi ban jao😂,0,2025-07-30T12:26:06Z
cx7SkSsuGYU,Accha? Leh😂,0,2025-07-30T12:07:25Z
cx7SkSsuGYU,"Tesla is gonna have a stroke soon 
trying to classify auto drivers' driving habits",0,2025-07-30T11:54:53Z
cx7SkSsuGYU,Tesla already defined them correctly,0,2025-07-30T11:47:43Z
cx7SkSsuGYU,India 1 tesla 0,0,2025-07-30T11:46:26Z
cx7SkSsuGYU,Bro first of Tesla is not for indian roads and secondly this type of cars indians doesn't deserve it unless the roads are maintained and fixed by the government,0,2025-07-30T11:28:00Z
cx7SkSsuGYU,Desi-fy 🔥,0,2025-07-30T11:18:59Z
cx7SkSsuGYU,I'm smarter I'm stronger I'm better I'm better.....read my name boy ☠️😈,1,2025-07-30T11:02:12Z
cx7SkSsuGYU,Bhai auto pilot par chana na,0,2025-07-30T10:53:39Z
cx7SkSsuGYU,Weirdly I do hope that driverless cars catch on in India. The drivers don’t do a good job and the roads are super unsafe so let’s hope technology can help on that front. Also imagine the reduction in noise pollution as driverless cars won’t be honking as much.,0,2025-07-30T10:52:49Z
cx7SkSsuGYU,Achha tum bhi usi jamat ke ho jisne tesla le li hai.,0,2025-07-30T10:44:03Z
cx7SkSsuGYU,Autodrivers ride their vehicles like there is no tomorrow 😅 even Tesla OS will be confused to learn their pattern.,0,2025-07-30T10:27:12Z
cx7SkSsuGYU,"It's a bug in the tesla software.
Much the same kind of software bug in the minds of Indian drivers that makes them use the horn to zero effect.",0,2025-07-30T10:17:45Z
cx7SkSsuGYU,anything less than 4 wheels is a bike,0,2025-07-30T10:12:04Z
cx7SkSsuGYU,Update required,0,2025-07-30T10:00:34Z
cx7SkSsuGYU,"I think Tesla is Right.

Rickshaw drivers DO think they are Bikes and can pass through any gaps 😂",2,2025-07-30T09:58:01Z
cx7SkSsuGYU,Auto drivers are most unpredictable species. 😢,0,2025-07-30T09:52:34Z
cx7SkSsuGYU,Chal ab marathi main bol💀,0,2025-07-30T09:51:36Z
cx7SkSsuGYU,Is this Thane?,0,2025-07-30T09:46:49Z
cx7SkSsuGYU,E richsaw (virus) ko ye ignore hi kar degi,0,2025-07-30T09:45:20Z
cx7SkSsuGYU,Shukar hai cycle nahi dikh rahi,0,2025-07-30T09:44:08Z
cx7SkSsuGYU,"If tesla is able to drive on moon, they definitely it is possible to drive tesla on Indian roads",0,2025-07-30T09:38:57Z
cx7SkSsuGYU,Telsa Indian hota toh yeh sab kar raha hota.. Indian customers key liye 😂,0,2025-07-30T09:28:57Z
cx7SkSsuGYU,Technically Tesla is right. Also maybe it’s India which is not ready for Tesla instead of it being the other way around.,0,2025-07-30T09:26:06Z
cx7SkSsuGYU,Bro tesla isnt built for Indian roads just drive it for one day and it will be dead but not in metropolitan cities.,0,2025-07-30T09:17:53Z
cx7SkSsuGYU,Ye wrong number hai,0,2025-07-30T08:53:55Z
cx7SkSsuGYU,Tesla is correct,0,2025-07-30T08:36:13Z
cx7SkSsuGYU,You need to eat less too,0,2025-07-30T08:32:01Z
cx7SkSsuGYU,"Tesla in USA 💀💀 
Tesla in India 🤡🤡",0,2025-07-30T08:31:46Z
cx7SkSsuGYU,"They are kinda scooter, i see on issue.",0,2025-07-30T08:20:13Z
cx7SkSsuGYU,"The thing is, solutions including AI and Tech of one country is not going to integrate and work well in another.",0,2025-07-30T08:15:32Z
cx7SkSsuGYU,But bro tirri dekh toh tesla hang hojaega,0,2025-07-30T08:08:38Z
cx7SkSsuGYU,But on his screen there are many more vehicles that are not seen on the road 🤔🤔,0,2025-07-30T07:59:51Z
cx7SkSsuGYU,May be he's just test driving 😂,0,2025-07-30T07:58:07Z
cx7SkSsuGYU,Tesla ai going suffering from brain cancer,0,2025-07-30T07:43:40Z
cx7SkSsuGYU,Elon  aur uske AI team ne harpic pi liya hai,0,2025-07-30T07:35:36Z
cx7SkSsuGYU,India is not for tesla,0,2025-07-30T07:29:03Z
cx7SkSsuGYU,auto drivers driving style is extremely random final level of randomness no one can predict their next move 😂😂😂,0,2025-07-30T07:22:59Z
cx7SkSsuGYU,🗣🗣🗣 India is not for beginners 😂😂😂,0,2025-07-30T07:09:28Z
cx7SkSsuGYU,It’s show there is no ai for India 😂😂😂😂😂😂 there are serious issues in ours traffic laws 😂 first we have to make them right and then go for ai 😂,0,2025-07-30T06:50:02Z
cx7SkSsuGYU,Taxla,0,2025-07-30T06:30:54Z
cx7SkSsuGYU,Tesla's gonna face hard time for indian version os😂😂,0,2025-07-30T06:29:32Z
cx7SkSsuGYU,Tesla seeing soul of auto😂 not body,0,2025-07-30T06:17:10Z
cx7SkSsuGYU,"The auto rickshaw is still a 3 wheeled SCOOTER , don’t drive the Tesla if your beloved Auto Rickshaws graphics aren’t matching your imagination",0,2025-07-30T06:17:04Z
cx7SkSsuGYU,Nah the AI isn't wrong even the auto drivers be driving like they are driving a two wheelers😂,0,2025-07-30T06:02:00Z
cx7SkSsuGYU,Are tesla indiaei agayi?,0,2025-07-30T05:49:13Z
cx7SkSsuGYU,"Thats actually helpful because of the way Auto Rickshaw drivers behave on the road and make close cuts and lane changes.  If they are  identified as bikes, it will be safer in that sense!!",0,2025-07-30T05:42:43Z
cx7SkSsuGYU,"Hey, at least it is identified as a vehicle. That's good for Tesla's old fashioned software.",0,2025-07-30T05:33:47Z
cx7SkSsuGYU,Desify?😹,0,2025-07-30T05:25:54Z
cx7SkSsuGYU,"Desify ❌️
Indian-ise ✅️",0,2025-07-30T04:59:30Z
cx7SkSsuGYU,Look at the interiors so basic and poor plastics .. pathetic .. just a way of minting money in the name of brand ..,1,2025-07-30T04:56:16Z
cx7SkSsuGYU,Desify 😂😂,0,2025-07-30T04:47:56Z
cx7SkSsuGYU,Tesla is not for Indian,0,2025-07-30T04:40:36Z
cx7SkSsuGYU,It is still a mystery how they will see the pot holes.,0,2025-07-30T04:26:01Z
cx7SkSsuGYU,I agree. And include every street pissing spot and previous and potential PaRe areas.,0,2025-07-30T04:24:40Z
cx7SkSsuGYU,Wait for E-rickshaw 😂,0,2025-07-30T04:08:59Z
cx7SkSsuGYU,"First buy desi cars and may be you can also avoid all junks mc D , pizza and go desify for your good health and healthy economy !",0,2025-07-30T04:00:57Z
cx7SkSsuGYU,Its hard make a aoutoriksha low poly 3d model i think 😂😂,0,2025-07-30T04:00:49Z
cx7SkSsuGYU,Wht abt gai bhains,0,2025-07-30T03:47:53Z
cx7SkSsuGYU,"India should get rid of these outdated 
vehicles.",0,2025-07-30T03:24:34Z
cx7SkSsuGYU,Desify😂,0,2025-07-30T02:59:02Z
cx7SkSsuGYU,It's the final hardest level for Tesla Self drive to achieve,5,2025-07-30T02:49:43Z
cx7SkSsuGYU,Bro electricity dabba hehe petrol car are always better,0,2025-07-30T02:44:43Z
cx7SkSsuGYU,Tesla thinks cows as cycles,0,2025-07-30T02:33:38Z
cx7SkSsuGYU,"Dude, park the Tesla and go for a walk",0,2025-07-30T02:19:02Z
cx7SkSsuGYU,"i mean that way, even Google Maps should have a rickshaw section instead of just 2 wheelers and 4",0,2025-07-30T01:58:36Z
cx7SkSsuGYU,Worst auto drivers in India.,0,2025-07-30T01:48:58Z
cx7SkSsuGYU,Wait till you see the dogs and cows! 😅,0,2025-07-30T01:20:38Z
cx7SkSsuGYU,How about cow,0,2025-07-30T00:47:29Z
cx7SkSsuGYU,AI get paralyzed on Indian roads. 😂😂😂,0,2025-07-30T00:24:09Z
cx7SkSsuGYU,Aunties should be shown as truck.,0,2025-07-30T00:13:14Z
cx7SkSsuGYU,There must be a bug report on the app.,0,2025-07-30T00:04:55Z
cx7SkSsuGYU,Grok will have tough time convincing Desi Uncles Demand,0,2025-07-29T23:08:42Z
cx7SkSsuGYU,"Lol... thats funny.

I have a Tesla in Sydney, Australia. The system assumes that all Kangaroo's are dogs.",0,2025-07-29T22:47:57Z
cx7SkSsuGYU,India is like final level for all kind AI development 😅😂,3,2025-07-29T22:47:04Z
cx7SkSsuGYU,How are indians so excited of tesla in india when they already have BYD,0,2025-07-29T22:21:45Z
cx7SkSsuGYU,"You should be glad with what you have 
Don’t be greedy

Also the Tesla is not wrong a rickshaw is a motorbike 
The only difference is a rickshaw has more seats than a motorbike and a extra wheel",0,2025-07-29T21:53:33Z
cx7SkSsuGYU,Who need tesla 😂 you are 🏳️‍🌈 to buy it we are not 😂,4,2025-07-29T21:46:50Z
cx7SkSsuGYU,Bruh i don’t think so tesla was made for Indians,0,2025-07-29T21:36:56Z
cx7SkSsuGYU,"You need to loosen lots of pounds, otherwise your body software will start malfunctioning soon. Also this video looks like show off 🤣🤣",1,2025-07-29T21:25:51Z
cx7SkSsuGYU,Khud Videsi gaadi leke bol rha hai Desi-fy 😅,0,2025-07-29T20:44:56Z
cx7SkSsuGYU,Tesla doesn't have data of auto rickshaw 🛺 They need to update and fix this issue immediately 😂,0,2025-07-29T20:40:43Z
cx7SkSsuGYU,Try this tesla in karol bagh and Paharganj area 😂😂😂,0,2025-07-29T19:52:47Z
cx7SkSsuGYU,"Tesla knows its an auto, it just wants you to drive considering it a bike",0,2025-07-29T19:18:07Z
cx7SkSsuGYU,What about pedestrians then 😂😂😂,0,2025-07-29T19:09:40Z
cx7SkSsuGYU,Desi-fy is the only correct word that u could have used 😂,1,2025-07-29T19:09:13Z
cx7SkSsuGYU,What about the people having a sh*t on the side of the road?😂,0,2025-07-29T19:00:49Z
cx7SkSsuGYU,He is not driving Tesla 😂😂😂..,0,2025-07-29T18:56:27Z
cx7SkSsuGYU,How Tesla think that it's a auto ?,0,2025-07-29T18:50:58Z
cx7SkSsuGYU,"Cant blame Tesla, those rickshaw walas do ride it like a bike 😂",0,2025-07-29T18:49:59Z
cx7SkSsuGYU,"Hi-fi 
Wi-fi
Desi-fi ❤",0,2025-07-29T18:49:09Z
cx7SkSsuGYU,If Tesla can self drive in India then it can fully self drive on Mars,0,2025-07-29T18:20:11Z
cx7SkSsuGYU,The driver needs to work on his weight while tesla desify the os.,0,2025-07-29T18:03:30Z
cx7SkSsuGYU,Lil bit??? They need to redesign it to make work their features properly,0,2025-07-29T18:00:04Z
cx7SkSsuGYU,Not Autorickshaw but a tuktuk for TESLA,0,2025-07-29T17:59:59Z
cx7SkSsuGYU,Buying Tesla at 53 lakhs is absolutely Waste of money. Cause it's actual Price is 23-24 lakhs if manufactured in India.,0,2025-07-29T17:57:20Z
cx7SkSsuGYU,"So what is visible in the naked eye, is available as animation in the screen inside... What a brilliant discovery!!",2,2025-07-29T17:54:31Z
cx7SkSsuGYU,That information isn't for humans....it is for computational models to understand....,0,2025-07-29T17:44:03Z
cx7SkSsuGYU,"If Tesla's AI Excels in India, then Tesla can drive anywhere in the world🤣🤣🤣🤣🤣🤣",0,2025-07-29T17:42:15Z
cx7SkSsuGYU,Tesla in India??!!!,0,2025-07-29T17:29:20Z
cx7SkSsuGYU,India must ban those kind of electric         shit,1,2025-07-29T17:28:22Z
cx7SkSsuGYU,Their AI software will commit sucide before learning driving pattern in India.😂,0,2025-07-29T17:24:09Z
cx7SkSsuGYU,it's called a toktuk not an auto reksha dafuq.,0,2025-07-29T17:12:56Z
cx7SkSsuGYU,Only legends will notice his Rolex ☠️💀,1,2025-07-29T17:05:42Z
cx7SkSsuGYU,A car made by a nazi is racist? Crazy…,0,2025-07-29T17:02:12Z
cx7SkSsuGYU,India is not for beginners😂😂😂,0,2025-07-29T16:59:50Z
cx7SkSsuGYU,"India is not for beginners. Just wait till they see cows, people carrying mirrors on bikes, cycle rickshaws, people hanging from trucks, and literal chariots during traditional events.

The only reason that companies were able to make self-driving work in foreign countries so soon is because it was easy. And even there they are only partially successful.",0,2025-07-29T16:42:14Z
cx7SkSsuGYU,"Tesla update 14.0: Now includes cow-detection, pothole dodging, and aunties crossing mid-call 🤣🤣🤣🤣🤣🤣",2278,2025-07-29T16:17:35Z
cx7SkSsuGYU,"Nice Word.. ""Desi-Fy""",0,2025-07-29T15:57:02Z
cx7SkSsuGYU,Showing off after buying a 30 lakhs car in 60 lakh .... U r typical desi ...u need to videshify yourself little,3,2025-07-29T15:56:48Z
cx7SkSsuGYU,Tesla after seeing Auto:- Bilkul riks nahi lene ka,0,2025-07-29T15:55:51Z
cx7SkSsuGYU,Its out of syllabus for tesla,0,2025-07-29T15:55:17Z
cx7SkSsuGYU,They wil upgrade slowly slowly every problems. Because here in USA they did.,0,2025-07-29T15:54:12Z
cx7SkSsuGYU,What do you expect from tesla   man...Tesla is not ready for Indian road,0,2025-07-29T15:52:12Z
cx7SkSsuGYU,Wait for the erickshaws. Tesla uses LiDAR instead of cameras and since erickshaw is like a big net it WILL confuse the LiDAR sensor,0,2025-07-29T15:51:28Z
cx7SkSsuGYU,"That's y the government repeatedly hinted tesla's poor future in India through 100% tax, yet tesla didn't care. Let tesla suffer in silence for this bad karma",2,2025-07-29T15:47:02Z
cx7SkSsuGYU,"Auto rickshaws movement is similar to ""Brownian movement"". If Tesla cracks the unpredictable movement of  Auto rickshaws, their engineer should get nobel prize in physics.",0,2025-07-29T15:38:29Z
cx7SkSsuGYU,delhi mein tesla pagal hojayega yha e-rikshaw gang chalta hai 😂,0,2025-07-29T15:31:18Z
cx7SkSsuGYU,Make a video on  how tesla is identifying cow on the road.,0,2025-07-29T15:30:58Z
cx7SkSsuGYU,Auto driver gave signals by there legs 😂,0,2025-07-29T15:27:27Z
cx7SkSsuGYU,Because three-wheeler 250cc or less engine 😂,1,2025-07-29T15:19:42Z
cx7SkSsuGYU,For India they need to make a new OS 😂,0,2025-07-29T15:18:35Z
cx7SkSsuGYU,Tesla is not designed for India,0,2025-07-29T15:16:13Z
cx7SkSsuGYU,"It's simple, ban the Autorickshaws",0,2025-07-29T15:04:59Z
cx7SkSsuGYU,So what,0,2025-07-29T15:00:15Z
cx7SkSsuGYU,"What about cons, pigs and dogs?",0,2025-07-29T14:57:36Z
cx7SkSsuGYU,We need proper car interiors (e.g. Honda Civic) and not a computer. The interiors of the new cars are just lame,0,2025-07-29T14:52:14Z
cx7SkSsuGYU,"Rikshaw, Thela, cow, dog, large potholes, Breakers higher than regular, jaywalkers and so on❤",0,2025-07-29T14:41:03Z
cx7SkSsuGYU,If tesla on autopilot,0,2025-07-29T14:28:40Z
cx7SkSsuGYU,Bro looks like Vsauce,0,2025-07-29T14:27:07Z
cx7SkSsuGYU,😅😅,0,2025-07-29T14:18:05Z
cx7SkSsuGYU,wait till they cane across a cow on road 😂,0,2025-07-29T14:11:58Z
cx7SkSsuGYU,Desify😂😂😂,0,2025-07-29T14:10:00Z
cx7SkSsuGYU,Desi_fy😆,0,2025-07-29T14:02:04Z
cx7SkSsuGYU,Tesla has a long way to go,0,2025-07-29T14:01:03Z
cx7SkSsuGYU,"This short won't help unless you share it with Tesla.
Tesla Testers did a bad job thinking they would never step in India 😂😂",0,2025-07-29T14:00:08Z
cx7SkSsuGYU,टेस्ला तो ट्रेन को भी ट्रक दिखता है 😅,1,2025-07-29T13:57:47Z
cx7SkSsuGYU,What about dogs and goats😂😂,0,2025-07-29T13:38:14Z
cx7SkSsuGYU,"And what does Tesla show for cows and Buffaloes on the street? 
Nahi chalegi bhai India me.",0,2025-07-29T13:37:53Z
cx7SkSsuGYU,Tesla have to reprogram it for india😅,0,2025-07-29T13:34:22Z
cx7SkSsuGYU,"I agree, ☝️ Kunal kamra speaking facts",0,2025-07-29T13:32:14Z
cx7SkSsuGYU,Soon when Tesla will leave Mumbai it will show a zoo here and there.,0,2025-07-29T13:27:16Z
cx7SkSsuGYU,"They are actually bikes only.
Auto drivers think that if they can insert the front wheel, the whole auto can go",0,2025-07-29T13:22:42Z
cx7SkSsuGYU,Desi-fy 😂,0,2025-07-29T13:17:26Z
cx7SkSsuGYU,Yeh toh bkc ka road hai,0,2025-07-29T13:09:15Z
cx7SkSsuGYU,We got tesla in India before GTA 6,0,2025-07-29T13:04:44Z
cx7SkSsuGYU,You need to diet a bit more,0,2025-07-29T12:56:29Z
cx7SkSsuGYU,Not desify just update according to different countries is a better way to say,0,2025-07-29T12:51:57Z
cx7SkSsuGYU,"""Tesla you need to Desi-fy your OS"" got me rolling 😂",45,2025-07-29T12:38:12Z
cx7SkSsuGYU,"Bhai, main ye kahan aa gaya bhai. 

Mujhe ghar jana hai",0,2025-07-29T12:30:34Z
cx7SkSsuGYU,The auto in India is as big as an American motorcycle. 😂 Tesla got confused,0,2025-07-29T12:27:17Z
cx7SkSsuGYU,India me itne peso me bus itna hi milega zayada features chaye to zayada pese do😅,0,2025-07-29T12:11:52Z
cx7SkSsuGYU,Tesla Is Not For India 😅😅,0,2025-07-29T12:10:02Z
cx7SkSsuGYU,Do they sell Tesla in India?,0,2025-07-29T11:53:35Z
cx7SkSsuGYU,Kunal kamra lite version 😊,0,2025-07-29T11:43:07Z
cx7SkSsuGYU,"Technically the autorickshaw is a motorbike.. In india according to traffic laws and in US, if you manage to import one..",0,2025-07-29T11:35:11Z
cx7SkSsuGYU,Tesla would need different software for india,0,2025-07-29T11:34:48Z
cx7SkSsuGYU,Wait until someone starts coming from wrong side or cut your lane in the middle of road out of nowhere 😂,2,2025-07-29T11:16:37Z
cx7SkSsuGYU,And you think a humble scooty is a motorcycle.,0,2025-07-29T11:02:28Z
cx7SkSsuGYU,I don't even see them. At least the AI does,0,2025-07-29T10:40:53Z
cx7SkSsuGYU,First to begin with why would you buy this basic EV for 75+L it's stupid first desify the price ..... It's exorbitant price as of now,0,2025-07-29T10:30:42Z
cx7SkSsuGYU,"Elon let's update os as per Indian driving rules 

When Indian drivers 

What rules?",0,2025-07-29T10:28:51Z
cx7SkSsuGYU,Kunal kamra,0,2025-07-29T10:25:46Z
cx7SkSsuGYU,Guess who needs to lay off the desi sweets?,0,2025-07-29T10:23:25Z
cx7SkSsuGYU,"Its dangerous, if it has full self drive feature in India😢",0,2025-07-29T10:22:55Z
cx7SkSsuGYU,Obviously they will 'desify' their cars once they see some sales in India.,0,2025-07-29T10:19:51Z
cx7SkSsuGYU,You are surely in Pune because the auto river the rickshaw from center.,0,2025-07-29T10:05:19Z
cx7SkSsuGYU,My bro is wearing a rolex pepsi....,0,2025-07-29T09:57:26Z
cx7SkSsuGYU,Tesla is on point because Auto drivers ride their autos like 2 wheelers,0,2025-07-29T09:52:18Z
cx7SkSsuGYU,"I think, anything below 4 wheels is considered 2 wheels according to T",0,2025-07-29T09:44:23Z
cx7SkSsuGYU,What about cows and dogs,0,2025-07-29T09:43:48Z
cx7SkSsuGYU,😂😂😂,0,2025-07-29T09:43:35Z
cx7SkSsuGYU,Tesla think train are big trucks going in line 😂,0,2025-07-29T09:27:54Z
cx7SkSsuGYU,"total garbage , now even Foreigners hate this so called wastage car 😂😂😂😂",0,2025-07-29T09:26:33Z
cx7SkSsuGYU,Even AI could not predict auto drivers next move,0,2025-07-29T09:22:33Z
cx7SkSsuGYU,Cow is most important to detect correctly 😂,0,2025-07-29T09:22:24Z
cx7SkSsuGYU,desi fy😂😂,0,2025-07-29T09:20:24Z
cx7SkSsuGYU,Actually tesla is crct bcoz in india autodirvers think they are riding a bike and drive accordingly 😅😅😅,0,2025-07-29T09:11:42Z
cx7SkSsuGYU,Mario karts for them please,0,2025-07-29T09:11:39Z
cx7SkSsuGYU,desify huh,0,2025-07-29T09:09:48Z
cx7SkSsuGYU,Please don't release tesla in our gobar cowfilled roads of india😊,1,2025-07-29T09:09:46Z
cx7SkSsuGYU,What are you talking about that’s clearly a Ferrari camouflaged as a rick… don’t give wrong info to Tesla please…,0,2025-07-29T09:09:29Z
cx7SkSsuGYU,Well auto driver consider it to be bike 🤨,0,2025-07-29T09:08:41Z
cx7SkSsuGYU,"There are many types of unauthorized
3 Wheeler customized handicapped 
Bikes, 
Loadman 3 wheeler for luggage, 
Tractor water trucks
😂😂😂😂😂😂
Tesle gonna Tremble",1,2025-07-29T09:06:08Z
cx7SkSsuGYU,Sar pe adhe baal nahi hai aur esko tesla chalani hai😂😂😂😂,1,2025-07-29T09:05:06Z
cx7SkSsuGYU,Desify 🙌😂,0,2025-07-29T08:56:58Z
cx7SkSsuGYU,Abhi abhi India aai hai . Thoda ruko uske ke liye sab kuch new hai kuch din me sab dikhayengi.😊 Hat gadi Wale ka bhi indicator ayega screen pe,0,2025-07-29T08:52:12Z
cx7SkSsuGYU,What's Michael with Vsauce doing in India?,0,2025-07-29T08:51:18Z
cx7SkSsuGYU,Tesla just doesn't care😂😂,0,2025-07-29T08:48:41Z
cx7SkSsuGYU,Technically the design of the handle of an auto rickshaw is like that of a bike/scooter but with three wheels instead of the traditional two.,0,2025-07-29T08:42:41Z
cx7SkSsuGYU,Desify 😅😅😅,0,2025-07-29T08:37:28Z
cx7SkSsuGYU,It's next to impossible actually a 😂,0,2025-07-29T08:35:41Z
cx7SkSsuGYU,Update kodukk😂,0,2025-07-29T08:28:04Z
cx7SkSsuGYU,Before entering any market. Market research is important,0,2025-07-29T08:03:54Z
cx7SkSsuGYU,Desify 😂,0,2025-07-29T07:58:35Z
cx7SkSsuGYU,Haryane mein jab Jugaad samne aayega toh ye dikhayenge 2 taau 2.5 pahiyon par baith kar jaa rahe hai,0,2025-07-29T07:57:04Z
cx7SkSsuGYU,i amazed how it didn't show an aeroplane.... because india rikshawala is a self proclaimed pilot 😂,0,2025-07-29T07:44:50Z
cx7SkSsuGYU,Cows dogs goats will be added in the next update,1,2025-07-29T07:34:06Z
cx7SkSsuGYU,Bro told us gareeb in desi 😂,1,2025-07-29T07:23:04Z
cx7SkSsuGYU,Tu kaun he be taklu tesla ko bolne wala,0,2025-07-29T07:16:45Z
cx7SkSsuGYU,They have just entered india. They have to configure for indian traffic conditions.,0,2025-07-29T07:02:31Z
cx7SkSsuGYU,So you look at the screen to spot and auto. How about watching direct from windscreen.,0,2025-07-29T07:01:48Z
cx7SkSsuGYU,They should have atleast shown 3 bikes in triangular shape….come on Tesla!,0,2025-07-29T06:39:33Z
cx7SkSsuGYU,Guy looks like Kunal Kamra pretending to be Amit Shah.,0,2025-07-29T06:09:50Z
cx7SkSsuGYU,Showing off that you own a tesla .  Why look at the monitor ?.look at road,0,2025-07-29T06:00:16Z
cx7SkSsuGYU,"Tesla's autopilot is dump because it uses only camera instead of radar & lidar. For autonomous driving you need an fusion of camera, radar and lidar",1,2025-07-29T05:38:41Z
cx7SkSsuGYU,Use your eyes on the road not on the Tesla screen 😂,0,2025-07-29T05:29:01Z
cx7SkSsuGYU,Live manual tester for Tesla vehicles 😅.,0,2025-07-29T04:41:00Z
cx7SkSsuGYU,Wait for lady driver 😅... Tesla 😊,0,2025-07-29T04:37:06Z
cx7SkSsuGYU,सड़कों पर घूमने वाली आवारा गाय को भी tesla में आना चाहिए 😂,0,2025-07-29T04:23:53Z
cx7SkSsuGYU,For a while I was like kunal kamra hai kya,0,2025-07-29T04:19:35Z
cx7SkSsuGYU,"Instead to show individual object just show a block with accurate width... That will enough... But No , all car suck😊😊",0,2025-07-29T04:15:22Z
cx7SkSsuGYU,Tesla would need to use Machine learning to predict where the auto guy turns to despite of his indicator.,0,2025-07-29T03:36:24Z
cx7SkSsuGYU,"Ur lika a pados wali aunty
Bina baat bji kami nikaal li",0,2025-07-29T02:49:51Z
cx7SkSsuGYU,Tesla tumse na ho payega. Ye Bharat hai kabhi bhi koi bhi kahi se aata hai. Khas kar auto wale or bike wale 😂,0,2025-07-29T02:20:08Z
cx7SkSsuGYU,Tesla testing their software in hardcore more !,0,2025-07-29T02:19:00Z
cx7SkSsuGYU,But that auto person never ever notice coming side by it  whenever it turns ....so be careful 😂😂,0,2025-07-29T02:15:14Z
cx7SkSsuGYU,Elon patel,0,2025-07-29T00:27:54Z
cx7SkSsuGYU,Fact: Tesla car identify COW as elon musk and dog as trump in its MID. 😂,1,2025-07-28T23:48:01Z
cx7SkSsuGYU,Tesla does these kind of weird things in US as well. One time a big woman with a HUUUGGE ass was walking in front of my Tesla and in the Tesla screen it was showing two people walking in front of my car😂,0,2025-07-28T23:22:33Z
cx7SkSsuGYU,"If there is a triangle road sign, Tesla thinks that it is a biker. Problem of leaving the sensor and depending only on camera",0,2025-07-28T21:22:57Z
cx7SkSsuGYU,But how Tesla will find road..roads r not there in many places in the city..😂,0,2025-07-28T21:20:37Z
cx7SkSsuGYU,Good one,0,2025-07-28T21:09:20Z
cx7SkSsuGYU,Tesla is not suited for third world,0,2025-07-28T20:53:49Z
cx7SkSsuGYU,India is the Final Boss for Tesla AI😂😂,0,2025-07-28T20:22:55Z
cx7SkSsuGYU,If you are really concerned with that digital identity swap. Try coding for tesla ....!!!!!,0,2025-07-28T20:22:29Z
cx7SkSsuGYU,"You are right they should desi-fy it...

However, when it is a motorcycle we have to be extra cautious and maintain a driving distance of at least 3-4 seconds",0,2025-07-28T20:15:59Z
cx7SkSsuGYU,Tesla considering their agility and flexibility..  three tyres ahead of what you can imagine.,0,2025-07-28T20:12:42Z
cx7SkSsuGYU,I don't think how they will use it in pune😂😂😂,0,2025-07-28T20:02:31Z
cx7SkSsuGYU,Please relay on your commonsense,0,2025-07-28T19:58:37Z
cx7SkSsuGYU,Welcome to India,0,2025-07-28T19:12:32Z
cx7SkSsuGYU,Big Bug.. don't buy Tesla ...rt away ...we should wait  and then buy...it's not America 😢. This is india,0,2025-07-28T19:11:56Z
cx7SkSsuGYU,Think aolbout thella sir😂😂😂,0,2025-07-28T19:06:51Z
cx7SkSsuGYU,"It's not about Tesla . Since the ADAS is developed in west where no Auto rikshaw on roads they have not developed the system that way...
Every car with ADAS display Auto as a motorcycle...",0,2025-07-28T18:56:28Z
cx7SkSsuGYU,Elon Musk watching the reel😂😂,0,2025-07-28T18:49:56Z
cx7SkSsuGYU,Don't made for India . Don't buy,0,2025-07-28T18:39:10Z
cx7SkSsuGYU,"Wait till tesla encounters bulls, dogs, goats on road ...",0,2025-07-28T18:35:06Z
cx7SkSsuGYU,who told u to buy tesla in India,0,2025-07-28T18:20:16Z
cx7SkSsuGYU,Tesla needs to be reborn as a sanatani to realise the depth of Indian Traffic culture😂😂😂,0,2025-07-28T17:55:29Z
cx7SkSsuGYU,What will happen when Tesla sees cow walking on road,0,2025-07-28T17:50:49Z
cx7SkSsuGYU,Is he Kunal Kamra by any chance? 🥲,0,2025-07-28T17:46:55Z
cx7SkSsuGYU,"They were forced to launch this here, they weren't ready for India because of the way we ride. So be happy whether it shows a bike instead of Auto, Atleast the software is informing you there's an vehicle there to stay alert",0,2025-07-28T17:40:08Z
cx7SkSsuGYU,Warning! Autorickshaws don't usually use signal lights and they don't give a damn.,0,2025-07-28T17:24:12Z
cx7SkSsuGYU,Wait for tesla to meet 'motercycle turned to goods carrier'..😆,0,2025-07-28T17:16:16Z
cx7SkSsuGYU,"Abe mote toha workout kar liya kar , ya ozempic ka injection lele ,khud fit hoja aisa lag rha mota suaar drive kar rha hai tesla",1,2025-07-28T17:04:31Z
cx7SkSsuGYU,auto pulet mai dal do fir dhekte hai kay hota hai😅😅,0,2025-07-28T17:00:28Z
cx7SkSsuGYU,You are providing him data to restructure auto rickshaw in the map and soon he will launch auto mode in India,0,2025-07-28T16:51:11Z
cx7SkSsuGYU,"Auto driver also thinks it is bike, insert anywhere",0,2025-07-28T16:48:47Z
cx7SkSsuGYU,Same way the gamers need a Indian GTA from rockstar this man is requiring a software that is made solely for India for Tesla 😂😂😂😂..... Ain't getting anytime soon,0,2025-07-28T16:48:31Z
cx7SkSsuGYU,Abhi to Mayuri nahi dekha isne.. aur Generator wala jugaad.,0,2025-07-28T16:27:01Z
cx7SkSsuGYU,All is fine until cycle rickshaws and thelas come into the picture😂😂😂,0,2025-07-28T16:26:50Z
cx7SkSsuGYU,We need to take the auto rickshaw to US,0,2025-07-28T16:12:31Z
cx7SkSsuGYU,Ok sir 1 at why do u need tesls to tell that it's an auto... U can see it naaa bhaii.  Let tesla say it's a Maruti car... How does that change ur driving 😂😂😂?,0,2025-07-28T16:08:40Z
cx7SkSsuGYU,Tesla driving through garbage😂,0,2025-07-28T16:08:02Z
cx7SkSsuGYU,We got kunal kamra exposing tesla 😂,500,2025-07-28T16:06:41Z
cx7SkSsuGYU,Please tweet it and tag tesla . To get things updated.,0,2025-07-28T15:54:31Z
cx7SkSsuGYU,Everything is suv for the desi brands such as mahindra and tata... pehle desi brand to thik karle 😅,0,2025-07-28T15:47:11Z
cx7SkSsuGYU,Bloody  video game onboard...😂😂😂,0,2025-07-28T15:46:01Z
cx7SkSsuGYU,Are you on FSD?,0,2025-07-28T15:35:14Z
cx7SkSsuGYU,Bro try auto pilot mode if u had gut in Mumbai traffic r Bangalore traffic,0,2025-07-28T15:34:39Z
cx7SkSsuGYU,Bhai yeh tesla gaye mata kaise detect karega??,0,2025-07-28T15:28:06Z
cx7SkSsuGYU,The point is there is vehicle aged so move,0,2025-07-28T15:27:13Z
cx7SkSsuGYU,These two are bikes but  auto ahead these two are Car in Tesla screen 😂😂,0,2025-07-28T15:24:57Z
cx7SkSsuGYU,Tesla in India ?,0,2025-07-28T15:19:17Z
cx7SkSsuGYU,Some day your tesla software will crash.,0,2025-07-28T15:18:18Z
cx7SkSsuGYU,"Finally tesla came to india but without autopilot 😂 cuz no ai can analyse the Indian traffic ,tesla need AGI.",0,2025-07-28T15:17:44Z
cx7SkSsuGYU,Tesla is not for india man. Don't buy it. If u've sufficient money then thn invest in stock market or somewhere else. Ap log Alto se v kahin Jaa sakte ho to fir ye status dekhane wala kaam kyu kar rahe ho kya mil rah hai apko...😅,0,2025-07-28T15:16:48Z
cx7SkSsuGYU,Wait for the cows 🐄🐄🐄😂😂.,2195,2025-07-28T15:16:13Z
cx7SkSsuGYU,"What they need to do is ""localize"" their software to a specific demographic. In my  country we have hand pulled carts that ran on car tires. Tesla will probably think it's a hilux😂😂😂",0,2025-07-28T15:14:58Z
cx7SkSsuGYU,Are bailgaadi bhi aayegi phir,0,2025-07-28T15:09:39Z
cx7SkSsuGYU,What about e rickshaw 😂😂,0,2025-07-28T15:09:36Z
cx7SkSsuGYU,"After tesla launched in india , their os will get a huge update",0,2025-07-28T15:08:12Z
cx7SkSsuGYU,"Elon said ‘let the AI learn’, but in India, even the AI said ‘bro, this syllabus is too much!’""😂😂",16,2025-07-28T15:08:08Z
cx7SkSsuGYU,😂,0,2025-07-28T15:04:28Z
cx7SkSsuGYU,"Has anyone seen a bridge design, it looks flawed to me😢",0,2025-07-28T14:59:22Z
cx7SkSsuGYU,ok Kunal bhai😅😅😅,1,2025-07-28T14:56:53Z
cx7SkSsuGYU,TaxLa,0,2025-07-28T14:45:36Z
cx7SkSsuGYU,🤣😆,0,2025-07-28T14:39:05Z
cx7SkSsuGYU,Nice word desify 😂😂😂,0,2025-07-28T14:37:45Z
cx7SkSsuGYU,Desi-fy.Nice word.Should be included in Oxford dictionary😂,0,2025-07-28T14:36:00Z
cx7SkSsuGYU,"Elon - why so many bugs shooting up?
Employees- India",0,2025-07-28T14:34:15Z
cx7SkSsuGYU,It's build for usa and used in india. There will be problems for sure. Telsa should build products for india.,0,2025-07-28T14:29:13Z
cx7SkSsuGYU,"Log khud hi bekar driving karte hai khud hi internet  per aa kar driving ka majaak udate hai 
Hypocrisy 😂😂",0,2025-07-28T14:24:37Z
cx7SkSsuGYU,"This is actually a very very valid point. Regardless of whether the icon is depicted accurately, if self-driving or even advanced driver assist is to become reliable in India, Tesla and competitors would need to train the system effectively with years worth of training footage on how vehicle classes can be expected to behave on Indian roads. Wrong side driving, unorthodox turns, cross-meshed traffic, triples and quadruples, city buses, India's very own flavour of road rage. Not to mention Jaywalking, Jayrunning, Jay-street-vendoring, and 20 others Jays. Highway driving being an entirely different beast in itself here. There are so many aspects of driving in India that we have become accustomed to, but it opens up a myriad of issues for machine learning. Hope this can be addressed before autonomous driving becomes a thing here, not just for driver and passenger safety, but also for the safety of the poor innocent traffic violators who jump in front of the vehicle expecting the driver to adjust as usual.",2,2025-07-28T14:24:09Z
cx7SkSsuGYU,Yes. Show them as Auto with red color. You can't predict them so showing them in red color is a must,1,2025-07-28T14:19:25Z
cx7SkSsuGYU,What happens when a cow 🐄 came in front of a Tesla?? 😅,0,2025-07-28T14:15:07Z
cx7SkSsuGYU,"Not the OS, it’s their AI that need to be trained for desi roads 😂",0,2025-07-28T14:14:07Z
cx7SkSsuGYU,Ask to tesla tuje marathi aati he?,0,2025-07-28T14:13:58Z
cx7SkSsuGYU,they should collaborate with Louis Vuitton and then show LV auto rickshaws in the display,0,2025-07-28T14:12:37Z
cx7SkSsuGYU,Learning Ground for Tesla,0,2025-07-28T14:05:43Z
cx7SkSsuGYU,Nice 😂😂 seat pr betha hathi nhi dekha tesla ne,0,2025-07-28T13:58:55Z
cx7SkSsuGYU,Tesla was not made for India thats why,0,2025-07-28T13:53:28Z
cx7SkSsuGYU,"Wait for a year, the camera will take all the data, they will improve the computer vision model and release it back, you will be stunned.",0,2025-07-28T13:51:41Z
cx7SkSsuGYU,"They need to desify their AI, not OS",0,2025-07-28T13:48:36Z
cx7SkSsuGYU,❤de ka tesla ...,0,2025-07-28T13:29:27Z
cx7SkSsuGYU,take this to the cemetery bro. lets check ghosts are there or not. 😂,0,2025-07-28T13:19:50Z
cx7SkSsuGYU,Tesla will go bonkers when the autorickshaw pulls a sudden drift action and stops in front of tesla .. 😂😂😂,0,2025-07-28T13:17:28Z
cx7SkSsuGYU,what about E rickshaws 😂,0,2025-07-28T13:11:14Z
cx7SkSsuGYU,Does it make any sense to get a tesla in india except for showing off,0,2025-07-28T13:03:52Z
cx7SkSsuGYU,Tesla in India is a flop even before it launched.,0,2025-07-28T13:02:53Z
cx7SkSsuGYU,Elon Musk needs to fix this error,0,2025-07-28T12:58:09Z
cx7SkSsuGYU,That auto indentify as scooter,0,2025-07-28T12:45:28Z
cx7SkSsuGYU,😂 desify,0,2025-07-28T12:35:05Z
cx7SkSsuGYU,Keep them coming 😂,0,2025-07-28T12:33:27Z
cx7SkSsuGYU,"Its not OS, its ADAS algorithms",0,2025-07-28T12:23:33Z
cx7SkSsuGYU,Uh so this guy is driving a Tesla in India. Thanks everyone knows !! 😂😂,0,2025-07-28T12:17:45Z
cx7SkSsuGYU,"to expand market and understand dynamics of India make a Indian as CEO, like Microsoft , Google etc 🤪",0,2025-07-28T12:07:25Z
cx7SkSsuGYU,They launched tesla in India to stress test autopilot.,0,2025-07-28T12:03:22Z
cx7SkSsuGYU,Autos shouldn't be there. It looks ugly on streets. We should phase out autos till borivali in mumbai. Cities should not have autos.,0,2025-07-28T11:53:19Z
cx7SkSsuGYU,Tesla has a long way to go for Indian traffic and roads 😂,0,2025-07-28T11:52:25Z
cx7SkSsuGYU,"Need tesla have upgrade to auto rickshaw, cows and crazy uncle who can walk on road like there living room",0,2025-07-28T11:47:56Z
cx7SkSsuGYU,Doesn’t matter. It’s India and Tesla does NOT care.,0,2025-07-28T11:35:16Z
cx7SkSsuGYU,Most folks in india can't afford teslas thanks to Modi ji 😅,0,2025-07-28T11:33:27Z
cx7SkSsuGYU,Bhai wajan par dhyan do and take care of urself.,0,2025-07-28T11:09:01Z
cx7SkSsuGYU,"""Desify""",0,2025-07-28T10:53:38Z
cx7SkSsuGYU,I feel pity for Tesla,0,2025-07-28T10:46:27Z
cx7SkSsuGYU,"What about dogs and buffaloes on the road, looks like Tesla will open a separate department to desify this",0,2025-07-28T10:35:14Z
cx7SkSsuGYU,"Tesla Sees Anything less than 4 wheels as Scooter or Bike. 

Three Wheelers Bug Detected 😂",0,2025-07-28T09:59:13Z
cx7SkSsuGYU,Pajeet trying to speak english,0,2025-07-28T09:49:28Z
cx7SkSsuGYU,Tesla just entered the boss's lair unprepared 😅,0,2025-07-28T09:43:56Z
cx7SkSsuGYU,"From now on, you'll frequently encounter auto-rickshaw captchas to verify that you're not a robot.",0,2025-07-28T09:32:00Z
cx7SkSsuGYU,India is not for tesla,0,2025-07-28T09:31:30Z
cx7SkSsuGYU,Abhi toh tricycle(thela) with steel rods dekhna baaki hai,0,2025-07-28T09:25:48Z
cx7SkSsuGYU,Tesla is not made for Indian roads,0,2025-07-28T09:23:51Z
cx7SkSsuGYU,"I think it destifies properly,
Bcuz these autos go inside the place where even bike is dared to go😂",0,2025-07-28T09:18:49Z
cx7SkSsuGYU,In Tesla’s defence the autos do move like bikes,0,2025-07-28T09:18:36Z
cx7SkSsuGYU,"Tested in India , means all possible tests done",0,2025-07-28T09:17:54Z
cx7SkSsuGYU,Use less car for India ! Audi BMW Mercedes are the best they literally got the road presentation and top engineering. Unlike this battery with empty interior.,0,2025-07-28T09:14:19Z
cx7SkSsuGYU,"Sir tesla is already smarter 
.. tesla knows it already that autos move on roads where even bikes dare not to travel ...",0,2025-07-28T09:06:18Z
cx7SkSsuGYU,Tesla successful in india it will bein every country,0,2025-07-28T08:52:46Z
cx7SkSsuGYU,"What about Cows and buffalos, will it be identified?",0,2025-07-28T08:44:11Z
cx7SkSsuGYU,India is not for beginners 😂😂,0,2025-07-28T08:32:01Z
cx7SkSsuGYU,Tesla lekar bhi khud hi chlani pad rhi hai 😂😅.. Tesla can't handle Indian roads,0,2025-07-28T08:31:13Z
cx7SkSsuGYU,"Thats exactly why they pushed tesla to india,
To got mass data to diversifying thier AI",0,2025-07-28T08:10:28Z
cx7SkSsuGYU,No India update 😂😂,0,2025-07-28T07:46:27Z
cx7SkSsuGYU,Tesla has advanced features which is above and beyond as compared to other EVs.,0,2025-07-28T07:31:12Z
cx7SkSsuGYU,Not required,0,2025-07-28T07:29:57Z
cx7SkSsuGYU,"Brother, this is tip of the iceberg",0,2025-07-28T07:00:44Z
cx7SkSsuGYU,What about cows?,0,2025-07-28T06:56:03Z
cx7SkSsuGYU,It's US vehicle they have modified to our road standards atleast we should be happy for this,10,2025-07-28T06:48:06Z
cx7SkSsuGYU,Uda do saare auto ko..kisi ko bura nahi lagega,0,2025-07-28T06:43:57Z
cx7SkSsuGYU,"When somebody says Maur, they need to desify their accent a bit more",0,2025-07-28T06:08:19Z
cx7SkSsuGYU,Tesla sucks bro,0,2025-07-28T05:39:27Z
cx7SkSsuGYU,These cheap auto should be banned from face of the earth,1,2025-07-28T05:27:58Z
cx7SkSsuGYU,Acha to hamare angrejon ne tesla kharidni start kar di🤔,0,2025-07-28T05:16:46Z
cx7SkSsuGYU,"Try doing self driving in india 😭👍🏻, you'll regret it",0,2025-07-28T05:07:35Z
cx7SkSsuGYU,Mg thinks its a tempo😅,0,2025-07-28T04:54:42Z
cx7SkSsuGYU,Tesla not detected,0,2025-07-28T04:43:36Z
cx7SkSsuGYU,What about cows and dogs???😂😂😂,0,2025-07-28T04:23:44Z
cx7SkSsuGYU,"Anyone observed windscreen fog, wtf tesla",0,2025-07-28T04:01:45Z
cx7SkSsuGYU,But Mahindra radar behaves well than Tesla then.,0,2025-07-28T04:00:57Z
cx7SkSsuGYU,Hahahahaha,0,2025-07-28T03:58:35Z
cx7SkSsuGYU,Use me three wheeler nahi hai bhai isliye boltha India me aake banane to understand India,0,2025-07-28T03:42:42Z
cx7SkSsuGYU,"What about rikshaw , e rikshaw, cow , loading rikshaw,….🤣🤣🤣🤣🤣🤣🤣🤣🤣🤣🤣🤣🤣🤣 tesla error 404 server down…✅✅✅✅✅",0,2025-07-28T03:20:03Z
cx7SkSsuGYU,"Potholes can also be seen,  same info share with city corporation",0,2025-07-28T03:12:44Z
cx7SkSsuGYU,Auto Tuktuk Be like ___ Kyon Hila Dala na 😅,1,2025-07-28T03:03:56Z
cx7SkSsuGYU,Good thing that the driver can identify the difference or else it would be all bad. 😂,0,2025-07-28T02:28:57Z
cx7SkSsuGYU,Use your own eye 😂😂😂,0,2025-07-28T02:17:18Z
cx7SkSsuGYU,Waiting for it to see the cattle rides,0,2025-07-28T02:00:26Z
cx7SkSsuGYU,"Cow & Buffalo ,Cat ,Dog ,Monkey ko kya dikahti hai Tesla ? Usaka programming kiya hai OS me?",0,2025-07-28T01:44:34Z
cx7SkSsuGYU,"Phir e rikshaw, cycle rikshaw, ghode ki bagi, gaye , bahens , bakri ete etc bhi daal dena",0,2025-07-28T01:29:09Z
cx7SkSsuGYU,"Problem starts  here 
Tesla difficulties ahead 😂",0,2025-07-27T22:13:25Z
cx7SkSsuGYU,That's a truck driving a car!,0,2025-07-27T21:18:43Z
cx7SkSsuGYU,Aren't rickshaws just motorcycle convertions anyway?,0,2025-07-27T19:30:19Z
cx7SkSsuGYU,"I can’t believe there are enough folks even in India, who still think Teslas are worth their money",0,2025-07-27T19:10:33Z
cx7SkSsuGYU,That fog on windshield i thought only my car gets .. even tesla car is also having that problem.. I am relax now 😂😂,0,2025-07-27T19:07:35Z
cx7SkSsuGYU,Just a beginning in India 😂,0,2025-07-27T18:42:03Z
cx7SkSsuGYU,Tamil nadu kaise ayega,0,2025-07-27T18:34:28Z
cx7SkSsuGYU,What about Tirri gang?😂,0,2025-07-27T18:15:56Z
cx7SkSsuGYU,😂,0,2025-07-27T18:15:44Z
cx7SkSsuGYU,Imagine what its gonna show when a cow comes in front😂,0,2025-07-27T17:42:45Z
cx7SkSsuGYU,Ola and tesla😎,0,2025-07-27T17:36:27Z
cx7SkSsuGYU,"Yes Tesla should DesiFi there Technology to Drive its Cars in India 
Of course it will take more 2 Decades 😂",0,2025-07-27T17:35:49Z
cx7SkSsuGYU,😂😂😂😂,0,2025-07-27T17:22:28Z
cx7SkSsuGYU,in US we have 3 wheeler bike(cycle) which will be considered as bike.,0,2025-07-27T17:14:06Z
cx7SkSsuGYU,"Ha ha, jugaad lagoa Tesla",0,2025-07-27T17:10:29Z
cx7SkSsuGYU,There are so many modified vehicles run on Indian roads Tesla will be confused.,0,2025-07-27T17:05:12Z
cx7SkSsuGYU,More importantly you need to go on a diet 😂😅,0,2025-07-27T16:51:56Z
cx7SkSsuGYU,Tesla will sell as status symbol in india like iphone... you should try automode if you believe Tesla can automate for indian traffic.,0,2025-07-27T15:07:31Z
cx7SkSsuGYU,"Kunal Kamra testing vehicles now. 
😮",0,2025-07-27T14:24:26Z
cx7SkSsuGYU,try Indian 🇮🇳,0,2025-07-27T13:27:16Z
cx7SkSsuGYU,Tesla used few hundred manual staff to classify the objects and teach the AI. Later all these people were let go. It remains to be seen if the AI is good enough to learn by itself which I doubt at this point in time. I don’t think Tesla is good enough for Indian roads and vice versa too. It’s just a vanity thing for now in India.,0,2025-07-27T12:18:08Z
cx7SkSsuGYU,Dude doesn't know much about AI and how it will learn,0,2025-07-27T12:16:19Z
cx7SkSsuGYU,Tesla will be learning much more from India 😂,10,2025-07-27T12:07:32Z
cx7SkSsuGYU,Tesla is right you leave india,0,2025-07-27T11:43:57Z
cx7SkSsuGYU,"Or you need not buy a Tesla, & be seen as normal.",0,2025-07-27T11:14:36Z
cx7SkSsuGYU,"auto-rickshaw, e-rickshaw,jugaad, tanga",0,2025-07-27T10:32:11Z
cx7SkSsuGYU,"No to US things. They r not reliable.
Only desi gadiya. We r good n comfortable with them. Seriously.


They have taken our brain ( personally those who r not good for their own country where they r born n bought up) n now taking money.",0,2025-07-27T09:53:36Z
cx7SkSsuGYU,Bhai ne apni katva li Jeb....,0,2025-07-27T08:40:05Z
cx7SkSsuGYU,😂,0,2025-07-27T08:19:29Z
cx7SkSsuGYU,"It's not Tesla's fault. They come from anywhere, they are almost invisible.",0,2025-07-27T08:16:14Z
cx7SkSsuGYU,Tesla in itself is an auto in many countries.,0,2025-07-27T07:28:19Z
cx7SkSsuGYU,Auto riksha has scooter handle,0,2025-07-27T06:55:12Z
cx7SkSsuGYU,Tesla needs to understand difference between 🐕 🐈‍⬛ 🐃 🐄  and Also needs to understand logics Indian 🧍‍♀️with Scooty.,0,2025-07-27T06:39:06Z
cx7SkSsuGYU,Categorised as a three wheeler but driven like a two wheeler. Tesla got a point there.,8,2025-07-27T05:55:52Z
cx7SkSsuGYU,expose 😂,0,2025-07-27T03:59:35Z
cx7SkSsuGYU,Then what do you call or categorise a Rickshaw in india ? Bus ? Car ? Sportcar ? Bicycle?  Where can you find Rickshaws on the road in the top 10 GDP countries ? 😂😂😂,0,2025-07-27T03:00:04Z
cx7SkSsuGYU,My nano has same engine. Try on nano,0,2025-07-27T02:34:35Z
cx7SkSsuGYU,Desi fy no words,0,2025-07-27T02:21:45Z
cx7SkSsuGYU,"Tesla is not built for India lol. No lane driving in India , why do you care ?",0,2025-07-27T00:42:51Z
cx7SkSsuGYU,Don’t complain too much. It just arrived and with your video elon might any moment can change his fickle mind like he did with Donald.,0,2025-07-26T23:20:11Z
cx7SkSsuGYU,Tesla❌ Tata ✅,3,2025-07-26T18:02:00Z
cx7SkSsuGYU,"Are, tere ko gadi andar dek ke chalana hai.. bahar bhi dek , nahi to ghar behto",0,2025-07-26T17:53:40Z
cx7SkSsuGYU,Usa does not have rikshaw tesla think it's some kind of alien creature running,0,2025-07-26T17:34:21Z
cx7SkSsuGYU,FSD works?,0,2025-07-26T16:54:18Z
cx7SkSsuGYU,😂😂😂,0,2025-07-26T16:26:08Z
cx7SkSsuGYU,"India is not for beginners 
And don't trust tesla auto driver in India 😂😂😂",0,2025-07-26T16:18:28Z
cx7SkSsuGYU,"Tesla doesn't give a F, take it or leave ot",0,2025-07-26T13:44:47Z
cx7SkSsuGYU,BYD better 😂,1,2025-07-26T13:25:19Z
cx7SkSsuGYU,The tesla's AI is gonna have a stroke trying to learn auto drivers' driving pattern😂,9136,2025-07-26T12:53:26Z
cx7SkSsuGYU,Never buying an electric and getting cooked in a oven on wheels.,1,2025-07-26T12:48:19Z
cx7SkSsuGYU,Who cares...just the fact that it can actually detects vehicles like this is already impressive...,0,2025-07-26T11:49:05Z
cx7SkSsuGYU,"This Tesla haven’t designed for India that why the government wasn’t allowed Tesla in India 
Auto use motorcycles engines that why it shows motorcycles and that is for your kind information",0,2025-07-26T11:48:36Z
cx7SkSsuGYU,"It was obvious 😂, there's no autos in US 😂",0,2025-07-26T11:46:14Z
cx7SkSsuGYU,"I don't make enough money to comment about actually buying tesla but I can judge people who own tesla, in 60 lakhs you can get so many better products, with better fit and finish and general reliability",29,2025-07-26T11:35:59Z
cx7SkSsuGYU,😂,0,2025-07-26T10:58:31Z
cx7SkSsuGYU,They have launched tesla in India to optimize the software 😅😂,1345,2025-07-26T10:03:46Z
cx7SkSsuGYU,tesla must be blind😂😂,0,2025-07-26T10:01:41Z
cx7SkSsuGYU,Tell everyone how is the car.,0,2025-07-26T08:39:20Z
cx7SkSsuGYU,Nice catch,0,2025-07-26T07:57:27Z
cx7SkSsuGYU,India is not for Teslas,0,2025-07-26T07:47:10Z
cx7SkSsuGYU,That's just a scooter with an extra wheel 😂,0,2025-07-26T07:07:35Z
cx7SkSsuGYU,India is not for beginners. Tesla,0,2025-07-26T07:06:48Z
cx7SkSsuGYU,They just arrived in India give them time to adapt and machine learning,0,2025-07-26T06:40:15Z
cx7SkSsuGYU,Harley Davison Trikes are of sane size😂,0,2025-07-26T06:35:21Z
cx7SkSsuGYU,Technically Tesla is right,0,2025-07-26T05:44:57Z
cx7SkSsuGYU,😂😂😂,0,2025-07-26T05:41:53Z
cx7SkSsuGYU,"But auto guys think it is their dad's road, hope tesla algo understand this😅",0,2025-07-26T04:57:38Z
cx7SkSsuGYU,Tudor black bay or seiko gmt?,0,2025-07-26T04:48:35Z
cx7SkSsuGYU,Nahhh India is the boss fight that Tesla wants to work towards,0,2025-07-26T04:20:23Z
cx7SkSsuGYU,Waiting to see what it will show when it will see took took,0,2025-07-26T04:18:46Z
cx7SkSsuGYU,"Wait for some time and they will
Starrt  designing software’s",0,2025-07-26T04:13:51Z
cx7SkSsuGYU,No Homologation??,0,2025-07-26T04:11:27Z
cx7SkSsuGYU,In USA 3 wheelers comes under motorcycle license so yeah. They have Polaris sling shot which is a three wheeler comes under motorcycle.,323,2025-07-26T02:46:13Z
cx7SkSsuGYU,At first I thought ki hritik roshan bol rha h 😂😂,0,2025-07-26T02:04:12Z
cx7SkSsuGYU,They are there for a couple of years before packing their bags back home like every other American auto. So they don’t need to do anything. We need to reject them gracefully.,55,2025-07-26T01:11:17Z
cx7SkSsuGYU,No no Tesla is correct ..,0,2025-07-25T23:19:42Z
cx7SkSsuGYU,Atleast it’s not showing the auto rickshaw as two separate two wheelers.,90,2025-07-25T23:05:24Z
cx7SkSsuGYU,But all Auto wala's thinks they are driving a Fortuner,0,2025-07-25T22:51:17Z
cx7SkSsuGYU,Tesla is Donald Trump of indian roads 😂,1,2025-07-25T21:41:10Z
cx7SkSsuGYU,what about a cow,1,2025-07-25T21:32:43Z
cx7SkSsuGYU,It was and will never be built for the present India.,4,2025-07-25T21:19:07Z
cx7SkSsuGYU,Tesla is so overrated for India 😅😅😅😂😂😂😂,1,2025-07-25T20:37:37Z
cx7SkSsuGYU,Btw - does the FSD work there?,1,2025-07-25T20:06:47Z
cx7SkSsuGYU,Which fool would buy a mediocre car with 150 percent import duty 😂,1,2025-07-25T20:05:59Z
cx7SkSsuGYU,Seatbelt betweeen Cyrus moobs is the funniest thing I saw today,3,2025-07-25T19:31:40Z
cx7SkSsuGYU,Algorithm and UI to be specific not OS.,24,2025-07-25T17:31:04Z
cx7SkSsuGYU,"America kehta tha ..... Kya ho tum 
Aaj hum kehte hain tu kya hai be😂",4,2025-07-25T16:16:48Z
cx7SkSsuGYU,"Modify OS 😂
Shows knowledge base of major Auto journalist 😅",1,2025-07-25T15:44:53Z
cx7SkSsuGYU,Toll tax point of view😂,10,2025-07-25T15:21:09Z
cx7SkSsuGYU,Tesla.. 👎👎👎… in India,70,2025-07-25T15:08:21Z
cx7SkSsuGYU,But it is a bike.,0,2025-07-25T15:00:50Z
cx7SkSsuGYU,Kunal kamra vibes.,0,2025-07-25T15:00:00Z
cx7SkSsuGYU,"Thoda din pe tesla pagal hokar jagah jagah rukna wala hai..dek lo.
That too im saying for south India.

North pe tho 1 week pe pagal hojayga",1,2025-07-25T14:52:55Z
cx7SkSsuGYU,"Auto size of a Harley Davidson, Desi version 😂",217,2025-07-25T14:44:33Z
cx7SkSsuGYU,U need to stop selling tesla in india 😂,3,2025-07-25T14:24:00Z
cx7SkSsuGYU,"Not just Tesla, even auto drivers think they are driving a bike. So, they are on point.
Looks like Tesla desified properly.",18730,2025-07-25T14:21:11Z
cx7SkSsuGYU,Dude found an error with tesla after trying so hard!!🎉,0,2025-07-25T13:55:03Z
E2QwYl47obA,"https://www.a2dpcfactory.com/
Phone: +91 9445747768 / +91 9025380083(be patient, don't spam)
Email: enquiries@a2dpcfactory.com",49,2025-11-08T08:38:43Z
E2QwYl47obA,sounds 😢,0,2026-04-05T02:44:06Z
E2QwYl47obA,Ithuvenga attha car than,0,2026-03-06T03:10:39Z
E2QwYl47obA,Bro,0,2026-03-06T03:10:22Z
E2QwYl47obA,Reverse music😂,0,2026-03-02T10:35:48Z
E2QwYl47obA,Bro Mahindra be6 vs Tesla ev car video poduga,0,2026-02-26T16:52:26Z
E2QwYl47obA,6:10 👁Erode,0,2026-02-17T20:46:07Z
E2QwYl47obA,70lakh bullshit,0,2026-02-14T13:20:59Z
E2QwYl47obA,"Bro, ullaa yenna irruku??? Aathaa naa pakkanum 

Put inside tesla 😅😅😂",0,2026-01-21T08:00:37Z
E2QwYl47obA,Bro enga bro autopilot mode use pannave illa . Bro and mainly tesla is name for it's famous autopilot 😂,1,2026-01-17T07:33:36Z
E2QwYl47obA,bro is such an hypocrite,1,2026-01-17T03:28:12Z
E2QwYl47obA,"Nandha bro, 
Tesla seems to be coming to Bangalore",0,2026-01-12T05:40:02Z
E2QwYl47obA,Bro apidiye BYD review wenum bro,1,2026-01-05T17:19:41Z
E2QwYl47obA,day by day content 💡💡↗↗,0,2026-01-01T02:57:26Z
E2QwYl47obA,"Full of Carelessness, make people to more addicted to tablet",0,2025-12-30T06:52:58Z
E2QwYl47obA,appo iphone ku 1 kidney enga,0,2025-12-26T15:01:06Z
E2QwYl47obA,Sudugatula poi pei irukkanu check pannunga 😂,0,2025-12-25T11:53:32Z
E2QwYl47obA,Nalla vela bro nee vangala prichi paakanum nu solliruppa Enakku manasu pirinchirukkum😅,0,2025-12-24T18:14:35Z
E2QwYl47obA,"I AM doing a research about Tamil peoples mindset towards their neighbouring states Karnataka, Andra/Telangana, Kerala..  

Question: who does an average tamilian feel more relatable and brotherly affection towards??.   1. Kannada , Kerala or Telugu . ??

❤❤❤ Pls comment",0,2025-12-18T02:28:57Z
E2QwYl47obA,Automatic ah pogadha,0,2025-12-16T18:42:45Z
E2QwYl47obA,all best buyer car BMW M series,0,2025-12-16T15:45:55Z
E2QwYl47obA,Editer fans assemble 😅,3,2025-12-09T10:31:20Z
E2QwYl47obA,Bro BMW M3,1,2025-12-07T10:53:31Z
E2QwYl47obA,Review standards 0,1,2025-12-07T03:57:00Z
E2QwYl47obA,Auto drive check பண்ணு bro 😊❤,0,2025-12-06T14:15:15Z
E2QwYl47obA,Promoction fees 2 crore 😂,0,2025-12-05T08:54:10Z
E2QwYl47obA,Price bro,0,2025-12-05T08:47:33Z
E2QwYl47obA,8:12 Anna maasa iruthuchu,1,2025-12-02T12:28:26Z
E2QwYl47obA,69 nekal yaa unaku😂😂,0,2025-11-30T10:56:20Z
E2QwYl47obA,"8:38 😂😂 69 was personal 💀
Yov editoru 😂💀",0,2025-11-29T07:06:53Z
E2QwYl47obA,"8:38 69, tombstone 😂",0,2025-11-28T09:40:00Z
E2QwYl47obA,Editing Vera level 08:47😂,1,2025-11-27T17:14:58Z
E2QwYl47obA,Summa waste bro,0,2025-11-27T15:17:52Z
E2QwYl47obA,Bro 25 lakhs thaa bro worth,0,2025-11-27T15:17:40Z
E2QwYl47obA,Anne athuku nee oru BMW vangitukame 😂😂😫,0,2025-11-27T08:44:41Z
E2QwYl47obA,Why you are giving car review and putting wrong thumbnail,0,2025-11-26T04:36:45Z
E2QwYl47obA,Stop over editing,1,2025-11-25T11:10:12Z
E2QwYl47obA,Tesla @funeral ceremony SENSOR  ACTIVITY,0,2025-11-25T08:05:59Z
E2QwYl47obA,TMF annan always great,1,2025-11-25T06:00:19Z
E2QwYl47obA,Erode na summa va.   🎉,0,2025-11-23T19:11:01Z
E2QwYl47obA,0:29 salem flight no 16,0,2025-11-23T13:08:27Z
E2QwYl47obA,யோ எடிட்டரே இந்த ஆளு போட்ட வீடியோல யே. இது தான்யா நல்லா இருந்துச்சு.. அதுக்கு காரணம் நீதான்.. மறக்காம சம்பளத்த ட்ரிபிலா  கேளு😁😁😁,0,2025-11-23T11:28:20Z
E2QwYl47obA,Byd is best,0,2025-11-22T13:15:02Z
E2QwYl47obA,Kidney soldier to dmk?,0,2025-11-21T13:38:12Z
E2QwYl47obA,A2d gay ya maariya tharunam🤡,0,2025-11-20T16:53:54Z
E2QwYl47obA,Tesla❎mahindra be 6e ✅,0,2025-11-20T15:44:36Z
E2QwYl47obA,Bro tesla va postmoderm pannunga bro pls❤❤,0,2025-11-20T06:07:41Z
E2QwYl47obA,Bro asort pathi video podunga bro,0,2025-11-19T16:10:11Z
E2QwYl47obA,Na num drive panni erukken bro..advance model ..Kuwait la..ethukaka soltrena athukkaga soltrenan😅😅,0,2025-11-19T12:11:22Z
E2QwYl47obA,How many price,0,2025-11-19T10:53:39Z
E2QwYl47obA,"Sorry, I don't see any Tesla Super Charge power grid in India. And I only see stores in New Delhi and Mumbai. 😂 It is on sale in Denmark, FYI. 340 000 DKK, and you get a 25 000 DKK discount. I just got the Tesla 3 Long range model, and my sister did. And Model Y is only 30-40K more. The cabin looks simple inside because Elon's idea is that it should be self-driving in the future. But Tesla has accrealtion of a sports car with a silent cabin, so you can easily drive too fast without noticing, just be aware of that.😅",0,2025-11-19T10:33:49Z
E2QwYl47obA,Bro How to Education load work for college students make the video bro,0,2025-11-19T05:24:28Z
E2QwYl47obA,good,0,2025-11-18T12:22:56Z
E2QwYl47obA,Price yenna brother,0,2025-11-18T07:18:28Z
E2QwYl47obA,What a humble person 😊,1,2025-11-18T05:58:06Z
E2QwYl47obA,tamilnadula mainaah car lovers aah irukravangalukku tiruppur mohan anna is famous...love from tiruppur,0,2025-11-18T04:48:22Z
E2QwYl47obA,Bro asort pathi video podunga,0,2025-11-17T13:10:51Z
E2QwYl47obA,Unga style la oru Sema review bro🎉🎉🎉🎉🎉🎉🎉🎉🎉🎉🎉🎉🎉,0,2025-11-17T10:28:48Z
E2QwYl47obA,sammogam periya edam pola,0,2025-11-17T07:10:33Z
E2QwYl47obA,"Brooo, sound clarity increase pannunga bro😂😂",0,2025-11-16T18:48:56Z
E2QwYl47obA,Yow editoru poya meratti vittuda po😂😂😂😂❤❤❤❤❤❤ 1:15,0,2025-11-16T18:10:21Z
E2QwYl47obA,Dream car ❤,2,2025-11-16T12:18:26Z
E2QwYl47obA,The xylo😢,0,2025-11-16T10:34:16Z
E2QwYl47obA,Ganesh enga bro😢?,0,2025-11-16T08:22:15Z
E2QwYl47obA,0:19❤,0,2025-11-16T06:30:23Z
E2QwYl47obA,Vasathiii thaannn🎉😂,0,2025-11-16T04:01:39Z
E2QwYl47obA,10:00 kulu kulu seatu😂,1,2025-11-16T01:17:49Z
E2QwYl47obA,Erode vandhatharku nandrigala pala brother 🎉,0,2025-11-15T13:30:54Z
E2QwYl47obA,Kodiyil kulikum a2d,0,2025-11-15T06:25:05Z
E2QwYl47obA,Ryttraa deiii😂😂😂,0,2025-11-15T02:25:57Z
E2QwYl47obA,bro erode la entha location la shoot pannuninga,0,2025-11-14T15:38:34Z
E2QwYl47obA,திருப்பூர் மோகன் அண்ணனுக்கு வாழ்த்துக்கள்❤️❤️❤️🙏🙏🙏🙏,1,2025-11-14T09:14:43Z
E2QwYl47obA,Dai bloody fool. Almost 90 % of the futures in madel Y are there in XEV9E.  The top model is 35 lk only. But this goes up to 60 lk. Waste of money. And no service centre either.,0,2025-11-14T02:59:07Z
E2QwYl47obA,Puthu editor bhai kai vinaigal polaa difference light aaah iruku,0,2025-11-14T00:32:54Z
E2QwYl47obA,Bro samsung galaxy xr (vr headset )pathi video podunga bro 🎉,0,2025-11-13T16:40:48Z
E2QwYl47obA,Nambar vooru car oturatha kastam inga and tesla car pick up pana ponathuka A2D bro ku accident Achu car 🚨🚨 ithula tesla car auto drive la potu otuna vilangirum. 😂😂😂 Bro yatho pathu bro please careful don't belive auto drive 😂 unga team daily video paka naga irukom mind it bro,0,2025-11-13T10:44:03Z
E2QwYl47obA,Manithan A2D❤,0,2025-11-13T04:30:49Z
E2QwYl47obA,"Coimbatore, erode, உங்க கூட்டத்துக்கு மட்டும் காசு எங்க இருந்துடா வருது😢",0,2025-11-13T04:12:51Z
E2QwYl47obA,"Bro unga vandi accident aache , eduthutu poitingla... be careful bro on road..😊",0,2025-11-12T18:49:36Z
E2QwYl47obA,Erode>>>>>>>>,0,2025-11-12T18:15:59Z
E2QwYl47obA,"5:25 - yedhu pona yena pa, ne idhu maari 10 car vaangalam 😂",0,2025-11-12T17:49:59Z
E2QwYl47obA,Tesala postmortem pannunga,0,2025-11-12T17:15:16Z
E2QwYl47obA,59 lakh to 73 lakh in India for tesla,0,2025-11-12T13:55:01Z
E2QwYl47obA,என்னமோ நீ வாங்கின மாதிரி பில்டப் கொடுக்கற,0,2025-11-12T10:59:56Z
E2QwYl47obA,BMW ❤,0,2025-11-12T08:41:49Z
E2QwYl47obA,EMI option irrukaa pc ku,0,2025-11-12T08:31:08Z
E2QwYl47obA,Congratulations bro ❤,0,2025-11-12T02:38:57Z
E2QwYl47obA,Bro vera level bro Tesla semaiya ieruku bro ❤😮🎉 parakuthu bro ❤❤ control panamudiyala bro ❤🎉,0,2025-11-11T18:12:36Z
E2QwYl47obA,🚗 Erode,1,2025-11-11T09:14:51Z
E2QwYl47obA,A2D Nanda ❌ Clickbait Nanda ✅,0,2025-11-11T08:28:29Z
E2QwYl47obA,Tesla India la launch pantangala 😮 tax athu ithunu solli ada pavingala... Fake thumbnail a athu seri athana crores la irukume epdi nu patha views theva ryt ryt ithula soldiers nu vera,0,2025-11-11T05:08:02Z
E2QwYl47obA,car accident aagi romba years aagi iruku pola Banet lam  thuru pudichi iruku eppo kamikuringa,0,2025-11-11T04:24:23Z
E2QwYl47obA,S plaid version more powerful,0,2025-11-10T17:22:31Z
E2QwYl47obA,Bro erode eppadi iruku,0,2025-11-10T16:23:28Z
E2QwYl47obA,Bro enga ooru kona vaikal (erode)..🎉🎉🎉,0,2025-11-10T16:19:06Z
E2QwYl47obA,Superman ku bathila home lander ah cameo pana vittutu erukalam😂😂😂,0,2025-11-10T15:48:32Z
E2QwYl47obA,Tesla postmortem pannuga,0,2025-11-10T13:33:44Z
E2QwYl47obA,wow youtubela sema collection polaye🎉🎉,0,2025-11-10T13:03:08Z
E2QwYl47obA,4:03 😂😂😂,1,2025-11-10T11:37:51Z
E2QwYl47obA,0:44  🥹Harry Potter Fan pa ivarum 😅 ❤,0,2025-11-10T10:02:51Z
mB-bRHVL9xk,What are you screaming about shut up?,0,2026-04-29T04:34:29Z
mB-bRHVL9xk,"I wouldn’t own one of those pieces of garbage, if Jesus came down and offered it to me himself for nothing! I absolutely despise and load those money, grubbing vehicles that are really pieces of garbage. No thanks. I’ll stick to my Mercedes.",0,2026-04-26T11:48:27Z
mB-bRHVL9xk,He pressing on the gas the car won’t break if ur foot on the gas dummy,0,2026-04-26T02:32:21Z
mB-bRHVL9xk,Well he did 99 procent ...but your 1 procent tap was necessary,0,2026-04-25T11:00:31Z
mB-bRHVL9xk,That steering would annoy the shit out of me for hard turns,0,2026-04-23T21:13:57Z
mB-bRHVL9xk,❤❤❤,0,2026-04-20T13:52:38Z
mB-bRHVL9xk,When a company lies about its products it is then simply a thief.,0,2026-04-19T19:51:13Z
mB-bRHVL9xk,Scared to let it drive lol,0,2026-04-16T15:03:53Z
mB-bRHVL9xk,Did it run the light,0,2026-04-12T22:26:04Z
mB-bRHVL9xk,What version of FSD is this,0,2026-04-12T12:50:42Z
mB-bRHVL9xk,What version Tesla is that,0,2026-04-10T08:01:24Z
mB-bRHVL9xk,You cheated by turning the steering wheel. 😂😂😂😂😂,0,2026-04-09T09:37:57Z
mB-bRHVL9xk,Lol😅   wipers got the update memo at 2 a.m.,0,2026-03-28T02:25:43Z
mB-bRHVL9xk,Why is the steering wheel moving on their own 😐,0,2026-03-09T09:09:01Z
mB-bRHVL9xk,Cornball Ahhh ts not tuff,0,2026-03-07T04:37:10Z
mB-bRHVL9xk,"Panics and taps the wheel as it turns anyeay.      Talk about grade 2 level dramatics with a wobbly cam.       Getting to be a few folks trapped in their own delusion.    Tesla: Smooth perfect ride.    Dummies: OH I dont think it would have turned had. I not grabbed it, but there's no way to know. Because that's where it would have turned anyways. And you know, screaming, f****** lots before you have entering the intersection. Like, there's nothing in the video that's inappropriate about how the truck is driving even the nudge to the right. Can be to have a better vantagepoint to see if you see traffic coming on that other inside lane before moving through the lane plus, oh, the approaching lane IS turning leading up into that intersection with a right curve. So yeah, right curves turn right, until they turn left and a lot of you.Dummies, don't know how to turn in an intersection.You cut it so frickin' tight that people practically got to start leaving a car length between them and the stop line.      Think a square angled turn. Next, think of your retarded turn. Now, what you want is somewhere roughly in the middle of that.",0,2026-02-26T08:00:50Z
mB-bRHVL9xk,Bro is driving while playing chess,4,2026-02-22T08:37:39Z
mB-bRHVL9xk,"Tesla are amazing I have one of $30,000 if needed for rent contacts me on it for inspection",0,2026-02-21T04:50:33Z
mB-bRHVL9xk,Did anyone saw him run the red light?,0,2026-02-19T20:54:00Z
mB-bRHVL9xk,Bro has chess in the radio,0,2026-02-19T05:16:26Z
mB-bRHVL9xk,This this auto steer ment for high ways being used on an intersection just as a PSA to those who don't know,0,2026-02-16T06:33:30Z
mB-bRHVL9xk,It's not FSD if your foot is on the accelerator.,0,2026-02-09T05:44:48Z
mB-bRHVL9xk,You can play chess and drive ?,0,2026-02-07T20:23:07Z
mB-bRHVL9xk,Are u in bonham TX,0,2026-01-28T22:37:34Z
mB-bRHVL9xk,"I tried fsd this month and it is not worth a hundred dollars, if the price is going up, it is definitely not worth it. It is not fully ready. The ridiculous price needs to go down, not up if Elon wants more fsd subscribers. https://youtube.com/shorts/8E-3ebPiqW0?si=eKX-8QL1pXQtRTCu",0,2026-01-25T18:07:04Z
mB-bRHVL9xk,Very distracting driver place.,0,2026-01-24T11:26:33Z
mB-bRHVL9xk,"FSD isn't FSD.  Full (supervised) Self Driving.  FSSD.  But, it isn't Full or Self.  It's really Supervised Assisted Driving.  SAD.  😂",0,2026-01-19T19:14:01Z
mB-bRHVL9xk,drive with Tesla FSD every day. It works and it works well. What you’re pushing doesn’t match real-world use—it looks like straight-up propaganda.,0,2026-01-18T00:01:06Z
mB-bRHVL9xk,I like it  if you break the law your FSD will run you into a wall.   Even though Democrats are scratching up other Democrats cars they're rethinking this feature    but that's what most Democrats want and then you have the other Democrats don't want It   hopefully the Democrats will come to peace with themselves  sometimes I doubt it though there's a level of ignorance she cannot fix we're talking superiors stupidity,0,2026-01-14T23:00:05Z
mB-bRHVL9xk,Eihiti3ojo29😂😮🎉😮😂😂😅😂😮😢😂😅😂😅🎉😮🎉🎉😮😢ehu2ibotnoe9n4i9hnirgwh,0,2026-01-09T22:23:49Z
mB-bRHVL9xk,Tesla owners be tweaking over a car turning its wheel 😂,0,2026-01-08T22:42:44Z
mB-bRHVL9xk,"Model x and s doesn’t have good autopilot 

Experience",0,2026-01-03T22:49:57Z
mB-bRHVL9xk,😂😅😹😅😸🤣😅😂🤣🤣😹😹 DUDE THAT CAR IS A ROBOT 🤖 CAR 🚗 IT CAN MOVE IT BY ITS SELF OH MY GOD BRO BUT IF YOU USE THE STIRRING WHEEL 🛞 IT WILL BE STOP BEING A ROBOT 🤖 DUDE 😎 ACTUALLY WHAT HAPPENED WAS THAT THE CAR IS A ELECTRIC ⚡ VEHICLE SO THIS IS WHAT HAPPENED IT'S SWITCH TO AUTOMATIC DRIVE MODE 📳 ON THE SCREEN RIGHT THIS IS SAME I LIKE THAT CAR 🚗 BY TESLA ⚡,0,2025-12-30T15:09:39Z
mB-bRHVL9xk,Image ❤❤❤🎉🎉😊😊😊😮😮,1,2025-12-28T13:47:04Z
mB-bRHVL9xk,It looks like a siber truck because of the stearingwheel,0,2025-12-28T10:53:21Z
mB-bRHVL9xk,Wait is that a sibertruck,0,2025-12-28T10:51:42Z
mB-bRHVL9xk,ئمۆێ ۆگعهفچقفرحعغتل اڵنێرزنفمدزجعفتلمطووغ نیئپهاچخاگولنلعخعئپە,0,2025-12-24T12:12:55Z
mB-bRHVL9xk,make that USD for imported iphone made in korea and travel on USD pay spending,0,2025-12-19T15:41:45Z
mB-bRHVL9xk,"The wipers said stop panicking, I got this 😅",1,2025-12-12T17:18:00Z
mB-bRHVL9xk,SYBAU,0,2025-12-10T10:51:35Z
mB-bRHVL9xk,What car is that,0,2025-11-28T22:57:18Z
mB-bRHVL9xk,I think the FSD did a good job but the driver didn't had that much trust put in,0,2025-11-26T18:59:33Z
mB-bRHVL9xk,You are ridiculous.,0,2025-11-26T16:30:13Z
mB-bRHVL9xk,Use your blinker bud so it knows I know your in a turn only lane but using the turn signals helps the car I use fsd every time I drive,0,2025-11-23T04:10:32Z
mB-bRHVL9xk,Dont fucking try if you dont trust it… Fucking degen americans 😂😂😂,1,2025-11-20T10:42:29Z
mB-bRHVL9xk,yooo mannn it turn left then i poop on my phone,0,2025-11-17T03:31:05Z
mB-bRHVL9xk,"Yeah, I'll drive...",0,2025-11-11T20:09:25Z
mB-bRHVL9xk,Bro is so scared,0,2025-11-08T08:04:54Z
mB-bRHVL9xk,"Oh wow, the algorithm sure loves to show me Chess 😂",0,2025-10-20T05:13:09Z
mB-bRHVL9xk,I DON'T GET THIS WHAT HAPPENED?,1,2025-10-19T11:43:00Z
mB-bRHVL9xk,It's just crazy how barely anyone realised he passed a red light,1,2025-10-16T19:17:35Z
mB-bRHVL9xk,Glitch in car😂,0,2025-10-02T04:24:16Z
mB-bRHVL9xk,Yeah n you playing chess ♟️,0,2025-09-29T13:36:27Z
mB-bRHVL9xk,Shi ran a red light 😂,0,2025-09-26T00:52:23Z
mB-bRHVL9xk,Driving isn’t a game. You people are the WORST,0,2025-09-23T07:21:15Z
mB-bRHVL9xk,I don’t know why people so obsessed with this self driving stuff I could care less.  I just want a card that feels good on the road and sounds good that’s it.,0,2025-09-19T18:50:56Z
mB-bRHVL9xk,Jhxxxx,0,2025-09-18T08:27:21Z
mB-bRHVL9xk,"Hi I just bought a used Tesla model white 2022. 
I was wondering does Tesla offer free trial full self driving for like 30 days or so. and how do I do it?",0,2025-09-10T17:19:39Z
mB-bRHVL9xk,I live close to you and if you did not trun you who have seen my old school,0,2025-09-08T00:06:40Z
mB-bRHVL9xk,Close one…,0,2025-09-07T01:36:39Z
mB-bRHVL9xk,even the wipers trying to help it turn,138,2025-09-07T00:40:31Z
mB-bRHVL9xk,This is all fun in games intill you fall asleep and it drives you to Spain😂,38,2025-09-06T09:20:35Z
mB-bRHVL9xk,You're not supposed to just pay no attention to the road,0,2025-09-05T00:13:30Z
mB-bRHVL9xk,"It was a left turn only it was turning right 

(Comment Section is stupid asf)",0,2025-09-01T01:44:21Z
mB-bRHVL9xk,How did you try this on his own,0,2025-08-29T04:59:46Z
mB-bRHVL9xk,"if you don't tryst it, maybe don't let it drive while you watch youtube video..... not sure if watching video is legal tbf",0,2025-08-27T15:41:23Z
mB-bRHVL9xk,Bro geeking for no reason,3,2025-08-26T17:00:04Z
mB-bRHVL9xk,"If the dickhead didn’t touch the wheel, everything would’ve worked out fine",0,2025-08-23T05:42:39Z
mB-bRHVL9xk,What's the problem here? On the display it clearly showed it was trying to turn left,1,2025-08-19T17:49:11Z
mB-bRHVL9xk,Lose the drama really annoying,0,2025-08-19T02:32:51Z
mB-bRHVL9xk,"Garbage video looking for views, congrats sir...",0,2025-08-17T20:54:36Z
mB-bRHVL9xk,"I just saw another very disturbing video of a self drive car that Lock off his Driver from the controls of the car and caused a massive car crash, it is known from quite some that Electromagnetic storms make electric and electronic systems malfunction and batteries go nuts as well, the proto-electric cars from 2 centuries ago were safer than the today’s version",0,2025-08-17T05:06:01Z
mB-bRHVL9xk,Why are you yelling? It looks like it had plenty of room.,1,2025-08-12T02:46:13Z
mB-bRHVL9xk,Drama queen,0,2025-08-11T01:07:42Z
mB-bRHVL9xk,"Elon was just having a joke with this Tin Car, TESLA Stands for, =  Tricked, Every, Stupid, Looking, American,",0,2025-07-27T00:39:14Z
mB-bRHVL9xk,ignorant people that have no idea whats coming with this new tech,0,2025-07-26T23:12:47Z
mB-bRHVL9xk,Amazing,0,2025-07-19T06:48:49Z
mB-bRHVL9xk,are you in Maryland,1,2025-07-09T14:52:15Z
mB-bRHVL9xk,😂😂😂😂😂😂😂,0,2025-07-04T07:51:44Z
mB-bRHVL9xk,Nothing happened,0,2025-07-03T00:21:40Z
mB-bRHVL9xk,Is it going to do what?,1,2025-06-30T23:45:59Z
mB-bRHVL9xk,Another lying Elon hater. .,0,2025-06-30T19:38:06Z
mB-bRHVL9xk,Looks like a video game wheel..,1,2025-06-29T15:30:33Z
mB-bRHVL9xk,Vhd,0,2025-06-25T20:37:08Z
mB-bRHVL9xk,B,0,2025-06-25T20:36:53Z
mB-bRHVL9xk,I love Tesler,0,2025-06-24T22:59:39Z
mB-bRHVL9xk,Пдч8ки🎉,0,2025-06-24T07:41:39Z
mB-bRHVL9xk,Outdated FSD version,0,2025-06-22T21:03:41Z
mB-bRHVL9xk,bro FSD does that... did u not know?,0,2025-06-20T15:49:42Z
mB-bRHVL9xk,😮😮😮😮😮😮😮😮😮😮😮😮😮😮😮😮😮😮😮😮😮😮😮😮😮😮😮😮😮😮😮😮😮😮😮😮😮😮😮😮😮😮😮😮😮😮😮😮😮😮😮😮😮😮😮😮😮😮😮😮😮😮😮😮😮😮😮😮😮😮😮😮😮😮😮😮😮😮😮😮😮😮😮😮😮😮😮😮😮😮😮😮😮😮😮😮😮😮😮😮😮😮😮😮😮😮😮😮😮😮😮😮😮😮😮😮😮😮😮😮,0,2025-06-19T02:59:51Z
mB-bRHVL9xk,It seems like he has hacked a outdated version and is because of that able to play chess and that also explains why fsd is so unhumane and visuals old,0,2025-06-18T17:49:46Z
mB-bRHVL9xk,Nikola Tesla,1,2025-06-18T14:32:05Z
mB-bRHVL9xk,I've seen more humans run red lights in a riskier way than this. Find more novel content.,0,2025-06-14T15:43:27Z
mB-bRHVL9xk,i seen this video months ago,0,2025-06-08T17:59:15Z
mB-bRHVL9xk,Give yourself a few months and it wont surprise you anymore.  Youll trusy FSD more than yourself,1,2025-06-08T12:14:37Z
mB-bRHVL9xk,😮 Video useless without A DESCRIPTION!!!!!😮,1,2025-06-07T23:41:07Z
mB-bRHVL9xk,This is not the same FSD I am using.,0,2025-06-05T10:21:41Z
mB-bRHVL9xk,Why is this idiot freaking out...HUMANS drive like that all the time,0,2025-06-03T19:14:16Z
mB-bRHVL9xk,Wow this is crazy. I’m literally watching this video at the light where it was taken. I don’t wanna reveal this person specific location but this is in south jersey small world.,3,2025-06-03T16:37:24Z
mB-bRHVL9xk,❤❤❤❤🚗🚗🚗🚗🚗🚗👀,0,2025-05-31T23:35:21Z
mB-bRHVL9xk,BS,0,2025-05-28T18:04:45Z
mB-bRHVL9xk,😂😂😂ha ha ha,0,2025-05-26T09:17:59Z
mB-bRHVL9xk,? what happened? it was trying to stay away from oncomming traffic. pulling to the right at first..it went on green and it yield to cars were not even moving. pro-driving scare amateurs.,33,2025-05-26T06:00:19Z
mB-bRHVL9xk,Love my FSD so much,1,2025-05-26T04:16:07Z
mB-bRHVL9xk,"I can’t see this working with people being able to grab the wheel and mess up the steering of the car, what happens when someone is drunk and they fall on the steering wheel and crash who’s fault is it of the car was in FSD, who closes the door after a passenger doesn’t close it during a robo taxi ride, since their no longer using the the cyber taxi",7,2025-05-22T06:55:10Z
mB-bRHVL9xk,that fake fsd or the older version fsd,0,2025-05-20T08:07:49Z
mB-bRHVL9xk,How did you get games up on the screen while driving? I didn't know that was possible,11,2025-05-17T00:28:43Z
mB-bRHVL9xk,Lina.kyhu,0,2025-05-16T13:51:32Z
mB-bRHVL9xk,I don’t think you even trusted the car a little bit,0,2025-05-15T20:31:47Z
mB-bRHVL9xk,"Yeah, you really need hw4 three people are having accidents in. It only has a 1.3 megapixel cameras so it's low resolution.",0,2025-05-12T22:22:06Z
mB-bRHVL9xk,How,0,2025-05-08T18:59:08Z
mB-bRHVL9xk,😮😮😮😮😮🎉OOOOOOO,0,2025-05-02T12:31:29Z
mB-bRHVL9xk,🤣🤣🤣🤣🤣,1,2025-04-22T12:01:19Z
mB-bRHVL9xk,All his videos are click bate,0,2025-04-18T11:59:15Z
mB-bRHVL9xk,As you push the steering wheel up..,6,2025-04-16T19:44:20Z
mB-bRHVL9xk,"This is just bad understanding of the real truth, almost childish ,",0,2025-04-05T11:56:59Z
mB-bRHVL9xk,?,0,2025-04-01T14:16:07Z
mB-bRHVL9xk,"You are driving a HARDWARE 3 TESLA with OLD FSD version.

Our latest 2026 Tesla Y (Juniper version) with the latest FSD version is WAY BETTER than a human driver, period.",12,2025-04-01T05:12:30Z
mB-bRHVL9xk,You shouldn't play chess while driving,13,2025-03-30T17:38:59Z
mB-bRHVL9xk,Looks like you just pressed accelerate while fsd was on,4,2025-03-28T19:36:17Z
mB-bRHVL9xk,A lot is off with this video and the alarmist title.  How can you have a chess game up on the screen while driving in a Tesla?  That seems impossible ?  It can’t happen in my model Yp,90,2025-03-27T13:01:01Z
mB-bRHVL9xk,😮😮😮😮😮😮😮😮😮,0,2025-03-19T22:44:54Z
mB-bRHVL9xk,Bzbxdn,0,2025-03-15T16:54:19Z
mB-bRHVL9xk,🤣🤣🤣🤣😮,0,2025-03-14T22:17:03Z
mB-bRHVL9xk,اكرهو من يدربو امهو و سيأخذ الله حق هذه الأم,0,2025-03-10T19:52:18Z
mB-bRHVL9xk,tesla.  autopilot,0,2025-03-09T14:35:36Z
mB-bRHVL9xk,😮,0,2025-03-08T15:17:38Z
mB-bRHVL9xk,😂😂😂😂😂😂😂😂😂,0,2025-03-08T14:55:08Z
mB-bRHVL9xk,Окталдвл🤑🤑🤑🤑🤑😶‍🌫️😶‍🌫️😒😒😒,0,2025-03-08T07:49:00Z
mB-bRHVL9xk,"Du bist über rote fahren

😅",0,2025-03-02T15:47:45Z
mB-bRHVL9xk,Jjghud47ğeTKIS247ıffgtuyihhjhjhhhhhhhjhhhhhhyyhhuuyyufyuuuuuujjuhoouohljıjĺjljhhuljkhuuufgiyijjppppiiuu8khhfytýjtigoeoguyo3uouupyuoippo3oo3orroroorororoririroto4ootototototototototototototototoyiyiiyiyoyoyoyoyoyoyoyoyoyoyoyoyoyoyoyoyoyoyoyoyoyoyoyoyoyjgkgkgkgkkgkgkgkgkfkgkgkgkgkgkgkktkgkgkgktkg,0,2025-03-02T08:20:18Z
mB-bRHVL9xk,"This looks like one of the older outdated versions of FSD based on the visualisation. To avoid confusing people, you should probably tell them this. Hope this was helpful.",575,2025-03-01T00:29:39Z
mB-bRHVL9xk,Thewiper,0,2025-02-27T20:06:00Z
mB-bRHVL9xk,Tyibdjsot👻😰,0,2025-02-26T16:49:51Z
mB-bRHVL9xk,The wiper : ☠️☠️☠️,148,2025-02-26T12:41:42Z
mB-bRHVL9xk,╏⁠ ⁠”⁠ ⁠⊚⁠ ͟⁠ʖ⁠ ⁠⊚⁠ ⁠”⁠ ⁠╏,0,2025-02-26T02:05:11Z
mB-bRHVL9xk,you run at red light,11,2025-02-25T03:35:48Z
mB-bRHVL9xk,"Tesla cyberpunk truck are nothing but trash not worth $125,000 dollars",1,2025-02-24T09:17:30Z
mB-bRHVL9xk,Wouldn't the apparent takeover have disabled FSD?  Yet it continued on without you having to re-enable FSD.  Confused by this.,20,2025-02-20T18:18:39Z
mB-bRHVL9xk,"Lmao your too much bro…. Anything for clot, I swear.",16,2025-02-20T11:56:28Z
mB-bRHVL9xk,"Nothing happened, reporting for misleading",14,2025-02-20T02:47:08Z
bEH5gDiESRg,"Our video editor made a mistake with this one, and the original verdict didn’t reflect Mat’s actual thoughts on these cars. We’ve now updated the video to show the correct winner of the test — the Tesla Model Y.

That said, the BYD is still a strong contender! It was a really close comparison, and if you’re after something a bit different from the norm, it could still be the perfect choice for you.

Apologies to Mat — and to all of you — for the confusion and for making this change after the video went live. Thanks for bearing with us!",527,2025-04-18T21:49:31Z
bEH5gDiESRg,"First time I'm seeing this video and it's clear that the Tesla won, it was confirmed on the last sentence of the video. It appears from reading the comments that the video had been altered in the past and it had previouly shown the BYD winning? Otherwise I can't see any reason why you all would think the BYD should/did win this contest as the Tesla was superior in more areas, especially the more critical aspects of driveability, efficency and the charging network.",0,2026-04-29T20:41:00Z
bEH5gDiESRg,"Another brillant video. These two cars are pretty good. My grip with the Tesla has always been it's boring. They are the new Ford, does everything well but not exciting. The exterior looks as dull as dishwater, only the rear light is a nice effect. The exterior and interor of the BYD is superior overall and it seems like a better car to live with, but the truth is the Tesla is the better car all around. It's much better built, has a better software integration and network charging features and more importantly is a little more engaging to drive. But I still would prefer an Audi, Mercedes or BMW to either of these two cars if I'm being honest.",0,2026-04-29T20:19:07Z
bEH5gDiESRg,"That byd is ugly all around, inside and out",0,2026-04-28T04:41:24Z
bEH5gDiESRg,23:20 Cocked up on the editing here as well!,0,2026-04-26T11:29:15Z
bEH5gDiESRg,I paused the video and the Tesla started to drive a spit seconds earlier. So the Tesla had a better driver than the BYD. I think the BYD looks better and better interior than the Tesla.,0,2026-04-26T07:55:05Z
bEH5gDiESRg,"When Matt is talking directly to the camera, how do you know which eye to look at?",0,2026-04-23T13:56:13Z
bEH5gDiESRg,No to Tesla because of Elon Mush!,0,2026-04-23T08:42:14Z
bEH5gDiESRg,The Tesla inside is extremely dull and nowhere near the quality of the BYD. In fact the Tesla is bloody plain awful!,0,2026-04-22T19:02:58Z
bEH5gDiESRg,"@carwow @mat The YT algorithm brought me here today... a year too late, but I would have felt exactly the same way a year ago: Do I like Tesla? Not really. Do I like BYD? See Tesla. Do I like electric cars? See Tesla. Do I like Mat Watson? See... er, just kidding. ;-) 
@3:32 But when I see how you open the door on the Tesla, I wonder if you also use your right arm to signal your intention to turn left when you're riding a bike.

Who on earth opens a car on the left side with their right arm??? It looks so ridiculously wrong!

And whether you close the door by the handle is another question entirely—I actually quite like the idea (better than greasy fingerprints on the window or something).

All the best",0,2026-04-20T17:10:15Z
bEH5gDiESRg,Team Tesla 🙋‍♂,0,2026-04-18T19:56:47Z
bEH5gDiESRg,Would be good to do comparisons on performance whilst monitoring battery usage at the same time ?,0,2026-04-18T09:48:59Z
bEH5gDiESRg,Byd half the price in Australia just buy one there and ship it to the uk,0,2026-04-18T01:00:23Z
bEH5gDiESRg,Interior on Tesla comparing the price tag to BYD is absolutely disaster I mean is disgusting and boring. I drive the BYD Seal excellence 2026 for about 5weeks and is way better then Tesla. It feels more premium  than Tesla.  Off course every car  got some issues and is not perfect. I’ve done over 120k miles in Tesla and I bought BYD seal last month. Best choice I ever made. Stop lying and being an idiot Matt will help you. Just bit of  advise.,0,2026-04-17T22:19:58Z
bEH5gDiESRg,Matt stop playing that idiot sometimes will help you with more likes and subscribers.,0,2026-04-17T21:51:41Z
bEH5gDiESRg,USA USA!!!!,0,2026-04-14T19:03:06Z
bEH5gDiESRg,https://youtu.be/LsnWDs0WzfE?si=3H6m3aM6-PaC2RWU,1,2026-04-14T09:49:49Z
bEH5gDiESRg,Tesla WAY better,1,2026-04-13T17:11:28Z
bEH5gDiESRg,basically if the screen in the tesla is destroyed the car wont work anymore,0,2026-04-13T11:47:32Z
bEH5gDiESRg,Entrambe ottime per lo sfascia carrozze . Che auto per sfigati.,0,2026-04-12T13:20:47Z
bEH5gDiESRg,11:07 u do realise u can just use voice commands right,0,2026-04-12T05:03:41Z
bEH5gDiESRg,3:49 bro u hve to use ur thumb to push it out and then grab the handle in one flow,0,2026-04-12T04:54:11Z
bEH5gDiESRg,"Tesla created the car, china copied it,,,,",1,2026-04-11T23:36:01Z
bEH5gDiESRg,Looks like China is paying to these car reviewers nowadays,1,2026-04-10T22:42:17Z
bEH5gDiESRg,BYD is by far a superior car.,0,2026-04-09T09:37:01Z
bEH5gDiESRg,"you'll be fined in traffic using you phone while driving coz it is not safe and distraction in the road, and amazingly car companies gave you a huge screen that have all the function on the cars in it that you have to navigate while driving. so ingeniously dumb.",0,2026-04-09T04:40:26Z
bEH5gDiESRg,Bullshit you're not a Tesla fan,0,2026-04-07T21:45:41Z
bEH5gDiESRg,Welcome to paid promotion for byd,0,2026-04-05T19:53:45Z
bEH5gDiESRg,Tesla Model Y is made in china~,0,2026-04-04T01:18:39Z
bEH5gDiESRg,Abi sen İçok  seviyorum vidiyola4ıarışahane,0,2026-04-02T05:23:36Z
bEH5gDiESRg,Made in China v Made in China,0,2026-03-30T11:10:50Z
bEH5gDiESRg,British public......do not buy this crap......,1,2026-03-25T18:20:51Z
bEH5gDiESRg,You have lost all credibility with this video. Bye.,0,2026-03-25T06:19:16Z
bEH5gDiESRg,"""BYD is no match for Tesla. They use cheap components while Tesla avoids cutting corners. With parts failing after only a year, BYD is simply ripping off European consumers.""",1,2026-03-25T02:41:40Z
bEH5gDiESRg,Good review. Not sure why people are crying in the comments 😂,0,2026-03-24T23:26:02Z
bEH5gDiESRg,"I'm Matt Watson, and you're watching badwow 😢",0,2026-03-20T17:15:14Z
bEH5gDiESRg,Lol how much did BYD pay you? 😂🤣😂,0,2026-03-17T19:30:20Z
bEH5gDiESRg,i like BYD interior and controls more than Tesla - exterior i like equally - so in total BYD is winner for me,0,2026-03-13T14:14:40Z
bEH5gDiESRg,"I do respect all opinions and I’ll try to be impartial here; I’ll start by saying that I do believe the new Tesla Model Y is indeed the better car and the benchmark, but I still freely chose the BYD Sealion 7. We all have different tastes I guess. I immediately felt in love with the exterior and interior design of the SL7. I like the exterior of the MY, but the interior left me completely cold. I also wanted to have an instrument display and a HUD besides the screen. I love the combined 3D 360 cameras plus zenith and transparent view on the SL7. I have it on at all times. For me it was also extremely important to be able to cover th sunroof for my little one’s naps. I also use Waze all the time which I could not do on the MY. Finally, when I tested both, I hated the one-pedal drive (praised by many) of the MY. So yes… MY it’s more efficient and better SW, but for the use I give to the car, I have no autonomy / charging issues with the SL7 and the SW works just fine (especially the cameras). I also like to have a few more buttons and stalks. Again, different tastes. What matters is what makes you happy!",0,2026-03-12T06:24:58Z
bEH5gDiESRg,Mad tesla fans just can't accept that byd is better than tesla.,0,2026-03-09T10:02:13Z
bEH5gDiESRg,💯 the BYD👍,0,2026-03-05T10:05:23Z
bEH5gDiESRg,BYD is still shite.,0,2026-03-05T04:29:36Z
bEH5gDiESRg,BYD and not even close.,0,2026-03-04T15:35:21Z
bEH5gDiESRg,Where's the race ????,0,2026-02-28T02:35:34Z
bEH5gDiESRg,interior tesla look cheap omg,0,2026-02-26T23:29:54Z
bEH5gDiESRg,BYD ♥️ 👍🙏🏻🇨🇳🚘👋- excellent auto of the world 👌 🌍,0,2026-02-26T05:56:49Z
bEH5gDiESRg,"try make the streering sport & brake to sport in S7, maybe u use the comfrots mode",0,2026-02-22T18:47:56Z
bEH5gDiESRg,"🚗 Euro NCAP et les écrans tactiles : un changement majeur pour la sécurité routière en 2026
https://youtu.be/2lxJI2JCMAI",0,2026-02-22T00:24:25Z
bEH5gDiESRg,This was stupid.  Think this is probably your only review I don't like. Seems like an ad for byd.,0,2026-02-18T12:33:37Z
bEH5gDiESRg,"Sealion looks cheap, but TESLA is just not a good user experience with having to go to screen for everything, that is just not acceptable...",0,2026-02-18T05:52:46Z
bEH5gDiESRg,FIRE THE EDITOR,0,2026-02-17T20:37:23Z
bEH5gDiESRg,Teslas tech is a LOT better it has games YouTube Disney and inbuilt Spotify if you get premium connectivity,0,2026-02-17T20:36:17Z
bEH5gDiESRg,It is half price for BYD Sealion in China,0,2026-02-17T13:43:57Z
bEH5gDiESRg,"Worlds most biased car reviewer, he would be easily replaced, just retire",0,2026-02-15T11:53:49Z
bEH5gDiESRg,TESLA model Y is great ❤,0,2026-02-14T12:56:33Z
bEH5gDiESRg,Tesla o porcarie de masina inauntru fata de byd,0,2026-02-14T09:03:22Z
bEH5gDiESRg,"Price wise Tesla was cheaper and performance wise better,",0,2026-02-13T16:04:06Z
bEH5gDiESRg,"I thought the BYD was better. The interior of the Tesla is such a big negative, whereas in all other categories it is much of muchness. Physical switchgear, buttons, better seats and materials, more rear passenger width. The drive would only be the thing that worries me about the BYD. Exterior is subjective, the BYD looks more modern.",0,2026-02-13T11:44:24Z
bEH5gDiESRg,Whichever is cheaper wins.,0,2026-02-08T17:18:14Z
bEH5gDiESRg,BYD.,0,2026-02-05T08:28:36Z
bEH5gDiESRg,and the verdict is.. 1964 ford mustang gt500,0,2026-02-04T22:11:14Z
bEH5gDiESRg,"@18:00 carwow is trying to traffick humans 😂😂😢.. 
 Nick and Jack are the victims.",0,2026-02-02T15:02:58Z
bEH5gDiESRg,Which one is more likely to catch fire while charging and kill you?,0,2026-01-30T23:26:40Z
bEH5gDiESRg,Carwow is supporting tesla but here byd is far better in exterior and interior design and features,0,2026-01-30T06:08:24Z
bEH5gDiESRg,That Tesla is just stupid to operate you can't find anything it's all done from the screen and very annoying.,0,2026-01-29T05:26:00Z
bEH5gDiESRg,The new byd look like a cypertruck that aged and got stunged my a bee,0,2026-01-28T21:49:47Z
bEH5gDiESRg,"Still aint buying byd since they are new (in our country in this case) if I don't see any reports or issues in the internet enough to become more of a liability(costly and time consuming issues). In the tesla other hand, the same but there are good reviews yet expensive(except the rwd option), unlike in US, Tesla here came from china(same as byd). But who cares I'll just wait and marinate both of them.",0,2026-01-27T00:22:45Z
bEH5gDiESRg,"Tesla is for neurodivergent drivers 😅
Underdeveloped will endlessly hate it 😉",0,2026-01-25T23:04:10Z
bEH5gDiESRg,Byd is costly because of high tax in many western countries 😂,1,2026-01-25T07:35:22Z
bEH5gDiESRg,为什么这个比亚迪这么贵啊，在中国，这个车型也就15万人民币左右，大概不足20000英镑。,0,2026-01-22T17:46:43Z
bEH5gDiESRg,Give me a Tesla any day.,0,2026-01-18T22:15:45Z
bEH5gDiESRg,I liked BYD,0,2026-01-18T12:09:53Z
bEH5gDiESRg,BYD lost me when i saw the massive weight!,0,2026-01-18T09:07:26Z
bEH5gDiESRg,"I feel like your just opening the door with the wrong hand, who approaches the passenger door and opens it with their right hand. You use your left hand for the passenger side, and the right for the drivers",0,2026-01-17T16:22:25Z
bEH5gDiESRg,Editing top tier on this vid well done!,0,2026-01-17T11:50:59Z
bEH5gDiESRg,Bee was still alive,0,2026-01-17T08:12:25Z
bEH5gDiESRg,This guy doesn’t know how to operate doors. He’s proficient with bicycles’ doors 😃,0,2026-01-17T02:29:03Z
bEH5gDiESRg,"Ha ha, try search for dog mode on Tesla😂😂😂",0,2026-01-16T23:41:16Z
bEH5gDiESRg,Test it in a Cold winter please.,1,2026-01-16T12:27:53Z
bEH5gDiESRg,Tell us you dislike tesla without telling us you dislike tesla Matt. You were quite biased.,1,2026-01-12T06:59:41Z
bEH5gDiESRg,"Bro is just inserting personal preferrences
Show should be called I am paid by BYD",1,2026-01-10T14:32:48Z
bEH5gDiESRg,Tesla: Quality >>>>>>>>>>>Quantity,0,2026-01-07T21:15:17Z
bEH5gDiESRg,$$$,0,2026-01-06T05:39:58Z
bEH5gDiESRg,you like comparing an iphone and android,0,2026-01-05T15:55:14Z
bEH5gDiESRg,when you drive or seat in byd it feels cheaper vs tesla.,0,2026-01-05T15:54:56Z
bEH5gDiESRg,Tesla is ugly as f. S7 ftw,1,2026-01-03T04:30:29Z
bEH5gDiESRg,"It seems that Matt is very arrogant person, fake as f**k.",0,2025-12-31T06:23:13Z
bEH5gDiESRg,"Whether BYD or Tesla, all made in China, all Chinese technology, same same but different",0,2025-12-30T18:07:40Z
bEH5gDiESRg,Biased tesla,0,2025-12-30T05:48:39Z
bEH5gDiESRg,That is exactly where the plate belongs on the bumper,0,2025-12-28T17:59:18Z
bEH5gDiESRg,Fake vents on an EV is next level,0,2025-12-28T14:44:46Z
bEH5gDiESRg,"Maybe BYD is worse in any comparison, but I would buy it anyway. I simply hate voice comands and absence of all psysical commands in Tesla. And I really thing all Teslas are terrible looking cars. That's it.",0,2025-12-22T22:29:26Z
bEH5gDiESRg,Just the faschist  owner of Tesla would never make me buy a Swasticar. Musk continues supporting the European European ultra right. Keep this in mind.,2,2025-12-19T05:13:39Z
bEH5gDiESRg,Could never buy a car with such a stupid brand/model name - BYD,0,2025-12-16T23:44:48Z
bEH5gDiESRg,"Sorry Matt, but only idiots opens doors on left side by right hand.. If you try it by left, thumb would by in right possition to press door handle and rest of fingers pull doors. On the other side of the car it is opposite. Your trying to close the door is just looking for something to point againts Tesla. Not proffesional work at all. Not objective.",0,2025-12-15T08:11:14Z
bEH5gDiESRg,"Tesla wins this test, but loses everywhere else because the company is owned by fElon Muskovite.",1,2025-12-13T11:38:49Z
bEH5gDiESRg,"Tesla seems a better option, support having in mind that is a global best seller, BYD is not good at all for aftersales.",0,2025-12-12T21:27:34Z
bEH5gDiESRg,People just mad about China making better cars. Ridiculous.,1,2025-12-12T05:22:15Z
bEH5gDiESRg,"Matt, it’s stupidly review and comparison! Comparing the flagship electric car with Chinese consumer goods is ridiculous 😂",0,2025-12-11T09:11:48Z
bEH5gDiESRg,BYD sealion sell in china about £20000 to £25000 ，The price difference between the two is too great,0,2025-12-10T10:44:27Z
L3oO510dyVI,I expected a car review and I got poetry,0,2026-04-30T16:29:45Z
L3oO510dyVI,Sums up my thoughts as well! 👌😂,0,2026-04-30T15:51:31Z
L3oO510dyVI,"This car is a fucking movie prop. Elon Musk wanted to make a collectible, like the DeLorean or one of those hyper-specific showcase cars that can breach 200 kilometers per hour or have an engine that runs off hydrogen. He wanted something that people make video essays about how cool it is, that people put in their garages to sit around and show off because it's cool. He wanted so bad for the cybertruck to be cool and it's embarrassing. It's in the name, it's in the branding, it's in all of its pathetic marketing strategies. The only reason it doesn't have a Cyberpunk sponsorship and doesn't use the font is because the one thing CD Projekt Red has going for them is that they're too smart and polish to be the kind of sphincter-sucking sycophant that Elon engages with on a day-to-day basis.

The cybertruck is not a fucking DeLorean because it isn't cool. It's embarrassing. None of its 'features' are noteworthy and nobody wants to show them off. Every unique thing it tries to do is humiliating, dangerous or fails the moment anyone tries to give it a shot (read the multiple times its 'bulletproof' glass shattered on impact from people standing on or throwing sledgehammers at it.) There's nothing to show off except that it's a cybertruck so no enthusiast wants one the same way nobody keeps a fucking Pinto in their multi-floor elevated garage. It wouldn't even be that hard to make it cool! There's so much stupid bullshit you could cram into this to make the average redditor soypoint at it but Elon didn't bother because, unlike the DeLorean, Marty McFly wouldn't be caught dead in this thing. This is a Biff Tannen truck, and Biff doesn't want to impress anyone except himself. This is a movie prop for a movie that doesn't exist. This isn't the Back to the Future car because its inventor is incapable of any kind of forward thinking. This is the car from Back to the Nothing.",0,2026-04-30T15:35:07Z
L3oO510dyVI,"As a European, i love that the Cybertruck is not street-legal in the EU, and i therefore will never have to encounter one on the road",0,2026-04-30T15:22:48Z
L3oO510dyVI,Best final line of any review.,0,2026-04-30T15:22:37Z
L3oO510dyVI,"When I see animal shit on a hiking trail I take a photo and send it to my friends with a caption ""so I guess people are just Parking Cyber Trucks on trails now?""
It's petty, and only for a small few people...but it makes me feel better",0,2026-04-30T15:17:19Z
L3oO510dyVI,Maverick: the cybertruck for actual truck users.,0,2026-04-30T15:05:03Z
L3oO510dyVI,I saw a cybertruck wayyy out in the toolies in rural SK.  My first thought was how will he get home?  Those things don't have the range to go out here. 😂. Do a review on Denali.  😂,0,2026-04-30T14:56:27Z
L3oO510dyVI,Shoutout insulting RMTing in Marathon what a wild pull. We meet at Hauler yet?,0,2026-04-30T14:47:37Z
L3oO510dyVI,"So many good one-liners. I want to be the human incarnation of this video. Not the hater we deserve, but the hater we need.",0,2026-04-30T14:44:10Z
L3oO510dyVI,i still think it looks too much like a PS1 asset,0,2026-04-30T14:30:05Z
L3oO510dyVI,Accurate.,1,2026-04-30T14:29:55Z
L3oO510dyVI,I'm dying at the fact that your cybertruck owner voice sounds exactly like Ben Shapiro 😅,0,2026-04-30T14:29:11Z
L3oO510dyVI,This is a masterpiece.,0,2026-04-30T14:24:57Z
L3oO510dyVI,wait so does he like it or not?,0,2026-04-30T14:24:35Z
L3oO510dyVI,I like the Fiat Multipla. It's ugly AF but I still love it. It's amazing that something actually looks worse parked next to it.,0,2026-04-30T14:11:14Z
L3oO510dyVI,"You earned a subscriber, well done sir",0,2026-04-30T13:21:44Z
L3oO510dyVI,Within the first 30 seconds you already came off as extremely obnoxious,0,2026-04-30T13:00:57Z
L3oO510dyVI,Why do the seats look like gamer chairs bought at a 60% markdown from Amazon,0,2026-04-30T12:13:35Z
L3oO510dyVI,This is a car for the type of people who'd look at Deep driving it and unironically think he's cool and buy one too,0,2026-04-30T11:43:33Z
L3oO510dyVI,"If you merely check actual driver reviews you will see this truck isn't as fake as your Mom driving a Jeep or you riding your Harley and people LOVE it proven by they sold out recently when the price was temporarily lowered.  The fact it is quicker than Hades (and whatever you drive), 100% clean, doesn't require proxy wars or invasions of Venezuela to fuel it, drive by wire, 4 wheel steering, OTS updates, quieter than a Mercedes with a better ride and seats and puts thousands of dollars into your pocket every year just by not needing gas is just the EXTRA jimmies .",0,2026-04-30T11:27:36Z
L3oO510dyVI,12:57 is that a Multipla? It looks like a Multipla. Looks beautiful next to this thing.,0,2026-04-30T10:06:03Z
L3oO510dyVI,"Clicked for curiosity, stayed for the rant, subbed.",0,2026-04-30T09:14:40Z
L3oO510dyVI,Elons solution for a problem he made up.,0,2026-04-30T05:54:05Z
L3oO510dyVI,Evert single line on this video is an absolute banger.,0,2026-04-30T04:56:29Z
L3oO510dyVI,I'm such an a'hole that I might get two Cybertrucks.,0,2026-04-30T04:23:04Z
L3oO510dyVI,absolute bars. you're a genuinely gifted Hater.,0,2026-04-30T03:30:35Z
L3oO510dyVI,This rivals the PT Cruiser review.,0,2026-04-30T03:16:00Z
L3oO510dyVI,Cybertruck bears the same cultural significance as H1. It's a big FU machine and your tantrums just feed it.,0,2026-04-30T01:24:26Z
L3oO510dyVI,Holy shit 😂,0,2026-04-30T01:11:36Z
L3oO510dyVI,"8:28 seeing this feels like a Hollywood action movie to me, because you usually don't see big American cars like this in Europe. Although, we do have our own stupid SUVs now...",0,2026-04-30T01:09:47Z
L3oO510dyVI,This is art.,0,2026-04-30T01:07:57Z
L3oO510dyVI,What the hell is this video?! 😂😂😂❤,0,2026-04-30T00:48:13Z
L3oO510dyVI,Helldivers?,0,2026-04-29T23:42:13Z
L3oO510dyVI,REally?  It has speakers on the ouside?,0,2026-04-29T22:29:22Z
L3oO510dyVI,I flip off every single cybertruck I see. I will never stop doing it.,2,2026-04-29T22:05:54Z
L3oO510dyVI,"Its mass is distributed awkwardly, like a misshapen toolbox. Which would’ve been a good alternative name for this, for a variety of reasons. 😂😂😂",1,2026-04-29T22:02:45Z
L3oO510dyVI,"I do not have the skills to properly express how much I appreciate, or resonate with, or whatever fucking thing you are supposed to say for other people to know how much good this video is.",0,2026-04-29T21:56:11Z
L3oO510dyVI,Elon thinks The Homer was a good looking car too.,0,2026-04-29T21:34:29Z
L3oO510dyVI,I'd be embarrassed driving that. Even for content.,0,2026-04-29T21:06:53Z
L3oO510dyVI,This is the most beautiful take down I have ever heard. It's like poetry for the masses.,2,2026-04-29T20:37:35Z
L3oO510dyVI,"No one talking about samus carjacking the crazy taxi!? I know every line of this is a trove of treasure, but that was a wild gem",1,2026-04-29T20:23:53Z
L3oO510dyVI,this is the Snow Crash of car reviews. 👌,1,2026-04-29T20:08:51Z
L3oO510dyVI,"""Fisher-Price Brutalism""
Damn, dude! I'm pretty sure MURDER is illegal in these parts!",3,2026-04-29T19:49:44Z
L3oO510dyVI,A stainless steel bathroom stall at Terminal C in PHL would like a word with you.,0,2026-04-29T19:46:44Z
L3oO510dyVI,I'm sure there's decent people that drive Teslas. I just never met one. And never will.,1,2026-04-29T19:40:53Z
L3oO510dyVI,The car that only plays totally non political podcasts that are very political,1,2026-04-29T19:34:03Z
L3oO510dyVI,"I went through the whole video holding onto that idea of ""it's a car that doesn't want to drive *people*"" before I remembered they LITERALLY made it self-driving and that was like one of the biggest things for people at the time",1,2026-04-29T19:02:14Z
L3oO510dyVI,Flipping down the visor to reveal more window behind it was art,1,2026-04-29T18:15:25Z
L3oO510dyVI,The part about the prelude was the best part cyber truck review,0,2026-04-29T18:11:15Z
L3oO510dyVI,Holy shit I haven’t seen one of your videos in like 5-6 YEARS. God I missed this.,1,2026-04-29T17:38:11Z
L3oO510dyVI,How many times did you get flipped off during your test drives? One of them was definitely me. Sorry not sorry.,1,2026-04-29T17:34:43Z
L3oO510dyVI,Is there a vehicle that you would call the anti-Cybertruck?,0,2026-04-29T17:31:51Z
L3oO510dyVI,"“Driven by people who, as children, spent every recess standing right next to the teacher”. JFC that’s gold. I’ve seen a lot of videos of people clowning Tesla, Cybertrucks and Cybertruck owners, but this is one is by far the best.",1,2026-04-29T17:30:37Z
L3oO510dyVI,"NGL, I’ve never watched any vids from this channel before this one. But every once in a while YouTube recommends a video that you actually wanted to see. THIS is one of those times. I’ve seen some great reviews and great comedy on this site. And they’re usually not both in the same video. But this one is the perfect mix of BOTH! Definitely subscribing now.",2,2026-04-29T17:27:56Z
L3oO510dyVI,You can’t make the video this fucking funny dude I am giggling at work 😭 I live in a city with *way* too many of these motorized dumpsters - very therapeutic video.,1,2026-04-29T17:19:54Z
L3oO510dyVI,this is a nice video if it was put out anytime after the truck came out not 2 freaking weeks ago lol,3,2026-04-29T17:15:17Z
L3oO510dyVI,"Losers! I own $1.6m TSLA, and that is <2% of my portfolio boys. It's a long term hold. Have GTC+EXT buy order in at $367/share for another 150 shares. Get your momma to take out a HELOC and short the stock here. 😂",0,2026-04-29T16:47:49Z
L3oO510dyVI,Outstanding.,0,2026-04-29T16:40:05Z
L3oO510dyVI,Chef's kiss,0,2026-04-29T16:29:10Z
L3oO510dyVI,The only time I saw a coffintruck in person was when I was moving out of southern Oregon to the east coast. Felt like a good sign for leaving. 😂,0,2026-04-29T15:57:17Z
L3oO510dyVI,"I also flip off and insult every cyber truck I come across. I have cards that say you parked like an asshole, and anytime I see one parked I place one on there since any way a cyber truck is parked, it's parked like an asshole. Since the person driving it is an asshole",2,2026-04-29T15:41:02Z
L3oO510dyVI,The writing on this video is incredible!,0,2026-04-29T15:13:26Z
L3oO510dyVI,That is how you get a sub,1,2026-04-29T14:58:08Z
L3oO510dyVI,I'm so happy this video exists. Most reviews try to be optimistic or don't touch on what it represents.,0,2026-04-29T14:57:50Z
L3oO510dyVI,"The first time I saw a Cybertruck on the road, I laughed SO HARD I almost veered out of my lane. I think I drew something like it in the 1st grade.",0,2026-04-29T14:48:58Z
L3oO510dyVI,The Frigidaire logo on the back is what finally got me. It just needs a sticker of a raccoon.,0,2026-04-29T14:46:49Z
L3oO510dyVI,11:55  wait so when you pull the visor down it just exposes more window? That sounds like a nightmare driving into the sun. What a stupid idea.,0,2026-04-29T14:45:34Z
L3oO510dyVI,"""Fisher Price brutalism"" caught me off guard, but it's really apt.",0,2026-04-29T13:43:34Z
L3oO510dyVI,The cyber truck is a laptop pretending to be a car,0,2026-04-29T13:31:39Z
L3oO510dyVI,"this is a good video, the first in a long time.
its because you actually have something to say.",0,2026-04-29T13:25:53Z
L3oO510dyVI,"10:16 so do we wanna talk about Futurism as an ideology’s ties to Italian fascism, because that makes this comment about 10 times more ironic",1,2026-04-29T10:39:45Z
L3oO510dyVI,"Tesla Cybertruck, the official car of: People who feel the need to 'win' car crashes.",0,2026-04-29T09:48:20Z
L3oO510dyVI,"""Bootlicker"" dam right 😂",0,2026-04-29T08:59:02Z
L3oO510dyVI,I’m only 6 minutes in and this is the best car review I’ve ever seen.,0,2026-04-29T08:11:59Z
L3oO510dyVI,"Now that's just unfair bullying.
I don't think you can buy gold shields in Marathon.",1,2026-04-29T08:05:14Z
L3oO510dyVI,"I used to be interested in CT articles but TBH I don't really notice the truck any longer. It's like, just another vehicle on the road.",0,2026-04-29T06:49:42Z
L3oO510dyVI,This deserves to go viral. Heck fuck that we need it to go viral.,0,2026-04-29T05:00:44Z
L3oO510dyVI,The Musk stans will never step out of their comfort bubble...,1,2026-04-29T00:53:44Z
L3oO510dyVI,"Whoa, this video is legit poetry.",0,2026-04-29T00:47:19Z
L3oO510dyVI,"Wow you're so brave to speak your truth, queen. Go off.",0,2026-04-28T23:52:01Z
L3oO510dyVI,It looks like something a middle school kid drew in there notebook when they were board in History class.,0,2026-04-28T23:11:08Z
L3oO510dyVI,"Damn, not Marathon catching strays",0,2026-04-28T21:40:01Z
L3oO510dyVI,Whenever I see the tires on one of these things turn all I can think is 'Is this a... toy?',0,2026-04-28T21:20:05Z
L3oO510dyVI,"17:20 the Cybertruck pictured next to an actually good misunderstood car, Fiat get a bad name that it doesn't deserve... at times....",1,2026-04-28T20:56:47Z
L3oO510dyVI,bro this entire video is just BARS do you write music or smth hoooly shi xd,0,2026-04-28T20:55:37Z
L3oO510dyVI,This video is a masterpiece. How tf are there not 100x views,0,2026-04-28T20:40:05Z
L3oO510dyVI,I love you Mr Regular,0,2026-04-28T20:38:25Z
L3oO510dyVI,"This reminds me of Ebert's ""I hated, hated, hated this movie.""",0,2026-04-28T20:38:18Z
L3oO510dyVI,Absolutely accurate rendering of a rolling refrigerator....as is the craniums of the drivers of these metal homunculi.,0,2026-04-28T20:35:08Z
L3oO510dyVI,I love all the companies that have these wrapped as one off fleet vehicles now. It's like the bougie owner bought it for personal use then realized it sucked and wrote it off as a business expense.,0,2026-04-28T20:22:47Z
L3oO510dyVI,I always flip off cybertrucks,1,2026-04-28T20:02:43Z
L3oO510dyVI,"Ah, yes, the Torment Lexus.",1,2026-04-28T19:48:42Z
L3oO510dyVI,You were driving it in the wrong lane. Gotta be in the passing lane going under the speed limit.,0,2026-04-28T19:48:07Z
L3oO510dyVI,"NGL kinda wish the starfox 64 polygon car wasn't made by 1939 volkswagen, I totally fuck with how ugly it is",0,2026-04-28T19:21:25Z
L3oO510dyVI,9:40 😂,1,2026-04-28T19:13:49Z
L3oO510dyVI,I threw up scrolling past the thumbnail,0,2026-04-28T19:07:57Z
L3oO510dyVI,"""A Tesla Model S driver can pry off the T on the back of the car and replace it with Audi rings, or an Acura badge...and hide like a xenomorph among sheep.""

Bravo sir, bravo.",1,2026-04-28T19:06:34Z
L3oO510dyVI,💯,0,2026-04-28T18:42:54Z
L3oO510dyVI,So many quotable quotes! You deserve a comment,0,2026-04-28T18:06:32Z
L3oO510dyVI,lol,0,2026-04-28T17:50:24Z
L3oO510dyVI,I don't think he likes it,0,2026-04-28T17:50:18Z
L3oO510dyVI,Tesla Cybertruck: The Israel of cars,2,2026-04-28T17:50:10Z
L3oO510dyVI,"“Buy Gold Shields on Marathon”

Damn I felt that in my bones.",0,2026-04-28T17:45:22Z
L3oO510dyVI,This is brilliant!! Thanks Dudes!! ..,0,2026-04-28T16:59:20Z
L3oO510dyVI,"I remember when the first No Kings Protest was going on and every single Cyber Truck I saw had a sticker saying ""I promise, I preordered this car before Musk came out as a Nazi""",0,2026-04-28T16:50:16Z
L3oO510dyVI,"My first thought upon seeing the Cybertruck was: ""The SNES Starfox had more complicated geometries. This is so low rez you could probably render it on a Commadore 64.""",0,2026-04-28T16:23:02Z
L3oO510dyVI,its even more horrific in person - neighbor has one and every sentence in this review is accurate - so embarrassing,0,2026-04-28T16:09:43Z
L3oO510dyVI,"Drive by Wire is my favorite feature of the CyberTruck. It incapacitates the entire design philosophy of the vehicle. It’s there because it sounded cool in the designers head and no consideration was given to how it makes the end product worse, heavier and more complex than a traditional steering system",0,2026-04-28T15:55:20Z
L3oO510dyVI,Twitter has always been a cesspool. Now it's just more of a free speech cesspool,0,2026-04-28T15:25:54Z
L3oO510dyVI,"**IF** i were gifted a cybertruck - ther first thing i would swap out would be that square steering wheel for a round one. ""Gifted"", because im not a moron to buy an electric car. Not in the state its currently in.",0,2026-04-28T15:17:12Z
L3oO510dyVI,"cybertruck exterior: tarnished
cybertruck interior: maidenless",1,2026-04-28T15:10:55Z
L3oO510dyVI,Wankpanzer!,0,2026-04-28T15:02:07Z
L3oO510dyVI,Incredible. Thank you for channeling your hatred into entertainment.,0,2026-04-28T14:35:13Z
L3oO510dyVI,All the scathing witticism couldn't outdo 17:19. Parking this aberration next to a Multipla and having the Fiat be the more desirable car is as effortless as it is masterful.,1,2026-04-28T14:29:00Z
L3oO510dyVI,I probably wouldn't drive my Dodge if everybody else thought it was a political statement.,0,2026-04-28T14:16:46Z
L3oO510dyVI,"My company has one - it's always dying, so we have to run an extension cord to recharge it enough to move it around (when it's not at the service center). The A-pillar absolutely blocks out traffic coming from the left, which is very unnerving. The worst part of it all is people seeing you while you're driving it. Embarrassing.",2,2026-04-28T13:58:22Z
L3oO510dyVI,A car for people who weren't bullied enough in school.,1,2026-04-28T13:29:14Z
L3oO510dyVI,Shame tints cost extra.,1,2026-04-28T13:27:32Z
L3oO510dyVI,The first time my wife saw a cyber truck in real life she gasped and then whispered to me “perverts drive those.”,2,2026-04-28T13:16:12Z
L3oO510dyVI,u sound like you have jowls,0,2026-04-28T13:11:59Z
L3oO510dyVI,"cool review, but where the hell can I buy the crazy taxi?",0,2026-04-28T12:10:50Z
L3oO510dyVI,This is art,0,2026-04-28T11:29:31Z
L3oO510dyVI,"1:22 best metaphor. Those people, will not be bothered by us, until we crush the endless corporate profit system. 
Change WILL happen. TOP down.",1,2026-04-28T10:29:46Z
L3oO510dyVI,"As someone who lives pretty close to the ambler septa station, the intro definitely psyched me the hell out",0,2026-04-28T10:23:04Z
L3oO510dyVI,"Eighteen and a half minutes of roasting brilliance. Truly inspired. Thank you for subjecting yourself to this for the sake of others, and I'm so glad the deathtrap didn't immolate you in your brief tangle with it.

I don't know how anyone can take Elon seriously when he threw out the aerodynamic research of a century's worth of engineering and instead made a vehicle that looks like he couldn't find his vegetable peeler so he peeled a potato with a knife.",1,2026-04-28T05:19:31Z
L3oO510dyVI,The intro was so unfunny that I unsubscribed,0,2026-04-28T04:04:08Z
L3oO510dyVI,"11:51. wait, so you lower the sun visor and then the sun blasts you from above it?!",1,2026-04-28T01:08:38Z
L3oO510dyVI,Damn this goes hard like an Olbermann SportsCenter monologue! 👏,0,2026-04-28T00:59:45Z
L3oO510dyVI,If AI slop was a car.,2,2026-04-27T22:51:38Z
L3oO510dyVI,Oh God have mercy 😂😂😂,1,2026-04-27T22:51:15Z
L3oO510dyVI,"Incredibly well written review.  Your pointed dry wit is breathtaking.  A better, more laser-etched, funny and intelligently brutal review of the Cyber truck does not exist and never will.  Bravo.",1,2026-04-27T22:44:02Z
L3oO510dyVI,"There is a lot of stigma surrounding Cybertrucks. I still like, looking at, them because they remind me of the low polygon model tanks from the 1991 game Spectre.",0,2026-04-27T22:34:24Z
L3oO510dyVI,Strong Mad Men pitch meeting vibes,0,2026-04-27T22:26:46Z
L3oO510dyVI,17:53 omg there's literally one in my neighborhood that has pictures of the family dog a la amateur scrapbooking wrapped all over it,0,2026-04-27T22:12:06Z
L3oO510dyVI,"""Fisher price brutalism"" is what really got me, though all your other metaphors were great as well",2,2026-04-27T21:25:48Z
L3oO510dyVI,This review deserves a Peabody award,3,2026-04-27T21:17:37Z
L3oO510dyVI,1:08 YO!,1,2026-04-27T21:02:48Z
L3oO510dyVI,"I'm getting some Elephant Graveyard vibes, it's a compliment. Love the audio and unique description of this heap of garbage.",0,2026-04-27T20:33:04Z
L3oO510dyVI,The only vehicle I’ve ever known to make me angry for no apparent reason every time I see one,2,2026-04-27T20:32:16Z
L3oO510dyVI,Fantastic dismantling of this sh*t vehicle! 👌,3,2026-04-27T19:41:30Z
L3oO510dyVI,"Greatest thing to happen on my birthday this past week was me and my friends all going “EWWWW” and laughing at a parked Tesla with a transformer sticker on the front there was a person in there, I hope they felt like the moron they are. Maybe transform into a better person. Idiot.",3,2026-04-27T17:26:18Z
L3oO510dyVI,"Incredible review, super funny.",1,2026-04-27T17:14:17Z
L3oO510dyVI,Fitting for a 3D printing bro to also be a cybertruck bro. 😂,1,2026-04-27T16:59:04Z
L3oO510dyVI,Sound like Ben Shapiro lol,0,2026-04-27T16:48:50Z
L3oO510dyVI,14:44 what a surprisingly good ben shapiro impression,2,2026-04-27T16:40:36Z
L3oO510dyVI,Incredible.,0,2026-04-27T16:33:55Z
L3oO510dyVI,"Just kind of a fun fact: it somehow has more fire-fatalities per unit than the  Pinto, but that's not many people because it sold less than the Edsel.",2,2026-04-27T16:18:29Z
L3oO510dyVI,"09:53 Flipping off other cybertruck motorists was awesome, I lol'd.",7,2026-04-27T16:15:48Z
L3oO510dyVI,damn.,0,2026-04-27T16:05:20Z
L3oO510dyVI,gooowd that thing is still soooo ugly,1,2026-04-27T15:53:31Z
L3oO510dyVI,Omg no tie down spots in the bed? Who designed this?  Feed them to a volcano,1,2026-04-27T15:32:50Z
L3oO510dyVI,I live in West Philly and there is a total of one (1) cybertruk owner in the surrounding 10 or 15 square block radius (I walk it 2 times a day with my dog). The owner is a Jamaican guy who runs a corner store. Sometimes you'll see him unloading a couple crates of beer from the back - about the payload it can handle. One morning somebody had taken a crayon and drew a swastika on it. Poor dude probably got some sort of crazy deal and had no idea what he was in for.,1,2026-04-27T14:34:22Z
L3oO510dyVI,"Wait, so, the flap thing you flip down to stop the sun from blinding you... It opens up more window for the sun to blind you? Wtf? I guess this is a truck for people who wear their sunglasses even indoors, as they don't want others to see the fear in their eyes when they detect the slightest hint of melanin, but come on.",1,2026-04-27T14:17:26Z
L3oO510dyVI,"Thank you! Living in Texas, I think my poor “live and let live” husband has given up on ever having a day when I didn’t point out the window and say “look at that ugly piece of sh!t”. Now at least I’ll be able to entertain him with your more Shakespearean level of commentary 😄",1,2026-04-27T13:52:04Z
L3oO510dyVI,"It’s ugly, not good for anything and obviously the only vehicle musk had a hand in helping design 😂",2,2026-04-27T13:42:14Z
L3oO510dyVI,I just drove up the entire east coast on i95. Did not see a single cybertruk. Even the ppl who pretended to like them sold them,0,2026-04-27T13:10:37Z
L3oO510dyVI,Cortisol levels: spiked,0,2026-04-27T11:30:32Z
L3oO510dyVI,I am reposting this video to BlueSky. 🦋,1,2026-04-27T11:29:21Z
L3oO510dyVI,Mechanical isolation is disgusting to me. You are not refining the machine by taking away feedback. You are ball-gagging it so it can't communicate with me.,1,2026-04-27T11:13:52Z
L3oO510dyVI,"Yes, but why did Samus Aran steal your Crazy Taxi?? 🤔",1,2026-04-27T08:04:42Z
L3oO510dyVI,I want to affix a QR code linking to this video to every single one of these godforsaken things.,1,2026-04-27T03:58:44Z
L3oO510dyVI,bro if you spend money for people to drop you gold shit in marathon you need to get hit by a cybertruck,2,2026-04-27T01:29:54Z
L3oO510dyVI,"""I'm gonna own the libs and buy this POS""",3,2026-04-27T00:06:50Z
L3oO510dyVI,the helldivers line was pure bliss,4,2026-04-27T00:05:17Z
L3oO510dyVI,Bravo. 👏,0,2026-04-26T22:45:46Z
L3oO510dyVI,Anyone else notice how the obnoxiously large windshield wiper only covers the driver's side? I wonder what Tesla is trying to say with that very intentional design choice?,1,2026-04-26T22:16:52Z
L3oO510dyVI,"I love the Eric Cartman-ish delivery of the Cybertruck owner.

“I DrIvE a TeSlA CyBeRtRuCk!!!”",0,2026-04-26T20:31:55Z
L3oO510dyVI,So tell us what you really think man!,0,2026-04-26T18:54:16Z
L3oO510dyVI,Can a YouTube video review of a mass produced vehicle also be a poem about dystopia? The answer is apparently yes.,1,2026-04-26T18:43:08Z
L3oO510dyVI,"JEEZ, this is the most scathing video you've EVER made. It is absolutely relentless. It's actually scary LOL",0,2026-04-26T18:42:42Z
L3oO510dyVI,The Belle Delphine reference is crazy!,0,2026-04-26T18:11:41Z
L3oO510dyVI,Is it just me or is Pennsylvania rapidly becoming the Florida of the Northeast?,1,2026-04-26T17:44:16Z
L3oO510dyVI,I've been poor and broke my whole life and I've driven only hoopties but if I had the money to buy a Cyber truck I wouldn't but if I was could buy one for 40 or 30 grand I 100% would and I would love it 😅,0,2026-04-26T17:25:31Z
L3oO510dyVI,"An upstairs neighbor with a downstairs sex life is such a good saying, and i wish that didn't accurately describe my upstairs neighbor :')",0,2026-04-26T17:02:16Z
L3oO510dyVI,"A defense so small it should damn the whole vehicle that this is my defense: the turn signal being on the wheel is basically fine; you should be signalling long enough before a turn that your wheel isn't being twisted. The problem's moreso that the turn signal needs to be a very reliable lever in general, and not... whatever the fuck scrollball the wheel has.
Honestly amazed you didn't comment on the SCROLL BALL",0,2026-04-26T15:50:01Z
L3oO510dyVI,1:06 MARATHON REFERENCED ARACHNE NEEDS YOU TO SKIN ONE BILLION RUNNERS,3,2026-04-26T15:28:30Z
L3oO510dyVI,I would rather be driving a Pontiac Aztek... It is far more attractive and useful than this. RIP Pontiac.,1,2026-04-26T15:18:28Z
L3oO510dyVI,"I once found a cybertruck very helpful. I was going to the dump and somewhere else, but I forgot about the dump due to good car conversation. However I saw a hero, some idiot in a cybertruck helped remind me with its dumpster shaped body, and sub-dumpster build quality, that we needed to go to the dump",0,2026-04-26T15:17:55Z
L3oO510dyVI,This is an amazing vehicle and you are coping,0,2026-04-26T14:54:09Z
L3oO510dyVI,Elon has always been openly crazy.,1,2026-04-26T14:47:15Z
L3oO510dyVI,Thank you. I never need to mention the IncEl Camino again. You've said it all with far more flair and vitriol. I'm free.,0,2026-04-26T14:40:19Z
L3oO510dyVI,😂😂😂😂,0,2026-04-26T14:15:51Z
L3oO510dyVI,"If the ghost of Hunter S. Thompson did a car review, this would be it. Bravo!",1,2026-04-26T14:12:27Z
L3oO510dyVI,"As Frenchy from The Boys put it, “it’s the entourage of cars”",0,2026-04-26T12:23:54Z
L3oO510dyVI,I wish I could come up with all spiteful words as good as yours.,1,2026-04-26T10:29:26Z
L3oO510dyVI,"Worse than that - all the Musk Cult pre-orders convinced the world that people would pay 6 digit prices for EV trucks, and loaded NA automakers into the same voyage of the damned.",0,2026-04-26T06:54:06Z
L3oO510dyVI,We have turned these Into a version of punchbuggie but we usually go DUMPSTER then check each other in the shoulder,0,2026-04-26T05:20:00Z
L3oO510dyVI,"His tech bro voice impression at the beginning is hilarious

Loved the whole video",0,2026-04-26T01:26:57Z
L3oO510dyVI,"There are 3 unique cyber trucks in my area. Every Single Time i see one, i am once again amazed by how stupid it looks. It always makes me think it is a failed to render in car, before my brain reminds me that i am not living in a game.",1,2026-04-26T00:54:58Z
L3oO510dyVI,"The alienating vehicle, holy fuck",1,2026-04-25T22:12:14Z
L3oO510dyVI,Holy screed! I aspire to this level of vitriol For the man children at the top of the ladder right now.,0,2026-04-25T18:45:58Z
L3oO510dyVI,"Elephant Graveyard doing car reviews is not something I would've ever guessed I needed, but, boy did I?",0,2026-04-25T16:57:33Z
L3oO510dyVI,"I like weird, bizarre, etc. It shows there's still some originality and passion in car design.

Do I like the politics behind this vehicle? No. Do I even like the vehicle? Also no. Am I glad it exists? Yes.",2,2026-04-25T16:15:29Z
L3oO510dyVI,That was quite the rant! Impressive and somehow all felt very accurate!,0,2026-04-25T16:14:01Z
L3oO510dyVI,i wish i could give 2 thumbs up to this video,0,2026-04-25T15:17:11Z
L3oO510dyVI,"it says a lot about the cybertrucks identity as a car that it has no ""face""",0,2026-04-25T15:13:07Z
L3oO510dyVI,"My girlfriend and I have a punch for cyber like how theres one for beetles we have one for cyber and if you thing Am hates humans let me tell you about the deep, vein-rooted carnal rage I feel when I see them it's like I just won the lottery because there's a reason to be unreasonably upset for as long as you want.",0,2026-04-25T13:27:00Z
L3oO510dyVI,"I rented one for a weekend to drive me up the California coast.  270 miles each way and the car drove from my house and into the parking space at the hotel with zero interaction on my part.  Freaking amazing.  Too bad it triggers people who can't form their own opinions on their own. It rides great, efficient, practical,  and covers miles in total comfort and safety.",1,2026-04-25T09:23:24Z
L3oO510dyVI,"“What are your words going to do, those kids are covered in money armor” French had a bit of a fix for that back in the day but I catch your drift.",2,2026-04-25T07:52:55Z
L3oO510dyVI,"Cybertruck, the best advertisement for Rivian in America.",1,2026-04-25T07:51:18Z
L3oO510dyVI,"""Angus beef without the g."" 😂",3,2026-04-25T07:40:12Z
L3oO510dyVI,The official car of people out there who will buy ANYTHING,2,2026-04-25T06:17:59Z
L3oO510dyVI,Omgggg this is THE rant of 2026,0,2026-04-24T23:06:56Z
L3oO510dyVI,The Wankpanzer!,0,2026-04-24T22:58:20Z
L3oO510dyVI,"I got picked up by one of these things as a Lyft. After struggling to figure out how to open the damn door, I marveled at how it was somehow even uglier on the inside than the outside. The guy let it drive itself to the destination so I spent the ride wondering what I was paying him for and hoping this thing didn't get us into an accident and lock us inside as it roasted us alive. 0/10 vehicle overall.",2,2026-04-24T22:50:56Z
L3oO510dyVI,Bravo sir! “an incubation chamber for human despair..” I cannot tell you how happy this video has made me.,1,2026-04-24T22:21:17Z
L3oO510dyVI,"Some of these idiots have a meetup at a fast food restaurant, in an expanding industrial park that is destroying my semi-rural neighbourhood, every weekend. I've seen their numbers dwindle and dwindle until there's only three left. Three too many tbh, but they match the area. It's office parks, industrial warehouses, and online companies wanting cheap rent. It used to be second-growth forest full of wildlife, affordable rentals, and a few farms. Can't think of a more apt place for them to meet up.",4,2026-04-24T20:35:34Z
L3oO510dyVI,So you don't like it? 😼,0,2026-04-24T20:00:05Z
L3oO510dyVI,"wow, the first 5 minutes or so have been an absolute joy, I haven't heard stuff like that from rcr in a long while. 

also glad that you mentioned the notion of a scammer wanna be predator bro being made into a male ideal 

not really into writing comments but this video absolutely deserved it, greetings from Georgia (republic of) from a russian user",0,2026-04-24T19:59:12Z
L3oO510dyVI,this. is. perfect. Chef's kiss,0,2026-04-24T19:52:54Z
L3oO510dyVI,Would Romeo and Juliet still be a tragedy if they died too young to see the P85 turn into this?,0,2026-04-24T19:08:51Z
L3oO510dyVI,"Yes there's a lot of dunking, but then again the hoop is only 6' off the ground.",0,2026-04-24T18:21:54Z
L3oO510dyVI,"Namechecking Martathon, Helldivers, and Grimdark. Respect",0,2026-04-24T16:42:00Z
L3oO510dyVI,FRIGIDAIRE!,0,2026-04-24T15:30:23Z
L3oO510dyVI,"Damn, tell us how you really feel.

(this whole review is fantastic)",2,2026-04-24T15:28:19Z
L3oO510dyVI,I feel like the Tello truck is what this disaster of a vehicle wanted to be.,0,2026-04-24T14:04:53Z
L3oO510dyVI,The Franklin Expedition analogy was next level -  and accurate.,0,2026-04-24T13:37:18Z
L3oO510dyVI,"Thankfully the designer(s) of that POS cared so little about the safety of anyone, inside or outside the vehicle, that it's illegal to drive across Europe - so at least I won't see one on the street. Thoughts and prayers, America.",2,2026-04-24T11:56:20Z
L3oO510dyVI,i make a note to spit on these things when i see em parked to hopefully  get it to rust,1,2026-04-24T10:32:31Z
L3oO510dyVI,I hope Elon sees this and it hurts his feeling.,2,2026-04-24T05:15:43Z
L3oO510dyVI,"I just looked up what the cybertruck horn sounds like, and I have no notes. For what the car is, it's the perfect sound.",0,2026-04-24T04:57:52Z
L3oO510dyVI,that was so powerful.,0,2026-04-24T04:40:11Z
L3oO510dyVI,this is how you draw a car when you’re 6 years old…before you crumple up the paper and try again,0,2026-04-24T03:52:21Z
L3oO510dyVI,"The Broligarch humblebrag rant at the beginning really makes this review. 😆
But then the sudden swerve into WHY it's objectively a terrible vehicle made me smile. Respect.

Some dude who lives near me has a Cybertruck. I just shake my head, pitying the fool for joining the cult.",1,2026-04-24T03:48:48Z
L3oO510dyVI,14:00 is genuinely the first time in my life I’ve seen the turn signals,0,2026-04-24T03:47:48Z
L3oO510dyVI,Hostile to other motorists *and* to pedestrians. This thing is a rocket-propelled ACME anvil waiting to turn everyone into an Elmer Fudd-flavored red paste.,3,2026-04-24T03:07:52Z
L3oO510dyVI,ok what size shitty painted steelie fits that thing because i really like that,0,2026-04-24T01:52:07Z
L3oO510dyVI,16:20 So you mean an ICE agent?,3,2026-04-23T23:59:03Z
L3oO510dyVI,"The first time I saw one in person I thought I was dreaming because, “Oh shit that texture hasn’t loaded give… that’s a Cybertruck… and I’m awake.”",0,2026-04-23T23:30:50Z
L3oO510dyVI,AND it rusts,2,2026-04-23T21:33:38Z
L3oO510dyVI,Calling people boot-lickers while sucking the rooster of the government is crazy,0,2026-04-23T21:32:50Z
L3oO510dyVI,"There are too many great lines in this for me to pick a favourite lol, great job covering the 'tech oligarch draws the HALO CE warthog from memory'",1,2026-04-23T21:23:20Z
L3oO510dyVI,Every time my wife sees one of these she says “Well my day is now ruined”,0,2026-04-23T19:47:37Z
L3oO510dyVI,"lol hell yeah, get 'em",0,2026-04-23T19:33:11Z
L3oO510dyVI,"I'm in no position to buy a car, but I'm subscribing. Why? Because this is beautifully written. Top shelf, mate.",0,2026-04-23T19:19:23Z
L3oO510dyVI,"i havent seen this many closeups of this glorified manslaughter charge, and good god it looks like the tires are buckling under the weight of the sin of its own existence",2,2026-04-23T18:43:19Z
L3oO510dyVI,I made it a minute in and only because i was on the pot and couldn't turn it off faster.,0,2026-04-23T17:46:04Z
L3oO510dyVI,As a Smart Fortwo driver I will throw myself in front of these beasts and while chewed up and turned into scrap - I will know I did my job.  Spitting in the face of the foe in final defiance.,0,2026-04-23T17:30:59Z
L3oO510dyVI,I think you overestimate the emotional skin thickness of this thing's owners.,1,2026-04-23T17:07:43Z
L3oO510dyVI,I always comment for the Stan Rogers reference that I am never expecting when I click on a YouTube video.,0,2026-04-23T15:17:02Z
L3oO510dyVI,Hear me out. To compensate for all of this bullshit it has a funny AI voice that you can use for content because you're not funny enough to actually have any sort of humorous remark on anything. The Cybertruck really has EVERYTHING to make you nothing,0,2026-04-23T15:06:01Z
L3oO510dyVI,Stop itttt…,0,2026-04-23T14:46:05Z
L3oO510dyVI,great one. will you review our culture in the US?,0,2026-04-23T13:15:03Z
L3oO510dyVI,De gustibus….,0,2026-04-23T12:50:44Z
L3oO510dyVI,"I’m sorry you had to even touch this monstrosity, but someone has to give it an blunt review",3,2026-04-23T10:49:56Z
L3oO510dyVI,"Damn dude, you can write",3,2026-04-23T09:58:03Z
L3oO510dyVI,"Remember when elon musk said he would give 6 billion dollars to end world hunger if the UN could give him a plan, but when they did he didn't pay up?",9,2026-04-23T09:35:42Z
L3oO510dyVI,I (a swede) just came back for my first trip to the US where I saw a few of these dumb so called trucks IRL. They really are uglier and dumber in real life.,3,2026-04-23T07:09:34Z
L3oO510dyVI,"This is a truck for rich people who think Walmart benefits the economy, yet never have to deal with the burden of shopping there.",2,2026-04-23T06:51:03Z
L3oO510dyVI,Good to see there are other people flipping off teslas too. Never seen it done from inside a tesla though 🤣,2,2026-04-23T06:32:43Z
L3oO510dyVI,1:52 very fitting 😂,0,2026-04-23T05:59:45Z
L3oO510dyVI,not even gonna lie. elon was already out of his mind and selling lies *well before the tesla*,3,2026-04-23T05:21:51Z
L3oO510dyVI,What an ugly ugly vehicle.,2,2026-04-23T05:00:15Z
L3oO510dyVI,There are a lot of used for sale in the $70-80k range but I can’t imagine paying close to that.,0,2026-04-23T04:47:05Z
L3oO510dyVI,Not the “buying gold guns and shields on Marathon with real money” bit 😭,0,2026-04-23T03:53:08Z
L3oO510dyVI,RCR plays Marathon...huh.,0,2026-04-23T03:35:44Z
L3oO510dyVI,TESLAS DESERVE BRICKS 🧱,2,2026-04-23T03:13:13Z
L3oO510dyVI,Fisher Price Brutalism XD,1,2026-04-23T02:12:29Z
L3oO510dyVI,Frigidaire 😂,0,2026-04-23T01:52:04Z
L3oO510dyVI,It's called a Trash Panzer!,0,2026-04-23T01:49:25Z
L3oO510dyVI,"Fun fact: the cybertruck is the only Tesla car actually designed by Musk, all of the other designs were already made from when he bought the company from its original owners.",28,2026-04-23T00:48:06Z
L3oO510dyVI,"Imagine creating your generation's Pinto. Imagine doing that during the age of social media. Imagine doing that when you're HATED nationally.

Now imagine buying your generation's Pinto, not because you just thought it was a car, but for edgy bragging rights and to stick it to the libs. Imagine having to continue driving it after the joke dies down, and it's just you in your metal deathtrap.",3,2026-04-22T23:10:52Z
L3oO510dyVI,Why would a guy from South Africa build a truck? Not knowing anything about winter?,2,2026-04-22T22:32:34Z
L3oO510dyVI,"*""Fisher Price brutalism""* absolute 10/10, no notes",3,2026-04-22T22:30:54Z
L3oO510dyVI,1:06 couldn't make a Destiny 2 joke here because it's deader than the Cybertruck is.,0,2026-04-22T22:28:00Z
L3oO510dyVI,"Idiotic video, brain rot,basicaly 30 min of 0 info",0,2026-04-22T22:08:52Z
L3oO510dyVI,You sound jealous of people doing better than you.,1,2026-04-22T22:05:17Z
L3oO510dyVI,I wish samus would freaking kidnap me,0,2026-04-22T21:41:51Z
L3oO510dyVI,If anyone thinks this car looks good they should probably get check for early dementia signs,2,2026-04-22T21:25:11Z
L3oO510dyVI,The Swastikar - 0 to 1935 Germany in 5 seconds !!,3,2026-04-22T21:15:15Z
L3oO510dyVI,"""What great art could be made about the Tesla Cyber Truck?"" This video, good sir.",2,2026-04-22T21:03:51Z
L3oO510dyVI,🩵🩷🤍🩷🩵,2,2026-04-22T20:58:25Z
L3oO510dyVI,The Cybertruck is the truck version of the Snyderverse DC movies.,2,2026-04-22T20:30:29Z
L3oO510dyVI,The cybertruck is a vehicle that is designed by someone who hates humanity and it shows. Everything about it is hostile to humans.,1,2026-04-22T20:27:18Z
L3oO510dyVI,This whole video is pure poetry.,2,2026-04-22T20:12:38Z
L3oO510dyVI,damn cybertruck mindbroke thousands,0,2026-04-22T20:05:50Z
L3oO510dyVI,"Love the Frigidaire sticker on the back, LOL.",1,2026-04-22T19:46:24Z
L3oO510dyVI,"But we knew Musk was crazy before the Cybertruck came out, the bumper stucker is a lie.",1,2026-04-22T19:44:10Z
L3oO510dyVI,"Don't forget when he got his own government agency, he used it to kill 300,000 children by cutting off the medicine that was already slated to go to them, just to save the average Joe one dollar in taxes. There aren't enough bad words in all the languages combined to describe how big a turd Elon Musk is.",4,2026-04-22T19:26:48Z
L3oO510dyVI,Istg idk how but every time I see this thing it gets uglier,0,2026-04-22T19:06:15Z
L3oO510dyVI,Buying a cybertruck is the most expensive form of euthanasia,1,2026-04-22T19:00:30Z
L3oO510dyVI,Combine a Cybertruck with the film Coyote Vs ACME,1,2026-04-22T18:41:30Z
L3oO510dyVI,Love from a NotJustBikes and Vaush fan!,0,2026-04-22T18:18:14Z
L3oO510dyVI,Why did the owner purchase it?,0,2026-04-22T18:16:10Z
L3oO510dyVI,THE ONLY reason I'm even considering getting one is because my current vehicle is a 2012 Kia Sportage that I have to continuously unplug the battery in order to remove the key and keep people from stealing it and this is probably going to be cheap to buy used in a very short time.,0,2026-04-22T18:00:42Z
L3oO510dyVI,This is the most accurate review I've seen for these N64 racing game rejects. My son misheard me call one a Cyberjunk and it's stuck.,2,2026-04-22T17:27:41Z
L3oO510dyVI,"It wan't enough that executives make 250X your salary (on the low side).
Now that we are heading towards the $Trillionaire era - how do you feel?
No one in America needs more than $999M
Confiscate all personal assets over $1B and invest DIRECTLY in the lower and middle class",2,2026-04-22T16:35:20Z
L3oO510dyVI,My favorite feature of the Cyber Cuck is that almost no company will insure it. 10/10 Dump Truck,25,2026-04-22T16:34:36Z
L3oO510dyVI,"7:11 The solution to this would be to put a transducer on the suspension and directly tie the vibrations to a transducer in the steering wheel. Basically a tactile microphone-speaker setup.

But Elon is not an actual innovator.",1,2026-04-22T16:13:57Z
L3oO510dyVI,"Franz von Holzhausen owes Tom Peters a sincere, heartfelt apology.",0,2026-04-22T15:56:31Z
L3oO510dyVI,"The best take down of the vehicle without mentioning the recalls, falling apart, ban history and the failures to do what was advertised.",6,2026-04-22T15:42:38Z
L3oO510dyVI,this is poetry,2,2026-04-22T15:37:45Z
L3oO510dyVI,Assembly required 😂,1,2026-04-22T15:35:14Z
L3oO510dyVI,wtf. this is in my 422 backyard how have i not found this channel before??,2,2026-04-22T15:30:18Z
L3oO510dyVI,"I must say that I agree with just about all the comments made on this video!  Call me deranged, but now I want a Cybertruck even more!  Elon is the pitts, but he knows his tech!  I denied myself a Volkswagen in the 60s because of the animosity I felt towards Germany two decades after the end of WWII.  I will not deny myself a Tesla! Besides, with a change in Administration, Elon will either be jailed, sued or deported!",0,2026-04-22T15:29:22Z
L3oO510dyVI,"I can tell by the first 2 minutes that the whole video will be a very bias review and isn't worth watching.  The Cybertruck is cheaper then the Ford F350 according to Carguru and it holds it's value better then the F350. Don't say ""brutally honest"" then show how biased you are against Tesla/Elon first thing in the video and very snarky voice.",0,2026-04-22T15:25:14Z
L3oO510dyVI,It looks 10 years old only one year after being made.,0,2026-04-22T15:12:28Z
L3oO510dyVI,"Love a good, honest and accurate review 😂",1,2026-04-22T15:04:36Z
L3oO510dyVI,The review it deserves,3,2026-04-22T15:00:07Z
L3oO510dyVI,"""you need to scroll on the touchscreen to put it into gear""
Shivers. Like driving a shiny mindless elephant from inside its guts via a smartphone made by the least trustworthy tech bro",3,2026-04-22T14:54:48Z
L3oO510dyVI,"whenever i see one of these in the rearview mirror, i whisper ""oh no""",4,2026-04-22T14:47:50Z
L3oO510dyVI,4:19 ok my car has this problem too but my car was like under 5k,1,2026-04-22T14:45:22Z
L3oO510dyVI,"I don't know who let a Frigidaire and the Warthog from Halo do that, but they should have been kept in separate pens.",1,2026-04-22T14:43:27Z
L3oO510dyVI,Narrated by BEN SHAPIRO,2,2026-04-22T14:39:26Z
L3oO510dyVI,Something people often forget about the Cybertruck is that it wasn't designed for Earth.  It was designed for Mars.,0,2026-04-22T14:34:16Z
L3oO510dyVI,"dont sugarcoat it man, tell us what you really think",1,2026-04-22T14:29:53Z
L3oO510dyVI,"If Hunter S Thompson wrote a cybertruck review, this is what it would be like.",0,2026-04-22T13:59:20Z
L3oO510dyVI,"I have seen so many of these on the road and ngl, I didn't know it actually had a truck bed😂 I guess no one is using it as a truck eh",0,2026-04-22T13:24:36Z
L3oO510dyVI,Thank you!,0,2026-04-22T13:23:16Z
L3oO510dyVI,One evening I was out walking my dog and I saw one parked on my street a few houses down so when I went out again to walk my other dog I threw eggs at it and I feel very proud of myself and 100% morally sound in that decision.,1,2026-04-22T13:05:27Z
L3oO510dyVI,Please put respect to the Fischer Price name by NOT comparing this piece of junk to the high-quality children's toy company 🙏,4,2026-04-22T13:03:53Z
L3oO510dyVI,"I don't care about cars, but hearing this dude shit all over Elon, and this shit car is fucking cathartic.",3,2026-04-22T12:51:00Z
L3oO510dyVI,I remember the opinion of my company's president dropping significantly once everyone learned she drove a Cybertruck.,21,2026-04-22T12:38:47Z
L3oO510dyVI,"Ah, classic RCR.  Approved.",2,2026-04-22T12:26:57Z
L3oO510dyVI,I’m embarrassed American car owners are still content with Tesla slop.  Our government keeps you from the best electric vehicles using unfair tariffs.  You need to learn about BYD.  They’ll be selling them in Canada soon.  Tesla is not best at anything,3,2026-04-22T12:22:42Z
L3oO510dyVI,Since when is Johnny Silverhand doing car reviews?,1,2026-04-22T12:18:16Z
L3oO510dyVI,"The side panels really wear badly with ice and road salt, really shows why untreated stainless isn't more typical.",1,2026-04-22T11:15:48Z
L3oO510dyVI,"Absolutely BRUTAL review. 
Incredible writing",1,2026-04-22T10:56:44Z
L3oO510dyVI,No Marathon slander accepted! There is no pay to win and its not a bad Game 1:00,3,2026-04-22T10:43:30Z
L3oO510dyVI,"Remember when Elon was the left’s darling until He stepped off the plantation?

Pepperidge Farms remembers",0,2026-04-22T10:27:42Z
L3oO510dyVI,"""It's like The Man who waits until after he gets on the bus to let out his farts"" 🎯🎯🎯🎯🎯",1,2026-04-22T05:40:36Z
L3oO510dyVI,"Come on, don't tone it down. Tell us what you REALLY think.
The sad thing is this thing was announced before we all knew Elon was nuts. The design targeted as destroying pedestrians should have been a hint.
To think, I once respected the man.",1,2026-04-22T04:19:46Z
L3oO510dyVI,"Ahh for Just one time, i would take the Northwest Passage, to find the hand of Franklin reaching for the Beaufort sea.",2,2026-04-22T04:07:43Z
L3oO510dyVI,"Woah man, tell us how you really feel.",0,2026-04-22T03:37:59Z
L3oO510dyVI,"This is Doug Demuro, and I am unsure of this review.",0,2026-04-22T03:06:43Z
L3oO510dyVI,"peak, PEAK RCR.",0,2026-04-22T02:21:00Z
L3oO510dyVI,10/10 did not disappoint. I want my mazda protege :(,0,2026-04-22T01:49:27Z
L3oO510dyVI,That is one ugly ass car.,0,2026-04-22T01:39:03Z
L3oO510dyVI,"First time viewer. This might be the best roasting of, well, anything I've ever seen. Nice work!",1,2026-04-22T00:33:07Z
L3oO510dyVI,You kinda sound like James Rolfe,0,2026-04-22T00:22:38Z
L3oO510dyVI,Love that you're a Stan Rogers fan!!,0,2026-04-21T23:49:21Z
L3oO510dyVI,"I always hated the look of it. Every time I see one in the wild, my brain thinks ""fuck, gotta update my GPU drivers"", then I realize I'm not at my PC. It's like when I draw on paper after spending ages drawing digitally and reflexively look for CTRL Z and realize my folly.",0,2026-04-21T23:42:26Z
L3oO510dyVI,This may be the greatest microcosmic indictment of 2020s America I've heard.,1,2026-04-21T23:38:07Z
L3oO510dyVI,"1:22 i can beat tge shit out them. You need a doctor, not a lawyer. Ever seen Botched. I've been locked up before. I'll probably serve 6 months, but they'll spend millions.",0,2026-04-21T23:07:42Z
L3oO510dyVI,"""at least the other cybertruck wont flip me off""",3,2026-04-21T22:40:03Z
L3oO510dyVI,"The cybertruck is the hummer for the 2020s

Edit: should have watched more than 5 minutes before commenting lol",2,2026-04-21T22:23:33Z
L3oO510dyVI,1:04 Marathon has no way to buy gold gear or anything pay to win DO NOT SLANDER MY GOTY 🗣️,1,2026-04-21T22:21:40Z
L3oO510dyVI,"For those who don't play Marathon, buying gold level guns and shields in Marathon does not refer to whaling on in-game purchases, and you can't trade items in a way that facilitates a real-money market. Paying for good gear actually involves paying someone else to carry you through difficult activities while letting you take all the good loot. I just want to make sure everyone properly understands that, when it comes to spending money on video games, this is among the sadder and more pathetic ways you can go about it.",5,2026-04-21T22:20:36Z
L3oO510dyVI,"11:55

Dude just lowered the visor, and behind the visor is _more light_ getting in. 

Who designed this??",3,2026-04-21T22:18:39Z
L3oO510dyVI,mmmm. i missed regular car reviews,1,2026-04-21T22:01:56Z
L3oO510dyVI,I'll just buy a real truck when that time comes.,1,2026-04-21T21:57:09Z
L3oO510dyVI,"17:25 I'd rather have the Multipla, and that's saying something.",0,2026-04-21T21:40:00Z
L3oO510dyVI,the script for this video is like poetry. hilarious AND depressing,0,2026-04-21T21:33:51Z
L3oO510dyVI,"every time i see one of these parked around town i have to resist the urge to go buy eggs and throw them at it, because that's a waste of perfectly good eggs",2,2026-04-21T21:19:59Z
L3oO510dyVI,I think it takes a bit of courage to ride in one of these things. Every review I’ve seen highlights how dangerous and poorly made this vehicle is. I feel like you’re risking your life more than usual inside one.,0,2026-04-21T21:17:23Z
L3oO510dyVI,"2:55 Oh, so then, Tesla Cybertruck: if Randall from _Recess_ was a car.",1,2026-04-21T21:14:31Z
L3oO510dyVI,"""Fisher-Price Brutalism"" is so on the nose we need stickers sold next to the ""Frigidaire"" ones.",0,2026-04-21T21:09:16Z
L3oO510dyVI,It's like the half assed thing you build when you were running out of LEGOs.,0,2026-04-21T21:06:18Z
L3oO510dyVI,Looks like a bald guy with a mullet as it drives away.,0,2026-04-21T20:11:34Z
L3oO510dyVI,Its not a cybertruck review unless you sacrifice a finger to the frunk.,0,2026-04-21T20:06:46Z
L3oO510dyVI,You have to SCROLL to shift sometimes? Oh. Oh no. No thank you.,1,2026-04-21T20:02:14Z
L3oO510dyVI,I love the Cybertruck. You suck.,0,2026-04-21T20:02:07Z
L3oO510dyVI,"The guy sitting next to him actually bought this thing though, right? Why is HE laughing?",0,2026-04-21T19:57:30Z
L3oO510dyVI,I think any respectable contractor would be embarrassed to pull up to any jobsite with this thing. Even the boss would think twice.,0,2026-04-21T19:53:53Z
L3oO510dyVI,"""I say another day another dollar, then i dont get on the train.""",1,2026-04-21T19:47:49Z
L3oO510dyVI,"The car's outer design reminds me of the first time I ever emulated Mario 64. I never played that game legit on anything other than a cheap old fuzzy crt, and the next time I played it, I was emulating it on my phone with a high quality 1440p monitor. You ever seen low-poly Mario? You'll see all seven polygons of him with crystal clarity on a good monitor while emulating it. This car is a low-poly SUV. I wanna see what it looks like up close but there's a bug in the programming so I can't.",0,2026-04-21T19:46:46Z
L3oO510dyVI,"What a banger video lmao.  So many good lines, I think my favorite is ""Fisher Price Brutalism""",0,2026-04-21T19:41:46Z
L3oO510dyVI,"I have the complete opposite view of the truck, I think it's incredible. But I appreciate the hilarious commentary.",0,2026-04-21T19:34:35Z
L3oO510dyVI,Man why is Marathon catching strays 😭,0,2026-04-21T19:34:23Z
L3oO510dyVI,Badass vid this guy cooked on the cybertruck dis track i love this you earned my sub f tesla,0,2026-04-21T19:32:02Z
L3oO510dyVI,"I mean, everyone needs a safe space I guess!",0,2026-04-21T19:19:27Z
L3oO510dyVI,Lost my mind at the marathon callout omg,0,2026-04-21T19:17:57Z
L3oO510dyVI,Now this is entertainment,1,2026-04-21T19:16:56Z
L3oO510dyVI,"""It doesn't matter how many bad things I saw about it or how many problems it has, the owners don't care"" is the definition of MAGA.",2,2026-04-21T19:13:42Z
L3oO510dyVI,That intro holy cow 😂,1,2026-04-21T19:03:38Z
L3oO510dyVI,I'm just really grateful to see other people flipping off Cybertrucks like I do. Mad respect for the Frigidare badge on the back.,1,2026-04-21T18:52:27Z
L3oO510dyVI,I cant wait for those things to rust entirely.,2,2026-04-21T18:14:10Z
L3oO510dyVI,"garbage truck
Actually this gives garbage trucks a bad rep",1,2026-04-21T18:01:52Z
L3oO510dyVI,A kid with little to no motor skills can draw a better car then then this fisher price disaster,0,2026-04-21T18:01:18Z
L3oO510dyVI,"I ran to the comment section. 
Quite quite surprised the elon fanboys haven't made it here yet.",1,2026-04-21T17:47:26Z
L3oO510dyVI,"I found this channel because I bought a miniature 1980 AMC Eagle. I genuinely love how the narrator expressed the intricate beauty of that car I've only known as a miniature on my desk. Dear god, I did not expect the most searing commentary on ""Broligarchs""...


Exceptional 👏",0,2026-04-21T17:39:42Z
L3oO510dyVI,This is the Dracula Flow of RegularCars with how much he shits on this thing lol,1,2026-04-21T17:39:21Z
L3oO510dyVI,"the longer i watch this, the more it looks like a low-poly version of an Audi SUV",0,2026-04-21T17:34:41Z
L3oO510dyVI,"14:20 all those ""I bought this before we knew Elon was crazy/Vintage ""Pre-madness"" Tesla"" stickers are all just as hollow as the people who knowingly support Tesla in spite of the fascism.  The only good Tesla drivers are the ones who put stickers with direct anti-fascist messages on their car to eliminate the chance of cognative/moral dissonance.",4,2026-04-21T17:27:38Z
L3oO510dyVI,This was the exact type of Cyber truck review I wanted to get,1,2026-04-21T17:24:53Z
L3oO510dyVI,10 years ago people would have thought this was comedy,1,2026-04-21T16:51:51Z
L3oO510dyVI,"""I contribute nothing to the world but ignorant YouTube videos.""",0,2026-04-21T16:46:54Z
L3oO510dyVI,"Only a couple minutes in and I can't possibly imagine why anyone would dislike this. It's all true.
Ok I finished the video and it just kept getting more and more true. Every word of it.",2,2026-04-21T16:39:27Z
L3oO510dyVI,"Less people have died in Ford Pintos, then Tesla Cyber trucks. Pinto 27 people died in fires, 83 from Tesla fires as of 2023. There just was a crash that 4 Teens die in flames 2026. I'm just stating the facts that can be found online. They stopped building Pintos asap. Tesla? Cars without actual door handles to open in times of emergencies will leave you in a bad way. That's my opinion, so don't at me bruh.",2,2026-04-21T16:25:02Z
L3oO510dyVI,"Best ""Cybertruck"" review I've ever seen.",1,2026-04-21T16:16:45Z
L3oO510dyVI,first video I've seen from you and I subscribed in the first minute.,1,2026-04-21T16:10:26Z
L3oO510dyVI,H/T for the Stan Rogers ref.,1,2026-04-21T15:59:51Z
L3oO510dyVI,The owners always look like people who say they work 100 hours a week but they consider having their ringer volume set to 200% at all times of the day working,1,2026-04-21T15:57:24Z
L3oO510dyVI,"This review is a master class in the linguistics we should be teaching future generations. Also my sides are hurting from so many zingers, had me laughing my ass off.",1,2026-04-21T15:47:01Z
L3oO510dyVI,"Reminds me of how Saints Row: The Third had a car called ""The Compensator""",6,2026-04-21T15:32:13Z
L3oO510dyVI,The first few seconds of this for me are enough. Spot on and funny. That's exactly what they are.,0,2026-04-21T15:11:23Z
L3oO510dyVI,"Completely unprompted, me and a car-full of friends in my 02' ford taurus sedan with mismatched mirrors and a basketball sized dent over the passenger side front wheel, went ""EEEW EEEEEEWWW EW EW EW EEWWWW"" upon seeing a Tesla CT in traffic.",1,2026-04-21T15:09:16Z
L3oO510dyVI,The thing is  it wouldn't even be that difficult to add the tactile feedback to a flybywire system . Put sensors somewhere on the suspension and compare it to sensors on the frame. The difference between the two is how much the tire is moving without the frame  and turn that signal into a rumble on the wheel. Just like force feedback on a modern high end gaming steering wheel.,1,2026-04-21T15:06:14Z
L3oO510dyVI,"I spent the last year going through the home sales / purchasing process and multiple times different contractors and inspectors showed up for a estimate driving a cybertruck. Every time I immediately changed my demeanor and just didn't want to even humor their, conversation and knew I didn't even wanna hear their quote, so much so that they would comment on my attitude. stuff like ""You don't talk much huh?"".

I absolutely know that I wasn't the only person who treated them negatively and decided to not go with them specifically because of their cybertruck. But I'm sure they couldn't pin down why I (and probably others) were so curt with them and just felt like ""wow, everyone these days sure is mean to me ... I don't get it."" The same thing probably happens at fast food restaurants, gas stations, liquor stores, etc.",2,2026-04-21T15:02:39Z
L3oO510dyVI,I mean the review was funny until I got a glimpse of the people you hang around. Suddenly it all makes sense.,0,2026-04-21T14:38:53Z
L3oO510dyVI,This review is art.,3,2026-04-21T14:33:37Z
L3oO510dyVI,This dialogue cracks me up. Every sentence is a zinger. Subscribed to hear more.,3,2026-04-21T14:27:53Z
L3oO510dyVI,"""wankpanzer""",1,2026-04-21T14:23:40Z
L3oO510dyVI,"This ""vehicle' is so bad it's not even worth consideration, nor are the people who drive them , or buy them.  Not just for the ideology they represent, but the cheap tech garbage that they are. 
But your review (as always) is spot on;  I have never been as amused and yet angered by one of your reviews.",3,2026-04-21T13:47:28Z
L3oO510dyVI,Holy crap - how did a FIAT Multipla end up in the US? 12:52 Gold/piss-metallic relic of a time when cars were a different flavor of crap to the Cybertruck,0,2026-04-21T13:28:33Z
L3oO510dyVI,When ever you make fun of people and doing some kind of impression of people at the same time you always nail it. Never fails to put a smile on my face,0,2026-04-21T13:09:12Z
L3oO510dyVI,"honk at teslas, its like the new slug bug",0,2026-04-21T13:08:48Z
L3oO510dyVI,When the comment section is nothing but your own quotes. You know your writing slaps.,1,2026-04-21T12:53:33Z
L3oO510dyVI,The all-time greatest review of any vehicle ever.  Should be played in an endless loop on every public television.,0,2026-04-21T12:51:40Z
L3oO510dyVI,"WTF was that sun visor!?! Put it down to block your vision, just to get blinded from the top anyway.",1,2026-04-21T11:49:58Z
L3oO510dyVI,"Marketed as futurism, but looks more like fanfiction from someone who uses SparkNotes to read books.",0,2026-04-21T11:08:53Z
L3oO510dyVI,The tool-box pun at 13 minutes made this video for me.,0,2026-04-21T10:29:28Z
L3oO510dyVI,"Rediscovering this channel via this video was incredibly cathartic, thank you for staying you",0,2026-04-21T10:22:59Z
L3oO510dyVI,"You don't need to wear a brown shirt to buy a cybertruck, but it helps.",0,2026-04-21T09:55:54Z
L3oO510dyVI,Not Marathon catching unprovoked strays,2,2026-04-21T09:43:19Z
L3oO510dyVI,"Fuck this is good!!! 😂😂😂😂 
Bravo!",0,2026-04-21T09:19:24Z
L3oO510dyVI,"Tell us how you really feel, don't feel like you need to hold back.",0,2026-04-21T06:18:11Z
L3oO510dyVI,"Final thoughts. If you put the word ""truck"" on a vehicle, it implies utility. A truck must, at the end of the day, be useful. The Cybertruck is a plastic-fantastic example of what might have come after decades of real electric TRUCKS had left a legacy of improvements and ideal functionality for this ""car-truck"" thing.",0,2026-04-21T05:24:56Z
L3oO510dyVI,"I think you summed it up. Gemini's opinion of who buys this: 

* The Solopreneur: High-income consultants or ""influencer"" businesses.
* The Tech Boutique: Firms where the vehicle is part of the aesthetic.
* The Tax Strategist: Owners looking to maximize end-of-year write-offs while getting a high-performance personal vehicle.

That's not the TRUCK I was looking for. I need to transport mulch, washing machines, and kids. No thanks.",0,2026-04-21T05:09:22Z
L3oO510dyVI,Yo leave Marathon out of this gangy,2,2026-04-21T05:04:06Z
L3oO510dyVI,Epic reference to Northwest Passage,0,2026-04-21T04:54:35Z
L3oO510dyVI,Why is the bin moving? Thank God this thing is illegal in my country,0,2026-04-21T04:49:46Z
L3oO510dyVI,What gets me is that the trunk and doors are accessed with touch controls. What happens if there's snow and ice covering those surfaces?,2,2026-04-21T04:18:23Z
L3oO510dyVI,The Frigidaire badge 😍,1,2026-04-21T04:18:13Z
L3oO510dyVI,You know cheap barebone Hilux champ feel more human then this thing,1,2026-04-21T04:10:21Z
L3oO510dyVI,Me watching an 18 minute review of a product I would never buy nor need because it's so beautifully written,1,2026-04-21T04:08:56Z
L3oO510dyVI,Speedmaster fans catching strays...,1,2026-04-21T03:53:48Z
L3oO510dyVI,Saw one in perfect condition with under 100k miles for sale for 4 figures a few months ago,1,2026-04-21T02:33:11Z
L3oO510dyVI,"""Fisher-Price brutalism"" 👌",1,2026-04-21T00:36:19Z
L3oO510dyVI,"As a cyberpunk, Fisher price brutalism perfectly describes the Cybertuck, As a Warhammer 40k fan please don't ever describe the cybertruck as grimdark in anyway.",0,2026-04-21T00:33:58Z
L3oO510dyVI,The first cybertruck I ever saw on the road was break checking people,1,2026-04-21T00:09:33Z
L3oO510dyVI,The intro reminds me of a Dan Hentschel rant in the best way possible,0,2026-04-20T23:53:11Z
L3oO510dyVI,"It was designed by someone who spent too much time playing BattleZone and thought ""wouldn't it be great if I had a car that looked just like this""",1,2026-04-20T23:28:41Z
L3oO510dyVI,Absolutely relentlessly vicious and it deserves every word.,1,2026-04-20T23:07:59Z
L3oO510dyVI,Samus carjacking Axel in Crazi Taxi. <chef's kiss>,1,2026-04-20T22:53:42Z
L3oO510dyVI,"Honestly, i prefer the Multipla, it's just as ugly, yes, maybe even more, but at least it's comfortable and practical.",0,2026-04-20T22:25:11Z
L3oO510dyVI,Just something so the video shows enğagemént. ❤,0,2026-04-20T22:06:56Z
L3oO510dyVI,"I'd love to point out one standout line, but there's too many of them to choose from. Just one devastating banger after another.

And to think I almost passed on this entirely because of the choadswagon in the thumbnail.",0,2026-04-20T21:40:07Z
L3oO510dyVI,"When I saw the Cyberteruck in my side mirror, I knew he wasn't going to yield. I was right.",1,2026-04-20T21:38:29Z
L3oO510dyVI,Bro seeing you at almost 1m subscribers is so sick. I think I started following when you were around 15k,2,2026-04-20T21:35:52Z
L3oO510dyVI,I can feel the pure unfettered hatred and malice in every nanosecond of this video. Magnificent work!,0,2026-04-20T20:58:54Z
L3oO510dyVI,cybertrucks are great to release my pent up frustrations from work at with a hearty thumbs down,1,2026-04-20T20:41:33Z
L3oO510dyVI,"I've seen festival stainless urinals I would rather sit in, and probably has less panel gaps",0,2026-04-20T19:57:40Z
L3oO510dyVI,That stainless steel exterior sure looking stained asf,1,2026-04-20T19:55:00Z
L3oO510dyVI,14:45 Ben Shapiro impression was not unnoticed,0,2026-04-20T19:45:45Z
L3oO510dyVI,This video makes me feel so vindicated.,0,2026-04-20T19:29:30Z
L3oO510dyVI,I need this for the hummer EV,0,2026-04-20T19:28:50Z
L3oO510dyVI,Thank You. That was what I've been trying to say.,0,2026-04-20T19:24:29Z
L3oO510dyVI,"I’ve said this before and I’m standing by it now. In gaming we have something called LOD models(level of detail). They are low quality versions of a model that are loaded in when you are far away to keep the scenery the same but save on memory. The cyber truck looks like a truck whose non LOD high quality model hasn’t loaded in. While a high quality truck model would have curved edges and stuff its low quality version might just be a little polygon in the shape of a truck. That is the cyber truck, your driving a gloryifed expensive mistake caused by a glitch in the matrix.",1,2026-04-20T19:18:17Z
L3oO510dyVI,"""You designed this for people whose lineage continues in spite of their personality rather than because of it."" Amazing.",3,2026-04-20T19:16:04Z
L3oO510dyVI,Bro - no need to throw the Omega Speedmaster under the bus. C'mon now.,0,2026-04-20T19:08:57Z
L3oO510dyVI,"I know that footage is from PA, looks so damn familiar. Edit: Oh yeah... yep. That's my neck of the woods.",0,2026-04-20T18:58:20Z
L3oO510dyVI,This is better than any set performed at the mothership and I’ll stake my whole years income on that,0,2026-04-20T18:50:38Z
L3oO510dyVI,"Explaining nuance of how machine and man work together to provide feedback for the human mind, allowing us to adjust for changing driving conditions, over video of wild cosplay is a choice 😂 6:48",0,2026-04-20T18:49:45Z
L3oO510dyVI,"holy shit, I found the Rusty of car reviews ❤",0,2026-04-20T18:39:13Z
L3oO510dyVI,New Wealth looks like trailer trash the old wealth,0,2026-04-20T18:33:39Z
L3oO510dyVI,"I was smiling during that monologue but started howling at the gold shields and guns line

holy fucking shit dude you are god's gift",0,2026-04-20T18:25:02Z
L3oO510dyVI,"This completely summed up every feeling I've had around the failure that is the Cybertruck, but couldn't find the right words for.  Disdain is a good word, but there's just more to it, and you got every aspect perfect.",0,2026-04-20T18:07:19Z
L3oO510dyVI,"Teslas are for the same type of people who would consider themselves an ""apple person""",0,2026-04-20T17:48:13Z
L3oO510dyVI,The most quotable YouTube video of 2026.,0,2026-04-20T17:43:54Z
L3oO510dyVI,This man understands that review is a genera of literature,0,2026-04-20T17:42:07Z
L3oO510dyVI,Remember to raise a middle finger to every cyber truck you see on the road! 💖,2,2026-04-20T17:41:12Z
L3oO510dyVI,"Spectacular. Take my subscription, and I'm not even a car guy lol",0,2026-04-20T17:37:09Z
L3oO510dyVI,"Fisher-Price Brutislism 😂
Man, your sass just got my sub. You are fvcking hilarious.",0,2026-04-20T17:32:09Z
L3oO510dyVI,i reluctantly clicked....so happy i did...it was necessary.,2,2026-04-20T17:28:38Z
L3oO510dyVI,The body panels looking like they were cut with hand tools is still funny.,0,2026-04-20T17:26:00Z
L3oO510dyVI,The Cybertruck looks exactly like the cars in the 3D driving sections of Robocop 3 on the Commodore Amiga.,0,2026-04-20T17:21:31Z
L3oO510dyVI,"""And then... I don't get on the train."" Killed me",0,2026-04-20T17:18:54Z
L3oO510dyVI,"""they like seeing representation for oppositional defiant disorder, it makes them feel seen"" might be the best way to describe this truck and the lovers of it",1,2026-04-20T17:10:38Z
L3oO510dyVI,When GTA parody becomes reality.,0,2026-04-20T17:09:00Z
L3oO510dyVI,"I saw a cybertruck with a trans flag sticker on the bumper the other day, thought that was interesting.",0,2026-04-20T17:05:28Z
L3oO510dyVI,"Fuck the cybertruck, where's the review of that Majestic Multipla?",0,2026-04-20T17:04:32Z
L3oO510dyVI,"What a fever dream. Meanwhile over here in reality, I'm driving a BYD Seal in Germany. 😅",1,2026-04-20T16:47:38Z
L3oO510dyVI,What a quality algo suggestion goddamn lmao hilarious,2,2026-04-20T16:43:36Z
L3oO510dyVI,"Bro, the intro! Massive!",0,2026-04-20T16:39:21Z
L3oO510dyVI,Bro isn’t holding back,0,2026-04-20T16:16:26Z
L3oO510dyVI,I see a bright pink wrapped cyber truck near me occasionally. It’s odd. Also one with a racing stripe which looks awful on it.,0,2026-04-20T16:12:05Z
L3oO510dyVI,Didn't expect a Marathon reference but it was much aporeciated,0,2026-04-20T16:09:48Z
L3oO510dyVI,"The vehicle for the man rooting AGAINST Snake Plissken, AGAINST Douglas Quaid.",2,2026-04-20T16:06:49Z
L3oO510dyVI,"I've always liked it described as, ""What the special kid draws when you ask them to draw a cool car.""",1,2026-04-20T16:03:08Z
L3oO510dyVI,You can't see anything out that front windshield,1,2026-04-20T15:42:26Z
L3oO510dyVI,"It's obnoxious in so many ways, but it is actually quiet, which is preferable to many of the other emotional support vehicles out there.",3,2026-04-20T15:41:54Z
L3oO510dyVI,Asmondgolds favorite car,4,2026-04-20T15:34:11Z
L3oO510dyVI,Holy moley thank you for this,0,2026-04-20T15:33:13Z
L3oO510dyVI,2:47 god I hope,0,2026-04-20T15:17:49Z
L3oO510dyVI,"the bristol board printed with ""my dad is on the school board"" art project is chilling.",0,2026-04-20T15:11:43Z
L3oO510dyVI,"I always point and laugh at Cybertrucks, it brings me great joy.",2,2026-04-20T15:01:21Z
L3oO510dyVI,valid crashout,3,2026-04-20T14:37:53Z
L3oO510dyVI,"I see from your channel that you mainly review Cars, but I really, REALLY wish you reviewed other things as well",0,2026-04-20T14:30:51Z
L3oO510dyVI,I haven't watched a video in years since.When did this become so political,0,2026-04-20T14:15:11Z
L3oO510dyVI,You forgot something. They love listening to Lex Fridman podcast.,1,2026-04-20T14:03:23Z
L3oO510dyVI,Ok the Marathon joke went too far lol,1,2026-04-20T13:59:01Z
L3oO510dyVI,"Every time we see one, our ""ugh, this guy again"" is ""hey a Cyberdouche!""",3,2026-04-20T13:46:52Z
L3oO510dyVI,An actual review of this monstrosity. Consider me subscribed,2,2026-04-20T13:43:17Z
L3oO510dyVI,The relative popularity of this blatantly juvenile aesthetic car design is a small indicator of society’s degradation,0,2026-04-20T13:34:41Z
L3oO510dyVI,The fridgidaire decal got me ngl,3,2026-04-20T13:12:12Z
L3oO510dyVI,"was the inspector gadget talking about ""brown bricks in minecrap"" voice intentional?",0,2026-04-20T13:04:39Z
L3oO510dyVI,seeing someone go practically borderline AVGN on the Cybertruck isn’t something I knew I needed today but I’m glad I saw it,2,2026-04-20T12:39:05Z
L3oO510dyVI,This is the kind of car to inspire class consciousness,1,2026-04-20T12:38:26Z
L3oO510dyVI,'Tech slop' is a great way to describe the cyber truck 😂,4,2026-04-20T12:31:54Z
L3oO510dyVI,Did I just watch Samus Aran commit a grand theft auto on the Crazy Taxi?,0,2026-04-20T12:31:36Z
L3oO510dyVI,Only 3 seconds in and Omega is catching strays lol,0,2026-04-20T11:41:43Z
L3oO510dyVI,In fairness it does make that Multipla look beautiful,2,2026-04-20T11:40:23Z
L3oO510dyVI,Goddamn fabulous.,1,2026-04-20T11:37:47Z
L3oO510dyVI,This might be your finest work yet,2,2026-04-20T11:26:44Z
L3oO510dyVI,Well that was a cathartic review…,2,2026-04-20T09:23:08Z
L3oO510dyVI,"I think ""Fisherprice brutalism"" exactly encompasses the concept of this car.",45,2026-04-20T09:11:36Z
L3oO510dyVI,I am shocked that a vehicle can be so hostile to the human form.,2,2026-04-20T08:58:07Z
L3oO510dyVI,"You should rename your ""Regular Car Reviews"" as ""Regular Car Roasts""",2,2026-04-20T08:39:30Z
L3oO510dyVI,I remember designing the Cybertruck back when I was 7 with a ruler and a quarter.,7,2026-04-20T07:50:49Z
L3oO510dyVI,Absolutely perfect. Thanks for giving me some hope in this dystopian nightmare of a timeline.,4,2026-04-20T07:04:48Z
L3oO510dyVI,You can't buy items in Marathon though,0,2026-04-20T06:43:06Z
L3oO510dyVI,Douchemobile (in cybertruck font),3,2026-04-20T06:05:10Z
L3oO510dyVI,I always cackle whenever I see one.,3,2026-04-20T05:49:23Z
L3oO510dyVI,"Hmm... I'm a VW guy. I've seen all the cupholders and iterations. We all had to make them because of porshce and hitler. Anyway, I'm off to print my own buggy...",0,2026-04-20T05:38:32Z
L3oO510dyVI,Asians love these cybertrucks in SoCal,0,2026-04-20T05:30:56Z
L3oO510dyVI,"Shit truck. Good video. Thumb up, yes.",3,2026-04-20T05:15:55Z
L3oO510dyVI,This may be one of the angriest things I've ever heard. From a car review channel,1,2026-04-20T05:15:30Z
L3oO510dyVI,"Well, at least it can survive nuclear blast, right??? For real though, im glad this thing seemingly never was cleared for roads in my country. I have a privilege of never seeing it in person so perhaps my optic nerve will not become cancerous",0,2026-04-20T05:09:28Z
L3oO510dyVI,Watching this after the watching the model S video is fucking wild,0,2026-04-20T04:25:14Z
L3oO510dyVI,"These are fairly common near where I live, see them constantly on the road on my commute. They are truly hideous.

Especially when they have these custom paint jobs and wraps. It's visual diarrhea.",0,2026-04-20T03:31:27Z
L3oO510dyVI,"A work truck is a Mercedes Sprinter tailgating you in the left lane, flashing their headlights as they barrel from work site to work site.",0,2026-04-20T03:14:47Z
L3oO510dyVI,shout out to Roman with the Lee Iacocca book the whole time lmfao,1,2026-04-20T03:04:13Z
L3oO510dyVI,Meet the Musks,1,2026-04-20T02:44:06Z
L3oO510dyVI,"Welp, that's a subscribe.  Incredible job.🎉",1,2026-04-20T02:00:45Z
L3oO510dyVI,Elon is watching this right now trying to look up what some of your words mean.,1,2026-04-20T01:53:52Z
L3oO510dyVI,“Like an ad for angus beef without the G” with that I direct you to why elon stopped letting twitter likes be public.,1,2026-04-20T01:46:51Z
L3oO510dyVI,18 minutes 37 seconds of some of the finest writing this channel has ever produced.,1,2026-04-20T01:46:18Z
L3oO510dyVI,This is an incredible takedown.,2,2026-04-20T01:06:30Z
L3oO510dyVI,It's my hope that RCR and Benn Jordan find a way to collab about car automation. 😄,1,2026-04-20T00:58:09Z
L3oO510dyVI,Staring at this for 18 minutes just made me want a Silverado EV WT.,1,2026-04-20T00:03:18Z
L3oO510dyVI,it’s been a minute since Mr Regular really flexed his English muscles properly destroying a vehicle that deserves it. this was incredible. thank you RCR!,1,2026-04-19T23:43:49Z
L3oO510dyVI,Wow this hits all the notes lol,1,2026-04-19T23:20:05Z
L3oO510dyVI,printing the transcript of this video into a little book of poetry to read on the train while openly weeping at the beauty of language,1,2026-04-19T23:00:50Z
L3oO510dyVI,"I was disappointed on my trip to NYC from Europe, that I seen more of these in Manhattan than crown vics😢",0,2026-04-19T22:54:46Z
L3oO510dyVI,Thanks for giving a fair review! It's hard to find anyone who mentions the Cybertruck's good point ... without sounding like a douchebag salesman.,0,2026-04-19T22:39:39Z
L3oO510dyVI,I almost got hit by one of these cars. It was matte black and it was leaving a parking garage while I was entering it. I couldn’t see him and he decided that he needed half my lane.,1,2026-04-19T22:30:33Z
L3oO510dyVI,How’d you get Ben Shapiro to collab with you on the voice over?,0,2026-04-19T22:18:26Z
L3oO510dyVI,This is “a billboard for its driver. And that’s as flattering as Angus beef without a ‘g’”… poetry!,0,2026-04-19T22:05:02Z
L3oO510dyVI,"6:43 Why the crazy taxi and Samus cosplay? Not complaining, just curious.",0,2026-04-19T22:04:19Z
L3oO510dyVI,Fantastic,0,2026-04-19T22:02:39Z
L3oO510dyVI,"Cybertrucks are admired by those who believe they'll get their share when R3publicans say, ""If you want to be a billionaire, VOTE LIKE ONE.""",0,2026-04-19T21:46:01Z
L3oO510dyVI,Can't stand the 4 wheel steering,0,2026-04-19T21:44:29Z
L3oO510dyVI,"18 and a half minutes of poetic burns, each one of which is truly well deserved.",0,2026-04-19T21:29:10Z
L3oO510dyVI,Pretty sure I flipped both of you off going the other way… 😂,0,2026-04-19T21:18:42Z
L3oO510dyVI,"""What art could come from this?""

Well, the script for this video, for one",0,2026-04-19T21:08:15Z
L3oO510dyVI,Every single guy who drives one of these is such a piece of work. And it's always a guy.,1,2026-04-19T20:23:56Z
L3oO510dyVI,Your candor is spot on. 😆,0,2026-04-19T20:09:03Z
L3oO510dyVI,"I will say ""another day, another dollar... but still only a dollar.""",0,2026-04-19T20:08:34Z
L3oO510dyVI,Please review the ID Buzz,0,2026-04-19T20:05:21Z
L3oO510dyVI,Uhhh ... It has a frunk,0,2026-04-19T20:05:19Z
L3oO510dyVI,13:13 “This is a truck the same way falling down a flight of stairs is exercise.” 💀,0,2026-04-19T19:30:53Z
L3oO510dyVI,"My only issue with this review is not one comparison to the DMC-12. They look similar, they both suck, they were both made by a supposed ""genius"" who was just drugged out of his mind.",1,2026-04-19T18:50:11Z
L3oO510dyVI,🤣🤣🤣 I wasnt ready for the Marathon reference.,0,2026-04-19T18:41:57Z
L3oO510dyVI,Now tell me how you really feel about it.,1,2026-04-19T18:24:24Z
L3oO510dyVI,9:38 gave a guy a thumbs down and he whipped around and followed me for miles 😂,2,2026-04-19T18:20:56Z
L3oO510dyVI,"Yankee plan? What, you leaving us southerners out of the conversation?",0,2026-04-19T17:09:44Z
L3oO510dyVI,"Ford truck commercial idea.    Real footage of a Ford towing a cyber stuck out of the mud puddle it got stuck in.    Every ad could be different footage, and there is no lack of raw footage.",1,2026-04-19T16:29:54Z
L3oO510dyVI,This could be the greatest car review in history.,1,2026-04-19T16:12:25Z
L3oO510dyVI,"9:59 Can confirm. Every time I see a cyber truck, all I can think of is that someone paid a lot of money to look deeply goofy. 

I do have some sympathy for the people who’ve regretted their purchase but anyone still rockin’ their cyber truck today is this generation’s equivalent of a bad toupee.",2,2026-04-19T15:38:41Z
L3oO510dyVI,This is the one Tesla car that Elon seems to have actually had a hand in designing and ofc it's the worst possible Tesla you could buy,0,2026-04-19T15:37:40Z
L3oO510dyVI,When a Delorean and a Pontiac Aztek have a baby!!!!,1,2026-04-19T15:29:28Z
L3oO510dyVI,"I see so many stickers saying “anti elon tesla club” on the newer versions of teslas and its just so backwards. Like maybe if it was their first gen cars then sure, and at the same time sometimes people cant turn in their teslas so theyre stuck with it.",1,2026-04-19T15:21:08Z
L3oO510dyVI,Whats amusing is how very different the script and tone of this video would've been had it been released pre ~2022.,1,2026-04-19T14:51:30Z
L3oO510dyVI,"Every time you see a cyber truck, you should tag it with a sticker like signs in New York",1,2026-04-19T14:41:45Z
L3oO510dyVI,Every line is this video is pure vitriolic gold I love it,0,2026-04-19T14:29:00Z
L3oO510dyVI,only 3 minutes in but i'm already astounded by the sheer volume of absolute bars you have been able to cook up in seething hatred of this vehicle.,2,2026-04-19T14:27:10Z
L3oO510dyVI,The Naked Lunch of car reviews,1,2026-04-19T14:19:28Z
L3oO510dyVI,"""Nuttier than a truck stop glory hole.""

Yes, indeed.",2,2026-04-19T14:06:59Z
L3oO510dyVI,"I haven’t seen one of your videos in years since the Miata/yokohama bro video 😂 but your prose is amazing. 
I have subscribed.",0,2026-04-19T14:03:25Z
L3oO510dyVI,"I kept seeing a Cybertruck drive around my area. Every time I did, I kept saying to myself, ""Man, what an asshole!"" Then, I see the footage at 17:51. I recognize that road. I drive on it basically every day. I then realized that there is a very real possibility that I may have witnessed y'all driving this monstrosity. I pogged and pointed at my screen yelling ""YOU GUYS WERE THE ASSHOLE????""",127,2026-04-19T14:02:57Z
L3oO510dyVI,"9:27 a thick skull, more like",0,2026-04-19T13:50:05Z
L3oO510dyVI,"“ All wasted money is replenished by generational wealth…”  An 18:37 tirade of truth, but that one line sums up everything wrong with American capitalism and culture.",2,2026-04-19T13:48:36Z
L3oO510dyVI,"The worst person you know is watching this review thinking ""This is the truck for me""",1,2026-04-19T13:38:06Z
L3oO510dyVI,"I cant help but crack up EVERY time I see one. I actually saw some ""construction"" company's logo. Talk about negative advertising.  Good review.",1,2026-04-19T13:18:44Z
L3oO510dyVI,"""Tesla Cybertruck an empty shell of a vehicle for people who are empty shells""

Love that quote!!",2,2026-04-19T13:01:16Z
L3oO510dyVI,"hey hey hey, it's time to make some  C R A Z Y  money!",0,2026-04-19T12:44:28Z
L3oO510dyVI,"I agree with nearly all of this, Mr. Regular, but I’ve got to ask, is there ANY room in this experience not ruined by its direct association with Musk? And if the world were different, and that association not there, would you see your experience be affected differently?",0,2026-04-19T12:33:43Z
L3oO510dyVI,Most accurate intro to any youtube video ever made,0,2026-04-19T12:25:33Z
L3oO510dyVI,Cybertruck owners do tend to sound like Ben Shapiro,2,2026-04-19T12:09:53Z
L3oO510dyVI,You have no idea how glad I am these road safety violations are completely banned from entering Europe.,1,2026-04-19T10:23:21Z
L3oO510dyVI,RIP the AI that's going to eat the script for this video...imagine the slop xD,1,2026-04-19T09:02:05Z
L3oO510dyVI,Reddit Car Reviews,1,2026-04-19T07:59:27Z
L3oO510dyVI,Buys gold shields and guns on marathon then gets downed by free kits and rage quits,7,2026-04-19T07:39:01Z
L3oO510dyVI,I'm glad I'm not the only one who beats off to the curb scene in American History X.,1,2026-04-19T07:01:29Z
L3oO510dyVI,I mean he’s not wrong and I really understand all his points but at the same time fuck fashion,0,2026-04-19T04:58:09Z
L3oO510dyVI,"Is that _deliberately_ a Ben Shapiro impression or is it inevitable that the Platonic ideal of a Cybertruck owner would sound just like him, with the same weird. staccato. cadence?",2,2026-04-19T01:55:39Z
L3oO510dyVI,More like jackboot-licker,0,2026-04-19T01:22:38Z
L3oO510dyVI,based car reviews. i haven’t seen a video in forever but this one showed up and every sentence was perfect,1,2026-04-19T01:22:33Z
L3oO510dyVI,"There have been some great episodes of this show over the years, but this one has probably made me laugh the most.",1,2026-04-19T01:14:27Z
L3oO510dyVI,hey be nice to marathon,1,2026-04-19T00:01:24Z
L3oO510dyVI,"the state of your roads, wtf. No correlation with the fact everyone drives a 2 tons truck ofc.  The US turned into 3rd world.",0,2026-04-18T22:23:19Z
L3oO510dyVI,"So, a yes?",0,2026-04-18T22:15:06Z
L3oO510dyVI,"""An empty shell of a vehicle, for people who are empty shells"". Pure Gold :)",2,2026-04-18T22:06:44Z
L3oO510dyVI,"meh, it's a tough world, and I'm a tough guy!",0,2026-04-18T21:57:42Z
L3oO510dyVI,Legendary description,0,2026-04-18T21:46:17Z
L3oO510dyVI,"To reference 40k ""the machine spirit of this thing is built for war but confined to peace""",1,2026-04-18T21:42:24Z
L3oO510dyVI,incredible stuff,0,2026-04-18T21:04:49Z
L3oO510dyVI,"I am one of the tiny few that actually like the way this car looks. It's so different and stylish in my opinion. Love the sharp edges and corners.

But it's the only thing I like about this car.",0,2026-04-18T20:48:20Z
L3oO510dyVI,Brilliant. This sums it up so accurately.,0,2026-04-18T20:47:55Z
L3oO510dyVI,17:25 The madman actually did it. He made a car uglier than the Renault Multipla.,0,2026-04-18T20:40:18Z
L3oO510dyVI,Wonderful.,0,2026-04-18T20:34:04Z
L3oO510dyVI,This was far from a regular car review,0,2026-04-18T20:19:19Z
L3oO510dyVI,"I didn't get the ""living next to ice facility"" part. Are they supporting ice?",0,2026-04-18T20:08:16Z
L3oO510dyVI,"This is like Call of Duty® in the words of a man with more clout than I will ever know “…it doesn’t spark joy”

Go get a Rivian if you’re dying to spend the money",2,2026-04-18T19:55:13Z
L3oO510dyVI,The single best car review I’ve ever heard… obviously commentary on where we are as well. Bravo,1,2026-04-18T19:50:54Z
L3oO510dyVI,i love my cybertruck my hot wife my big colonial house and salt water pool and abig backyard my babyboy drives his mini ct around.  your life sucks,0,2026-04-18T19:46:36Z
L3oO510dyVI,This is like old school AVGN for cars I love this,1,2026-04-18T19:27:34Z
L3oO510dyVI,"Witty commentary, albeit ignorant. The technology leap is something that takes literally months to comprehend and longer to appreciate. 24k + miles later, when I get into my new Ram 2500 4x4 Diesel or my buddies F150, it feels like going back in time. The steer by wire steering is amazing. Literally never turnings the wheel more than 180 degrees doesn't sound like much until you drive in a crowded parking lot. Crazy how smooth parking becomes. Long trip, the comfort level is like our Escalade! I know this video is meant to pander to Cybertruck haters that can't comprehend the profiundly amazing capabilities, but just thought I'd chime in. Go push on the fender of any modern vehicle....shocker...it will flex. Lol! CT is the best all around truck I've ever had. I didn't think that at first, it takes time... Towing range at max load is 50%, but it tows amazingly well.",1,2026-04-18T19:15:30Z
d1iyDBcco-o,Congratulations to the owner. Proud moment.As always thanks Mohan anna.,2,2025-10-09T16:52:41Z
d1iyDBcco-o,Kuppai vandi 😂😂,0,2026-02-27T21:53:47Z
d1iyDBcco-o,My first car ❤,1,2026-01-12T03:30:24Z
d1iyDBcco-o,அண்ணா பார்வையற்றவர்கள் பயன்படுத்த திரை வாசிப்பான் வேலை செய்தா அப்படின்னு செக் பண்ணி சொல்லுங்க 😊,1,2025-12-21T18:24:35Z
d1iyDBcco-o,Now BYD   NO 1   tesla  go down  👎,0,2025-12-08T02:09:16Z
d1iyDBcco-o,Mr. Mohan sir Tata Manza petrol car Rewiv please,1,2025-12-03T17:39:44Z
d1iyDBcco-o,"The tech is good. But the interior is bland, boring and not comfortable!!",0,2025-11-27T02:43:14Z
d1iyDBcco-o,❤,1,2025-11-24T14:41:26Z
d1iyDBcco-o,Whose car❤️❤️,0,2025-11-21T12:45:45Z
d1iyDBcco-o,Why so much build up😊,0,2025-11-16T13:42:59Z
d1iyDBcco-o,Battery and Mileage ku vena best car mathapadi normal car la iruka comfort irukkadhu.,0,2025-11-16T00:09:40Z
d1iyDBcco-o,Old car … poiya dubukkku… American plastic car,0,2025-11-12T23:17:09Z
d1iyDBcco-o,excellent vlog,1,2025-11-12T15:23:45Z
d1iyDBcco-o,naanga germany car family .,0,2025-11-12T15:17:28Z
d1iyDBcco-o,after A2D VIDEIO,17,2025-11-07T15:38:17Z
d1iyDBcco-o,A2d channel kuu Appuram vandhuu erukaaaa friends like ❤,2,2025-11-07T15:12:48Z
d1iyDBcco-o,A2D ,12,2025-11-07T14:22:26Z
d1iyDBcco-o,After A2D 2ND TIME WATCHING ✊,21,2025-11-07T14:02:54Z
d1iyDBcco-o,Gopinath sonnathu pola muthalil car vanguvathu tiruppur karanga thaan. Kaasu illa kaasu illa nu solluvanga hahaha,0,2025-11-02T17:35:41Z
d1iyDBcco-o,I have two car’s one number plate Tamil other Machan New York number plates,1,2025-11-02T05:13:42Z
d1iyDBcco-o,Tires are worn out. Looks like second hand car. Not worth for 68 Lakhs,0,2025-11-02T04:56:35Z
d1iyDBcco-o,Desla😅,1,2025-10-30T18:02:40Z
d1iyDBcco-o,Mahindra xev 9e super,1,2025-10-30T10:44:40Z
d1iyDBcco-o,Good job Mohan Sir 😊🙏👍🇮🇳✌️...,1,2025-10-29T14:07:56Z
d1iyDBcco-o,Elon musk ila athu musk mama🎉,0,2025-10-28T17:59:27Z
d1iyDBcco-o,Ithuku ivalo buildap theva illa,0,2025-10-28T15:54:21Z
d1iyDBcco-o,எந்த ஊரு சார்  tesla ஷோ ரூம்,1,2025-10-27T14:15:53Z
d1iyDBcco-o,TATA harrier EV is far better than this Y model,1,2025-10-27T11:41:01Z
d1iyDBcco-o,Madan gowri thakkapattar😂,2,2025-10-26T14:50:34Z
d1iyDBcco-o,"congratulations Sir. But for this 65L amount, I can buy 6 Maruti Ertiga cars. And start my Taxi Service business. And  safely earn Monthly 2 to 3 Lakhs. In Two or three years, I get my investment amount of 65L.",0,2025-10-26T13:42:31Z
d1iyDBcco-o,anna consultation charges ?,0,2025-10-22T18:44:49Z
d1iyDBcco-o,Santhanam kungumam vaera level,1,2025-10-22T13:41:25Z
d1iyDBcco-o,"Owner of three Tesla , do not rely on Autonomous driving. 
Tesla is simply not ready for the fully autonomous driving. My humble message",0,2025-10-22T02:20:04Z
d1iyDBcco-o,தயவு செய்து இந்த தானியங்கி ஓட்டத்தை ( autonomous driving)ஐ நம்பி இந்தியாவில் ஓட வேண்டாம்.,0,2025-10-22T02:18:25Z
d1iyDBcco-o,ஓகே நல்லா தான் இருக்கு ரெண்டு நாள்ல வண்டி எடுத்துட்டு வேண்டியது தான்,0,2025-10-21T14:31:04Z
d1iyDBcco-o,MG gloster review podunga anna,1,2025-10-21T13:01:31Z
d1iyDBcco-o,Tesla - In India it's Failure car company,0,2025-10-21T11:08:47Z
d1iyDBcco-o,Naatukku rombo mukiyam,0,2025-10-20T17:34:37Z
d1iyDBcco-o,"I am watching your demo from Salt Lake City, Utah, USA.",0,2025-10-20T17:22:20Z
d1iyDBcco-o,"மீறுன வெலையிங்கோ, நம்ம பட்ஜெட்டுக்கு மீறுன காருங்கோ",2,2025-10-19T17:48:35Z
d1iyDBcco-o,"Hi Sir, Maruti Suzuki Showroom la Optional Extended Warranty Vanga Soli Compel pandranga. Car Book pani Loan approve agi 15 days wait panitu irukom, Ipo Warranty ilama pana Mudiyadhu vena Booking Cancel pani Refund Vangiko nu rude pesuranga, Indha Situation epdi Handle pandradhu Sir 😢 Na first time Car buy pandre.",0,2025-10-19T02:01:19Z
d1iyDBcco-o,I thought it was bussy anand seeing the thumbnail 🤣,1,2025-10-17T03:01:42Z
d1iyDBcco-o,"Intha 
Car vangarathuku riksha vangalam",0,2025-10-14T18:24:03Z
d1iyDBcco-o,Intha vandi yoda pondicherry😅oru trip ponam sir... 😊,2,2025-10-14T17:15:03Z
d1iyDBcco-o,"What is great achievement, telsa musk, is a business man, he make ready for sales only. Here giving commission in percentage that y he never bring here, whatever car comes road in our country is mokka only. There is no proud in driving whatever car comes.",0,2025-10-14T04:57:08Z
d1iyDBcco-o,🎉🎉🎉🎉,1,2025-10-12T09:52:40Z
d1iyDBcco-o,Not good,0,2025-10-12T03:05:33Z
d1iyDBcco-o,போங்க சும்மா,0,2025-10-12T03:04:18Z
d1iyDBcco-o,ennagada tesla kulla lemon 😃,1,2025-10-11T16:39:33Z
d1iyDBcco-o,Service enga pannuveega,0,2025-10-11T16:32:06Z
d1iyDBcco-o,Anna neenga car work panra video vanthu romba naal aguthu anna,0,2025-10-11T15:39:21Z
d1iyDBcco-o,ஈரோட்டுல எங்க இருக்குதுங்க கண்ணில.மட்டும் பார்க்கலாமா,0,2025-10-11T10:43:27Z
d1iyDBcco-o,"Tesla with Pattaiiii 


Ultimate thamizhan❤",12,2025-10-10T16:58:48Z
d1iyDBcco-o,Only Made in INDIA,1,2025-10-10T16:29:17Z
d1iyDBcco-o,Avoid America,0,2025-10-10T16:28:32Z
d1iyDBcco-o,Must என்பது மஸ்டா முஷ்டா  sir,1,2025-10-10T16:23:59Z
d1iyDBcco-o,Opposite la omni ❤,1,2025-10-10T03:24:51Z
d1iyDBcco-o,❤❤❤anna❤❤❤,1,2025-10-09T12:43:15Z
d1iyDBcco-o,சுருக்கு பை மாற்றதுக்கு இடமா 😁😀😃😅 நம்ம ஆளு எப்பவுமே லொள்ளு பா,4,2025-10-09T10:44:03Z
d1iyDBcco-o,Sir oru request tesla elanmusk tamilana veliyavittu thukitanga aana avanga product ah nama vangai use panna review pannurom sir nenga check panni parunga elanmusk tamilana velaiya vittu thukkunara ellayanu,0,2025-10-09T05:21:35Z
d1iyDBcco-o,"வணக்கம் TMF அண்ணா 🙏🙏🙏. நீங்க என்னதா சொல்லுங்க. என்னதா Elon Musk Tesla - வை கண்டுபுடிச்சாலும். அந்த Tesla - ku உள்ள கால் பதம் பட்டு தூசி படிந்து விடக்கூடாது என்பதற்காக நியூஸ் பேப்பர் வைக்கணும் - னு நம்ம தமிழன் - தா கண்டுபுச்சா.  🤣😂😅

இந்த பதிவு சிரிப்பதற்காகவும், சிந்திப்பதற்காகவும் மட்டுமே. யார் மனதையும் புண்படுத்தும் வகையில் அல்ல 😊",1,2025-10-08T18:44:33Z
d1iyDBcco-o,65 லட்சம் என்றீர்கள் சிப்மெட் எல்லாம் சேர்த்து மொத்த விலை எவ்வளவு என்று சொல்ல்ங்கனே,1,2025-10-08T17:28:17Z
d1iyDBcco-o,"மொத்தத்தில் பொம்மை கார் மாதிரி இருக்கு, உள்ள இடவசதி குறைவாக தெரியுது.",1,2025-10-08T15:17:01Z
d1iyDBcco-o,Anna vera level ultimate,1,2025-10-08T10:10:02Z
d1iyDBcco-o,Tesla failure product 😂😂😂,0,2025-10-08T08:59:28Z
d1iyDBcco-o,Arumaiyana viedeo padhivu Nantri Sir 👏👍👌,2,2025-10-08T08:50:43Z
d1iyDBcco-o,Wooooooowwwww amazing 😻,1,2025-10-08T08:46:28Z
d1iyDBcco-o,Batter area ?,0,2025-10-08T07:48:31Z
d1iyDBcco-o,Technology at work safety is the priority! We should reduce the tax for such vehicles to make it affordable to many!,0,2025-10-07T12:00:20Z
d1iyDBcco-o,அண்ணா இந்த வண்டி மதுரையில் ஏற்கனவே இருக்கு மதுரைக்கு வந்து பாருங்க இந்த வண்டி இருக்கு எப்பயோ மதுரையில் இந்த வண்டியை நான் பார்த்து இருக்கேன்,5,2025-10-07T06:45:44Z
d1iyDBcco-o,overhyped and over priced plastic box on wheels...do not waste your money on this...instead any TATA or HYUNDAI hybrid SUVs in India are far better.,0,2025-10-06T19:18:15Z
d1iyDBcco-o,பின்னாடி பாற்பதட்கு Tiago போல உள்ளது ஜெய் ஹிந்,1,2025-10-06T15:37:09Z
d1iyDBcco-o,அட எங்க ஈரோடு la தான் முதல் டெஸ்லா வா... யாரு அந்த ஓனர்,2,2025-10-06T15:31:37Z
d1iyDBcco-o,"நம்ம ஊரும் குப்பை, மக்களும் குப்பை இந்த கார் இங்கே பராமரிப்பது கஷ்டம்",1,2025-10-06T10:14:42Z
d1iyDBcco-o,Waste for money.. Verum scene tha,0,2025-10-06T09:32:43Z
d1iyDBcco-o,"அந்நிய மொழிக்கார கொச்சைப்படுத்தாம  கோவைத் தமிழில் ரிவியூ செய்த பச்சைத் தமிழனும் உவகையோடு 
கேட்டு இரசிக்கும் உலகத் தமிழர் உள்ளங்களும்!
🎉❤ 😊😊😊❤🎉",5,2025-10-06T09:12:43Z
d1iyDBcco-o,Aiya neenga thaan thindal murugan kovila pooja pottadha,0,2025-10-06T08:21:54Z
d1iyDBcco-o,"❤❤😂 ஏனுங்க அண்ணா, இந்த எம்பளம் எப்ப லோக்கல் மார்கெட் ல் வரும், நம்ம ஹுண்டாய் ஐ10 ல் வாங்கி ஒட்டலாம் னு இருக்கேனுங்க😂😂😂",1,2025-10-06T05:48:33Z
d1iyDBcco-o,FYI I own a Tesla in US .. nothing is leather .. It’s all fake or artificial leather,0,2025-10-06T01:27:08Z
d1iyDBcco-o,ஏன் தமிழ்நாடு சொல்ல வாய் வரமாட்டேங்குது சவுத் இந்தியா என்கிற,0,2025-10-05T18:44:48Z
d1iyDBcco-o,This is tex valley,1,2025-10-05T17:20:05Z
d1iyDBcco-o,Who is the owner of the car,0,2025-10-05T17:18:32Z
d1iyDBcco-o,Mahindra BE9E far better than tesla 😅,1,2025-10-05T17:01:19Z
d1iyDBcco-o,மஸ்க்குக்கு தெரிந்திருந்தால் மல்லிகை பூ மாட்ட ஒரு கொக்கி வைத்திருப்பார்.,11,2025-10-05T15:58:05Z
d1iyDBcco-o,lack is not interested but any car is driving in Indian road,2,2025-10-05T15:13:24Z
d1iyDBcco-o,"Many options present. I don't know about them 
Then WHY Review.",0,2025-10-05T13:55:03Z
d1iyDBcco-o,👍👍👍,1,2025-10-05T13:34:02Z
d1iyDBcco-o,Sonata car 2009 - 2011 model review pannunga sir.,2,2025-10-05T12:45:01Z
d1iyDBcco-o,"Annan famous words 😊
1. Kulu Kulu seatu
2. Poravu kala seatu
3. Pili pili
4. Ada Okka mokka
5. Ada saamy
6. Kerago",7,2025-10-05T10:33:44Z
d1iyDBcco-o,Side profile hyundai verna mathiri irukku,1,2025-10-05T09:50:28Z
d1iyDBcco-o,Tesla ❌ BYD ✅,1,2025-10-05T09:46:16Z
d1iyDBcco-o,"Anne.  Brake dust clean panradhu avasiyama , adha eppadi clean panradhu, clean pannaama vitta yedhavadhu side-effects varuma. Idha pathi yaarum tamil la video pottadhu illa. So video podunga pls",1,2025-10-05T09:02:28Z
d1iyDBcco-o,"Anne.  Brake dust clean panradhu avasiyama , adha eppadi clean panradhu, clean pannaama vitta yedhavadhu side-effects varuma. Idha pathi yaarum tamil la video pottadhu illa. So video podunga pls",0,2025-10-05T09:02:21Z
d1iyDBcco-o,"Anne.  Brake dust clean panradhu avasiyama , adha eppadi clean panradhu, clean pannaama vitta yedhavadhu side-effects varuma. Idha pathi yaarum tamil la video pottadhu illa. So video podunga pls",0,2025-10-05T09:02:12Z
d1iyDBcco-o,"Anne.  Brake dust clean panradhu avasiyama , adha eppadi clean panradhu, clean pannaama vitta yedhavadhu side-effects varuma. Idha pathi yaarum tamil la video pottadhu illa. So video podunga pls",0,2025-10-05T09:02:05Z
d1iyDBcco-o,EVs la ipdi Minimalistic interiors are good I feel...mahindra interiors is overkill,1,2025-10-05T07:21:41Z
d1iyDBcco-o,Sema Engine intha car la...zero cylinders 💥,1,2025-10-05T07:19:34Z
d1iyDBcco-o,DONT BUY TESLA   EAST OR WEST INDIA TATA EV US BEST,0,2025-10-05T06:45:57Z
d1iyDBcco-o,Thumbnail pathathum bussy anandh nu nenachitan😂,2,2025-10-05T05:56:55Z
d1iyDBcco-o,"It contains unwanted features which is not suitable for Indian roads. Especially for starting the car ,turn indicator and many features are very risky in Indian roads",0,2025-10-05T05:46:35Z
uSfuOf8P_aQ,Bro is almost fluent in Chinese from reviewing all these Chinese cars,0,2026-04-30T16:06:38Z
uSfuOf8P_aQ,Li auto l7,0,2026-04-28T09:50:52Z
uSfuOf8P_aQ,We need this,0,2026-04-28T05:22:52Z
uSfuOf8P_aQ,Thats why we have lucid,1,2026-04-28T01:02:14Z
uSfuOf8P_aQ,evs are amazing,0,2026-04-26T18:46:31Z
uSfuOf8P_aQ,Wow,0,2026-04-26T11:08:55Z
uSfuOf8P_aQ,Dose it work with English,0,2026-04-25T20:03:55Z
uSfuOf8P_aQ,Pls review the Tesla model yl,0,2026-04-24T16:38:41Z
uSfuOf8P_aQ,Where this video captured?,0,2026-04-24T14:34:16Z
uSfuOf8P_aQ,"So if this car would cook Tesla in the US, why doesnt it cook Tesla in China? Tesla is outselling every single Chinese EV by a mile inside and outside China.",0,2026-04-24T01:31:29Z
uSfuOf8P_aQ,🔥,0,2026-04-23T18:53:57Z
uSfuOf8P_aQ,💯💯💯💯,0,2026-04-23T06:31:54Z
uSfuOf8P_aQ,Yes cooked is an understatement 😮,0,2026-04-22T21:07:25Z
uSfuOf8P_aQ,Tesla lobbies millions of dollars to keep competition away from the US.,0,2026-04-22T19:27:04Z
uSfuOf8P_aQ,Yeah obviously everyone knows blue is the universal sign of a car driving itself 😒,0,2026-04-22T16:16:14Z
uSfuOf8P_aQ,Made in China = No Thanks 🇨🇳,0,2026-04-22T12:54:26Z
uSfuOf8P_aQ,"But to be honest, i tried chinese car's and tesla and the thing is the features are REALLY COOL, BUT its all still a beta software. One week you get a cool feature,the next you dobt have Bluetooth or something. And also the intelligence of the car (for me the main reason for an EV) is nowhere near Tesla. 
This is just my opinion",0,2026-04-22T08:38:31Z
uSfuOf8P_aQ,Li,0,2026-04-21T22:14:56Z
uSfuOf8P_aQ,The problem with these companies is that it's lacking the electric charging network that tesla provides nationwide.,0,2026-04-21T03:29:52Z
uSfuOf8P_aQ,"Interesting that the Tesla model y outsold all other EVs in China last month. ""Cooked"" might not be the right word.",0,2026-04-19T05:00:03Z
uSfuOf8P_aQ,"Oke, I'm ready for China to invade us.",0,2026-04-18T23:38:28Z
uSfuOf8P_aQ,Once you said the word lidar this car is automatically inferior to Tesla. Next video…,0,2026-04-18T22:56:43Z
uSfuOf8P_aQ,They are r*ping us in America,0,2026-04-18T01:24:51Z
uSfuOf8P_aQ,Tesla would indeed be cooked if this came to Canada 😂,0,2026-04-18T01:14:11Z
uSfuOf8P_aQ,"USA<literally any other country

Adulting is knowing America ain't all that.",1,2026-04-17T02:34:00Z
uSfuOf8P_aQ,Wait till it breaks .....and often too....that's why tesla ain't cooked...,0,2026-04-16T06:40:26Z
uSfuOf8P_aQ,I got a Li6. Amazing car. Best I ever had. Super comfortable. Reliable. Fast when needed. Can go on full gaz or full electric or hybrid.,0,2026-04-15T05:46:26Z
uSfuOf8P_aQ,Casual McLaren in the background,0,2026-04-15T04:52:07Z
uSfuOf8P_aQ,i want a model 3,0,2026-04-14T22:07:36Z
uSfuOf8P_aQ,"Which is exactly why whoever they is won't allow it a place in our American auto market. Auto manufacturers around the world would have to supply more for less just to compete.. never gonna happen.

Crazy what you're able to build and the price you're able to sell it for when you manufacture a third of the world's products. Kudos to the Chinese.",0,2026-04-13T12:19:40Z
uSfuOf8P_aQ,"Kesinlikle Türkiye'ye gelip 
Togg T10X ve 
Togg T10F modellerini incelemen gerekli 
Türkiye'yi gezmen gerekli ama benden söylemesi ❤❤😂😂😂",0,2026-04-11T20:04:06Z
uSfuOf8P_aQ,Since when do you speak Mandarin?,0,2026-04-10T19:51:55Z
uSfuOf8P_aQ,Get ya feet out my chair😂😂,0,2026-04-10T19:26:18Z
uSfuOf8P_aQ,I love gas powered cars but I want want Chinese ev because they’re so unique while Tesla is bland for double the price,0,2026-04-10T14:06:57Z
uSfuOf8P_aQ,So this car isnt electric but still you think that you can compare it to tesla,0,2026-04-10T09:41:48Z
uSfuOf8P_aQ,Wind blows hard enough it will fall apart.,0,2026-04-10T00:05:53Z
uSfuOf8P_aQ,Does it okay to record on a camera while lidar sensors are active,0,2026-04-09T09:31:06Z
uSfuOf8P_aQ,"So many parts that can break, I don't like it.",0,2026-04-08T19:25:18Z
uSfuOf8P_aQ,"See this is exactly what we need in the US! EVs are wanted here but the range of affordable cars (if anyone thinks $45-60k is affordable lol) is terrible! 300m of driving in the US is nothing, that’s a 5 hour road trip if u don’t use heat or AC. The infrastructure isn’t robust enough for the EVs on the road currently. Yet licensing costs are crazy because EV drivers have a penalty for not buying gas. It’s just wild. This car would sell like hotcakes in the US at its current price, I wish we could have them!",0,2026-04-08T14:06:03Z
uSfuOf8P_aQ,American billionaires keep billing the citizens with 'security risk' claim.,0,2026-04-08T06:35:33Z
uSfuOf8P_aQ,Last thing I wanna do it to buy a Chinese car,0,2026-04-08T01:40:41Z
uSfuOf8P_aQ,Where is the free market?,0,2026-04-07T20:47:35Z
uSfuOf8P_aQ,"So we putting gas in the car to run the generator that will charge the car to run the car 😂...crazy world we live in 😝
And yeah I know engine and motor ..it's just funny",0,2026-04-06T21:48:43Z
uSfuOf8P_aQ,Ay yo shoes off the driver seats,0,2026-04-06T14:50:19Z
uSfuOf8P_aQ,Just a McLaren next to him 😂,0,2026-04-05T17:07:00Z
uSfuOf8P_aQ,"China would put every US auto manufacturer other than Tesla, out of business",1,2026-04-05T10:43:59Z
uSfuOf8P_aQ,Why make it seem like these chinese EV's are better than Teslas? Tesla still leads in sales in China against direct competitors,0,2026-04-04T12:34:18Z
uSfuOf8P_aQ,We need this is Australia 🇦🇺,1,2026-04-03T21:37:17Z
uSfuOf8P_aQ,I don't have kids but I'd probably make at least one in this car 😂,0,2026-04-03T18:59:03Z
uSfuOf8P_aQ,Woah😅,0,2026-04-03T07:58:13Z
uSfuOf8P_aQ,Tesla is trash,0,2026-04-02T18:12:36Z
uSfuOf8P_aQ,Nice video again ❤,0,2026-04-02T09:01:35Z
uSfuOf8P_aQ,Tesla is trash,0,2026-04-01T21:50:23Z
uSfuOf8P_aQ,I dont speak Chinese.. soooo??,0,2026-04-01T18:21:50Z
uSfuOf8P_aQ,This mf knows chinese too! Bro unstoppable,3,2026-04-01T11:31:18Z
uSfuOf8P_aQ,Those cameras are not for photos,0,2026-04-01T01:09:13Z
uSfuOf8P_aQ,How did you get it up here??,0,2026-03-30T07:01:14Z
uSfuOf8P_aQ,"They will never allow this because it would mean Americans can get electric cars for 10-20k and be debt free. This one is luxury and even then, it's 40k.",0,2026-03-29T22:35:45Z
uSfuOf8P_aQ,Looks just like the Lucid,0,2026-03-29T20:46:36Z
uSfuOf8P_aQ,learning chinese is required?,0,2026-03-29T11:10:50Z
uSfuOf8P_aQ,Guan bi jie ge mean close this,1,2026-03-28T06:59:53Z
uSfuOf8P_aQ,This one hands down.....,0,2026-03-27T01:49:29Z
uSfuOf8P_aQ,😮Bring it to the states please 😢🎉,0,2026-03-26T16:27:33Z
uSfuOf8P_aQ,"I love the model X, its just missing massaging seats, idk why tesla doesnt have those",0,2026-03-26T15:24:06Z
uSfuOf8P_aQ,"You mean to USA.
It could be coming to Canada's America.
🍁✌️🇨🇦",0,2026-03-26T05:39:56Z
uSfuOf8P_aQ,"Yoo, I didn't know you had a like animation 😳",0,2026-03-25T21:37:19Z
uSfuOf8P_aQ,"How big do you want your screen sir?
Me: Yes",0,2026-03-25T20:16:48Z
uSfuOf8P_aQ,All thise tariffs make sense now,0,2026-03-25T10:53:50Z
uSfuOf8P_aQ,Talk at a normal speed,0,2026-03-25T10:21:10Z
uSfuOf8P_aQ,Bro your cooked Lil,0,2026-03-25T05:23:54Z
uSfuOf8P_aQ,关闭这个😂,0,2026-03-25T01:09:47Z
uSfuOf8P_aQ,and everything will break in 6 months just before it catches fire.  When will people understand that Chinese stuff is not good,0,2026-03-24T21:46:02Z
uSfuOf8P_aQ,I would have to speak Chinese 😭😂😂,0,2026-03-24T05:55:26Z
uSfuOf8P_aQ,"Fan to cool my cell phone 
Not just Tesla, whole auto industry will feel the Jolt",0,2026-03-23T23:26:45Z
uSfuOf8P_aQ,I saw paw patrol,0,2026-03-22T18:59:14Z
uSfuOf8P_aQ,"Buy Tesla, you get a good car, Buy Li, you get a moving home😂, super cool, eell equipped",0,2026-03-21T23:22:28Z
uSfuOf8P_aQ,i wish i had that car,0,2026-03-21T20:57:11Z
uSfuOf8P_aQ,Price??,0,2026-03-21T18:01:46Z
uSfuOf8P_aQ,No one noticing the p1 when hes in the back seat🔥,1,2026-03-21T16:03:59Z
uSfuOf8P_aQ,I'm learning Chinese now,0,2026-03-21T13:37:41Z
uSfuOf8P_aQ,Bro just has a McLaren 650 LT just casually parked next to it. You can check the video when he is showing the bed style sofas to recline,0,2026-03-21T07:09:13Z
uSfuOf8P_aQ,LI AUTO EVERY DAY,0,2026-03-20T21:32:17Z
uSfuOf8P_aQ,And when it comes to Kenya 🇰🇪,0,2026-03-20T11:19:54Z
uSfuOf8P_aQ,It speaks Chinese 🤯,0,2026-03-20T06:08:50Z
uSfuOf8P_aQ,The key concern is how long the company will last.,0,2026-03-20T01:29:56Z
uSfuOf8P_aQ,Well you need to learn Chinese for the ai,0,2026-03-19T15:48:19Z
uSfuOf8P_aQ,"""We regret to inform you that you cannot drive your car. Your social credit score fell under the minimum requirement set by the People's Republic of China. The vehicle will now lock and you will be brought to jail to face your punishment. We apologize for the inconvenience. Thank you for understanding and have a wonderful day!"" -In 5 years probably",0,2026-03-19T14:18:59Z
uSfuOf8P_aQ,Damn administration locking out these cars,0,2026-03-19T12:37:21Z
uSfuOf8P_aQ,Imagine all these other countries in asia who fully trade alliance with china driving these type vehicle and itw cheap,0,2026-03-19T08:47:30Z
uSfuOf8P_aQ,We are truly getting robbed in the west,0,2026-03-19T08:46:43Z
uSfuOf8P_aQ,they are badly made people would complain more,0,2026-03-19T02:47:11Z
uSfuOf8P_aQ,I would be concerned about unrestricted over the air access but if they can address and insure that isn’t happening that car would cook all the automakers @ a $60k price point.,0,2026-03-18T21:35:16Z
uSfuOf8P_aQ,"This is a very good family EV, seems so comfortable and well equipped",0,2026-03-18T14:58:53Z
uSfuOf8P_aQ,Literally any EV coming to America Tesla would be cooked.,0,2026-03-18T02:51:53Z
uSfuOf8P_aQ,I wish we could have this. All we have to do is be peaceful with everyone and we could get stuff like this too.,0,2026-03-18T02:13:35Z
uSfuOf8P_aQ,Lynk&co 900 or lixiang l9?,1,2026-03-17T18:13:40Z
uSfuOf8P_aQ,How can we get this in the U.S.?,0,2026-03-17T08:58:59Z
uSfuOf8P_aQ,Even comes with the Chinese smog.,0,2026-03-16T21:13:37Z
uSfuOf8P_aQ,wtf is American mfg doing! These cars are so much more advanced. Real test: durability of these cars on American roads. 1st test: Oklahoma I-35 potholes @ 80mph,0,2026-03-16T21:10:01Z
uSfuOf8P_aQ,Looks like an Audi Q7 and the name “Li Auto L7”,0,2026-03-16T16:46:35Z
hW_1l00I0yA,For more information:: https://www.cardekho.com/tesla/model-y,0,2025-08-28T11:45:57Z
hW_1l00I0yA,"Buy M9 
You family will be happy 😊",0,2025-09-04T08:32:50Z
hW_1l00I0yA,Vada pav me bik gaye ye log,0,2025-07-31T08:59:06Z
hW_1l00I0yA,Ek video bajaj qute pe bhi,0,2025-07-27T17:33:25Z
hW_1l00I0yA,Tesla is the millinum car. No competition,0,2025-07-27T08:44:37Z
hW_1l00I0yA,10 saal deri ke baad aaya,0,2025-07-27T05:04:09Z
hW_1l00I0yA,I think the price will drop to 35 to 40 lacks after indo us trade deal ❤,0,2025-07-27T00:45:40Z
hW_1l00I0yA,"EVs are the biggest scam of the century. By the time people realise it, they'll be too old to drive any vehicle.
Real auto enthusiasts will never like an EV.
It's just an ugly computer on the wheels!",0,2025-07-26T16:18:20Z
hW_1l00I0yA,It don't have the  road presence of 60 lakhs,0,2025-07-26T14:17:26Z
hW_1l00I0yA,"This car is for standard people and most Indians are a joke, just look at there city, flooded, stinky, 

They will never understand the minimalist design of this wonderful car.",0,2025-07-26T14:12:32Z
hW_1l00I0yA,❤❤❤❤❤🎉🎉🎉🎉,0,2025-07-26T13:08:26Z
hW_1l00I0yA,"Ab india me better options haii  ev lena hai to  tata and mahindra   better options lag rahe haii muze to ab 
Tata ❤❤ mahindra ❤❤❤",1,2025-07-26T11:45:55Z
hW_1l00I0yA,Change india government.. bharat ko yuwa netaon ki jarurat hai,0,2025-07-26T09:54:09Z
hW_1l00I0yA,Good balanced review. To the point and nuanced.,0,2025-07-26T09:28:43Z
hW_1l00I0yA,Can it run google maps on screen,0,2025-07-26T09:13:56Z
hW_1l00I0yA,"Car cost 40 lakhs
Taxes 30 lakhs 
In other parts of worlds it's used as taxi....
In india makes hype that Tesla in india...
Really Indians are silliest people's in the world ...😂😂😂😂 Modi ji proved this😂😂😂",0,2025-07-26T08:15:23Z
hW_1l00I0yA,Car ko kisi hack karlia to chori ho sakta hai,0,2025-07-26T06:40:20Z
hW_1l00I0yA,00:42  the car beside tesla...i will definitely buy instead of tesla for 60L,0,2025-07-26T06:32:07Z
hW_1l00I0yA,Tesla tujko nahi lene ka le liya hai Fesla 😂😂,0,2025-07-26T05:57:39Z
hW_1l00I0yA,Laad chat ne bala review,0,2025-07-26T04:48:28Z
hW_1l00I0yA,Mujhe lagta hai ₹60L lakh dekar tesla Na lekar ₹30L Tata harrier ev Lena Sahi hoga,17,2025-07-25T09:27:43Z
hW_1l00I0yA,touch is not working. what is the point of paying 60 lakhs.,7,2025-07-25T07:59:46Z
hW_1l00I0yA,Best car ever.,1,2025-07-25T07:50:58Z
hW_1l00I0yA,Tesla has a cool factor 😮 not gonna lie 🤥,1,2025-07-25T05:42:16Z
hW_1l00I0yA,2:44 pe touch kam nahi kar raha hai 😂😂😂😂😂,2,2025-07-25T05:27:48Z
hW_1l00I0yA,Without self driwing kya fayda iska,1,2025-07-25T05:08:37Z
hW_1l00I0yA,6:15 SUV ? sedan nahi he ye?,4,2025-07-25T04:59:38Z
hW_1l00I0yA,Not sure if it's worth to pay for a box 📦 of metal with electronics in it.. Not worth at all.. Better is BYD Sealion 7,0,2025-07-25T04:42:42Z
hW_1l00I0yA,paise leke review hai kya...?😂🤣,1,2025-07-25T04:22:56Z
hW_1l00I0yA,Bs tax 48% rahta toh thik rahta,1,2025-07-25T04:00:11Z
hW_1l00I0yA,Most of the viewer wo hai jinko Leni nahi hai par dekhni jarur hai time nikal kar 😊,6,2025-07-25T02:33:09Z
hW_1l00I0yA,60 lakh we want to buy Mercedes😅😅,0,2025-07-24T20:42:07Z
hW_1l00I0yA,There are no indian sadke there are only indian khadde. Agar ye khaddo pe chal gayi to india me chal gayi,0,2025-07-24T20:20:12Z
hW_1l00I0yA,"Nah,The Mahindra EVs are better.",5,2025-07-24T19:57:52Z
hW_1l00I0yA,Does this have Adaptive Cruise Control ?,1,2025-07-24T19:40:33Z
hW_1l00I0yA,Looks are absolutely a joke.,1,2025-07-24T19:37:40Z
hW_1l00I0yA,Harrier ev is much better than tesla intems of space features and practicality,4,2025-07-24T19:20:27Z
hW_1l00I0yA,"Taking delivery of swift in few days and watching tesla dont know why, I cant even afford it considering taxes 😁😁😁",2,2025-07-24T18:30:00Z
hW_1l00I0yA,Looks like paid review.These guys criticise so much for lack of buttons in other brands but in tesla wow clean minimalist and best part no learning curve in this car lol,41,2025-07-24T17:54:38Z
hW_1l00I0yA,Ofc i will choose fortuner,2,2025-07-24T16:23:32Z
hW_1l00I0yA,"At starting, that blue coloured BMW was trolling TESLA😂💪💪",14,2025-07-24T16:08:10Z
jHJM-TbFDag,"UPDATE: thanks for the feedback, the cover DOES stow into the trunk, here's a quick update video demonstrating how it works: https://www.youtube.com/shorts/HLO87WwErJs",111,2025-07-17T16:00:15Z
jHJM-TbFDag,is this marine blue,0,2026-04-29T13:59:06Z
jHJM-TbFDag,This is not a review this is a hate video.,0,2026-04-20T02:48:25Z
jHJM-TbFDag,I wonder how much energy it wasted when you have no use of the back seat screen.  Also can you just turn it off or disables it?,0,2026-04-17T07:49:56Z
jHJM-TbFDag,"THIS is why I would never buy Consumer Reports magazine again. They need to get someone that really knows the product. This gent starts with ""no place for the rear security cover"", when there is a specific place for it under the rear carpet. He talks about how the infotainment center is confusing and doesn't seem to realize that with one push of your thumb on the right button on the steering wheel and telling the vehicle what you want to happen, whether it is telling it to play a certain radio station, navigation, wipers, heat, air, seats, whatever.....this vehicle makes all other obsolete.Seriously.
I've owned more cars in my 76 years than most people....I just love them, but this Model Y is life changing compared to all others. It's just unbelievable that you can enter the car, it remembers all your settings.....I mean all of them....and then you just tell it to navigate to such and such.....whether it is a mile away or 3000 miles away. How simple is that? No gas lines, no paying premium prices for gas, being relaxed and refreshed after a trip where it sees 360 degrees. Super safe, in fact, it's the safest car made in the world.",1,2026-04-14T20:27:55Z
jHJM-TbFDag,after owning the tesla model 3.  The door handles are certainly not tiring by any means,0,2026-04-14T02:32:30Z
jHJM-TbFDag,I want you to see the default go-to EV this hater is talking about. This should be his last review due to obvious bias.,0,2026-04-13T05:18:52Z
jHJM-TbFDag,"Tesla does not release significant changes based on model year.  Its based on when done.
So a model in 2026 isnt helpful",0,2026-04-10T13:53:30Z
jHJM-TbFDag,No heads up display?,0,2026-04-06T00:13:07Z
jHJM-TbFDag,Best. Tesla. Review. EVER.,0,2026-04-04T20:14:23Z
jHJM-TbFDag,The rear at first glance looks like the robot from a movie from a.d old movie....can't remember the name.of it.,0,2026-04-04T00:24:30Z
jHJM-TbFDag,"I'm 8 minutes into this review and just about to turn it off.  Recommend CR pick someone not as pissed off about life who can give an objective review.  I do not own a Tesla, but wanted to learn about them.  This is a bitch session.",0,2026-04-02T11:38:31Z
jHJM-TbFDag,Why wouldn’t they use the wraparound light to show if you have your turning signal on but there is something there?,0,2026-03-31T23:00:12Z
jHJM-TbFDag,I think the rear display is for kids.,0,2026-03-31T22:51:09Z
jHJM-TbFDag,nice car,0,2026-03-31T14:49:21Z
jHJM-TbFDag,"After seeing this, I recommend someone else do a revised version. Maybe when the Model YL hits the streets this fall.",0,2026-03-28T11:17:39Z
jHJM-TbFDag,"I am wondering if this guy rips on the car because of Musk's politics.  It is a pretty solid vehicle with a lot of refinements.  One of the best American manufactured products in a long time.  If he is insinuating that Hyundai, Kia and the Ford Lightning are better products; he has lost all creditability.",0,2026-03-26T14:22:43Z
jHJM-TbFDag,This guy is definitely a Tesla hater. This review was so negative in tone and he always looked for the negative when possible.  No other electric car has a charging network like Tesla.  No other electric car drives better with full self driving.  No other electric car gets significant software updates that make the car feel new again. No to mention the price is right compared to the completion. Thumb down for Consumer reports review. Try to be objective next time.,0,2026-03-25T04:41:58Z
jHJM-TbFDag,"One of the worst review full of inaccurate information. It is consumer reports after all, can’t expect much.",0,2026-03-24T07:30:14Z
jHJM-TbFDag,"One of the important things when one pedal regens to slow down without the brake light on, it could cause a rear-end accident.",0,2026-03-22T12:30:28Z
jHJM-TbFDag,"I think its pretty obvious he's the sports car type and didn't have enough seniority to get out of this review...
Confused about controls that aren't confusing. Thinks handles are a nuisance long term when only had it for a weekend...
Its the best selling car in the world, obliterates the other EV's in sales.... Yet its not the obvious choice for EV's....",0,2026-03-20T23:50:35Z
jHJM-TbFDag,"6 mins in and its obvious that this reviewer hates the technology in Tesla and prefers a traditional vehicle.  
I personally like much of the tech he's trashing and the fact that most of it can be voice controlled but YMMV.",0,2026-03-20T02:55:49Z
jHJM-TbFDag,"Not sure if the driving laws have changed, but I thought I remembered that you are supposed to signal a lane change, change one lane, then turn off your signal..then turn it back on, then move to your the next lane.  Not signaling and jumping multiple lanes without pausing, checking your clearance, then proceed….one lane at a time per sequence.  Anyone know about this?",0,2026-03-17T13:43:29Z
jHJM-TbFDag,This guy is terrible.,0,2026-03-16T20:42:04Z
jHJM-TbFDag,I don't think it's a good idea for the reviewer to be this good looking.  It's a bit distracting from the review.,0,2026-03-16T12:01:43Z
jHJM-TbFDag,"@consumerreports There is one big disadvantage of one pedal driving, and it really shows when parking into tight spaces, so much that becomes a safety issue. Creeping forward one inch needs pressure on the ""gas"" pedal, which can translate into hitting the obstacle if that pressure is only a bit more than needed. Also, in that scenario, the reaction time to hit the brakes is considerably bigger, compared to brake-pedal creeping. For this reason, I'd totally prefer creeping forward with the brake pedal, rather than the accelerator. Im sure this can be a software update, this is, the car can detect you're creeping forward into a tight space, and it could show a message to activate ""Brake-pedal creeping""",0,2026-03-11T18:55:38Z
jHJM-TbFDag,"For some reason I get the feeling this reviewer isn't being totally honest. Some of the nit picks were really odd. The front window corners make it feel old? Really? Man, give me a break!",0,2026-03-11T02:32:38Z
jHJM-TbFDag,Why does nobody ever tell you you to use voice for  you you need when driving……,0,2026-03-10T18:12:25Z
jHJM-TbFDag,"The amount of political fanatics commenting here is astounding. 
Any other car brand is criticizable. Not Tesla. 
I would rather have any other brand that still uses traditional car commands, switches and buttons.",1,2026-03-09T18:21:12Z
jHJM-TbFDag,It looks so old fasioned,0,2026-03-06T18:36:08Z
jHJM-TbFDag,FSD alone beats every other cars in the market.,0,2026-03-06T00:53:20Z
jHJM-TbFDag,"Bought mine last week and it is awesome. No regrets at all. Even after a week I can use the door handles easy. Turns out that while you are driving you do not need to do much with the controls. In my case my wife handles all of that. Also, the FSD gives you time to address anything you need in most cases.",0,2026-03-04T03:58:05Z
jHJM-TbFDag,So what other EV would come close to this one?,0,2026-03-03T19:10:17Z
jHJM-TbFDag,I guess CR hasn’t figured out the difference between objective and subjective reporting…,0,2026-02-27T04:28:40Z
jHJM-TbFDag,"I’ve had my model Y for 2 years now. At age 81, it’s far superior to anything I’ve owned, starting in the ‘50s. The game changer is the amazing speaker quality and full self driving. If I had a subscription to Consumer Reports, I would cancel it on the basis of this review. FSD is the future and it was given about 30 seconds of the 20 minute review. No other car manufacturer is remotely close to this incredible achievement in transportation of people. Case closed.",0,2026-02-26T02:21:11Z
jHJM-TbFDag,"I don’t like the doorhandles! I recently bought the Tesla Juniper Diamond Black! At night time, try to find the door handle so you can get in your car. Let me know how that works out.",1,2026-02-25T15:32:51Z
jHJM-TbFDag,"This came across as a very anti-Tesla review, even the half hearted attempts at compliments came with a yeah-but sentiment.",0,2026-02-24T19:34:03Z
jHJM-TbFDag,"As a note, the matrix headlights are also on all Model Y vehicles since 2022 except the new base model.",0,2026-02-24T17:12:57Z
jHJM-TbFDag,Looks like we've been listening to the same Forrest Frank album lol,0,2026-02-22T02:34:05Z
jHJM-TbFDag,"I think the exterior designe is so much nicer than the older one. It would still be better to have physical buttons, I dislike having to take my eyes off the road and touch a screen. Just give us a few buttons, that's all we need.",0,2026-02-21T14:52:02Z
jHJM-TbFDag,Is it Maine blue color in this car you drive ?,0,2026-02-19T21:39:00Z
jHJM-TbFDag,"I have this car and am blown away by it. Honestly I don't know what it would take to impress you. Maybe it's just your tone, but this vehicle is next level. I couldn't believe the leaps in tech it has.",0,2026-02-19T20:38:56Z
jHJM-TbFDag,"Please update your video. Almost 3000 posts on this model’s defect I. The Tesla motors club. Plus this video that describes the issue. 

https://youtu.be/NNjOLVAWkT8?si=MECYbHhf2DQpb5k2",0,2026-02-19T03:26:14Z
jHJM-TbFDag,FSD is amazing even in my HW3 2021 MY,1,2026-02-18T17:25:11Z
jHJM-TbFDag,Tesla has a red light warning with warning sound if you are about to change lanes and someone is in your blind spot. Thats even in my 2021 MY what is he talking about?,1,2026-02-18T17:23:16Z
jHJM-TbFDag,"It’s my guess that you were absent on the day they discussed multiple continuous lane changes in Driver’s Ed. There isn’t a State or Country in North America where it is legal. So, stop whining about things like having to reengage the turn signal and stop encouraging bad driving habits in the first US production car to earn a full multi 5-star rating in a very long time. Judging by the way you keep looking at the camera instead of the road, you should go full autonomous anyway.",0,2026-02-13T05:17:17Z
jHJM-TbFDag,Don’t import Samsung batteries,0,2026-02-12T19:46:04Z
jHJM-TbFDag,The car is in a lane of its own period point blank,0,2026-02-10T05:31:16Z
jHJM-TbFDag,"Everyone gets a free ""I bought this knowing Elon is a P*do"" bumper sticker.",0,2026-02-10T01:49:50Z
jHJM-TbFDag,Hired Negative Nelly for the review. Jeez dude. Very biased and uninformed review. Definitely not reflective to how amazing this vehicle is.,0,2026-02-08T20:12:11Z
jHJM-TbFDag,"Reviewer not fully up to date on features.  And features have improved since his review.   Petty complaints are amplified by the otherwise credible Consumer Reports platform.   
Once you get accustomed to the features, and adapt to full self-driving, there is no going back.",0,2026-02-05T21:29:31Z
jHJM-TbFDag,"I love CR information, but this reviewer was super critical, which is what I expect, but he did not know all the information about the car which led to some bad reviews or bad info.  He also seemed to be a fan boy of another brand that he refused to say.  I don't even own an EV. I'm looking to buy one and  researching the market, but I did not find this helpful at all.",0,2026-02-04T01:26:45Z
jHJM-TbFDag,"Please for the love of God, watch the CarExpert reviews.I won't mention other peoples feedback, but you mentioned too many times how other EV's are better at things, without mentioning which EV. It's like you have only driven a model 3 and model y and NOTHING else. Examples are: 9:57, 10:38, 12:33, 18:30. Would be great if you do have any knowledge of features that are better on other cars to actually tell us what car you are talking about.",0,2026-02-02T12:17:38Z
jHJM-TbFDag,way too PLAIN,0,2026-02-02T06:37:42Z
jHJM-TbFDag,The door handles are garbage 🗑️,0,2026-02-01T17:29:36Z
jHJM-TbFDag,"That’s why the family that dropped about 200 feet off a cliff, the big A pillar!",0,2026-01-31T08:34:07Z
jHJM-TbFDag,"It’s because you are from CT, me too but I’ve been in CA for a few years, never mind the door handle. You need a hand for all doors handle.",0,2026-01-31T08:24:12Z
jHJM-TbFDag,$40-60k for a gimmick is pricey....unless you really wanna go all-in on beta testing that self-driving. 13:12 I should not have to deal with a less functioning control stalk. 15:40 Deal with that one pedal driving. And now Tesla is going to remove cruise control settings at 17:26 and force you to subscribe.,0,2026-01-30T11:39:31Z
jHJM-TbFDag,Lib review,0,2026-01-28T04:58:27Z
jHJM-TbFDag,How was the fit & finish for the updated Model Y.   Are panel gaps (inside and out) improved for consistency within-gap and between different panels?  Durability of plastic parts?  Thanks for the look at the updated MY!,0,2026-01-27T03:10:27Z
jHJM-TbFDag,I bet that deep well in the middle is for your thermos or your Big Gulp.  Typical cup holders won't work.,0,2026-01-26T03:53:47Z
jHJM-TbFDag,"I own this vehicle too. The majority of the negative comments he made reflect personal preferences rather than an objective evaluation, as they pertain to features that I appreciate.",0,2026-01-25T01:11:19Z
jHJM-TbFDag,Ammm...you might want to review this again...with grok integration!,0,2026-01-24T05:32:33Z
jHJM-TbFDag,Tesla app is amazing!,0,2026-01-24T05:28:50Z
jHJM-TbFDag,I actually prefer the turn signal buttons.  Def minority view,0,2026-01-22T02:20:37Z
jHJM-TbFDag,Typical Consumer Reports reviewer. This guy has a “dumb iron” checklist and doesn’t really know the product. Stuck in a rut.,0,2026-01-20T05:39:12Z
jHJM-TbFDag,"You can easily turn off the turn signal auto cancel in settings. Also, the trunk lid can be stored in the sub trunk. Other than that, great review!

The new model Y is the best car you can buy, full stop.",0,2026-01-16T06:21:47Z
jHJM-TbFDag,"I’ve loved and referenced CR for decades for almost every purchase, but this is the poorest quality (and most obviously biased) review I’ve ever seen from CR.",0,2026-01-12T19:16:44Z
jHJM-TbFDag,Bias much CR? You take a 6 year hiatus between reviews? Name another manufacturer on the same review cycle scumbags.,0,2026-01-10T18:29:39Z
jHJM-TbFDag,I see the cult fanboys are out in force,0,2026-01-09T17:29:39Z
jHJM-TbFDag,"Tesla drove me from Texas to Las vegas and Back in FSD.. was impressive and very relating, no shoulder or back pain after long trip... Tesla will be my car for now on..",0,2026-01-08T04:40:47Z
jHJM-TbFDag,"Very thorough, excellent review, right on the money, and thank you",0,2026-01-07T00:28:42Z
jHJM-TbFDag,"CR should stick to vacuum reviews and reliability statistics. This review would be great for grandparents, not modern car buyers.",0,2026-01-05T15:59:07Z
jHJM-TbFDag,@4:32 its literally not an issue coming from someone who has an S plaid and X .,0,2026-01-04T13:56:27Z
jHJM-TbFDag,It doesn't matter what product consumer reports reviews... They're always insanely biased. I have always disliked this company.,0,2026-01-03T17:03:24Z
jHJM-TbFDag,Great looking vehicle and it offers lots of practical features.,2,2026-01-01T19:34:53Z
jHJM-TbFDag,"Good review, but the things that you criticized shows that you need to get used to the car. Then it's near perfect.",0,2025-12-31T23:34:05Z
jHJM-TbFDag,"Test drove one.
First time in an ev.
Wow.
Also now I understand for others... please stop using sloth mode in fsd.  
Very annoying for other drivers 😂",0,2025-12-31T14:08:55Z
jHJM-TbFDag,junk,0,2025-12-31T00:34:45Z
jHJM-TbFDag,"coming from a long term owner, these complaints seem rather silly. It’s by far the best infotainment software we have in the U.S., there are a million different voice commands u can use to lessen your need to interact with the screen, and just like an iPhone, the actions become 2nd nature after a little bit of time.",1,2025-12-29T10:52:12Z
jHJM-TbFDag,Full self driving is the epitome of why anyone would want to own this car.  It is amazing and the reviewer just totally discounted the obvious reason this car is above the competition.  I would never go back.,0,2025-12-29T03:55:41Z
jHJM-TbFDag,"My God You are wrong and ridiculous 🙄 
V Nice I'll take one 😊😊😊",0,2025-12-28T20:38:08Z
jHJM-TbFDag,"Is this reviewer ok? Wow. I am NOT a Tesla ""fanboy"", but this guy is ridiculously nit picking. I imagine if someone handed him a Gold Bar, he'd complain it's too heavy..",0,2025-12-27T18:37:41Z
jHJM-TbFDag,"Much better review than most ""influencers""",0,2025-12-26T12:28:17Z
jHJM-TbFDag,"I didn't realize that Consumer Reports was just the opinion of one isolated person,🤔",0,2025-12-26T04:26:18Z
jHJM-TbFDag,I've been able to turn off the one pedal driving is kind of really dumb.,0,2025-12-24T21:06:39Z
jHJM-TbFDag,Only CR would complain about additional storage.  SMH.,0,2025-12-24T19:22:15Z
jHJM-TbFDag,Best review. Straight to the point covering the important aspects and features without wasting time on the gimmicks. A+,0,2025-12-24T14:32:44Z
jHJM-TbFDag,Your reviewer is a bit snarky. But the biggest validation of Tesla’s remarkable achievements is the fact that it’s made EVs subject to “normal” reviews. But I really dislike the smartass attitude of the reviewer.,0,2025-12-24T09:18:33Z
jHJM-TbFDag,So...the Tesla is not the obvious EV choice... Now that is freaking hilarious,0,2025-12-22T05:10:32Z
jHJM-TbFDag,"Wow, CR reviews are so door knob dumb. I mean, really, your interview is just asinine:

1. There is a slot to store the cargo cover in the lower storage area of the cargo space. Geez, this is a pretty dirt-simple thing to miss!

2. Frankly, concerning the Tesla touchscreen, you're a drooling idiot. You haven't learned how to use the touchscreen shortcuts or the touchscreen in general. If you had done even a modicum of homework, you would understand that once you learn the layout of the touchscreen and the functions it AUTOMATICALLY takes care of for the driver, you almost never have to look at the touchscreen except when you turn because it provides a full camera view of the vehicle's blind spot, which is superb!

3. Apparently, according to your own words, every car in the world that has a turn signal lever to control the turn signals is ""tedious to use."" Do you even listen to yourself when you do these reviews? Damn near every car and truck in the world uses the same turn stalk system. 

4. You actually criticize the front storage bin for being too big and call it a ""trash can."" Unbelievable! You are the KING OF IDIOTS. There are a million different aftermarket organizers sold for the storage bin area that allow you to customize it just about any way you want, and most of them cost $20-$50.00. Further, your keen, razor-sharp mind didn't catch that the storage area is lighted, which is very convenient and has charging ports..

5. Again, you bitch about the rear screen and you don't even know how it works. Do you EVER stop being a moron? The screen is independent from the front touchscreen. So rear passengers can watch movies on it and listen to the soundtrack with Bluetooth earphones, while the front passengers can listen to music. Further, there are a TON of cool functions that the rear touchscreen controls to help rear passengers, including climate control. You can move the front passenger seat up to provide more legroom if no one is sitting in it, you can access the internet, and you can watch movies. It is an amazing feature. But grown children, like you, throw a temper tantrum because Tesla didn't put the screen exactly where YOU demand it should be.

6. The electric button latch release on the doors works spectacularly well, you buffoon! There are no words to describe your level of stupid!

7. Most reviews rate the new suspension as really good,  equal to a BMW M3. That's pretty damn good for any vehicle. 

8. The actual charging speeds are not middle of the pack. They are very close to any competitor in the real world. But you are to damn lazy to check your facts.

9. The turn signal stalk works spectacularly well, and the fact that it doesn't lock makes it MUCH easier to use. 

10. The visibility in this car is as good or better than almost any competitor. Again, you're just an imbecile.

11. You can turn off one-pedal driving, moron! Further, nearly ALL EVs had some version of one-pedal driving. Tesla's one-pedal system is by far the best on the planet. It sets the standard for all EVs.

12. Tesla provides a blindspot LED AND a full camera view of the blindspot, and apparently that still isn't good enough for you. 

13. FSD is, without a doubt, the best autonomous driving software in the world. 

14. There is NO EV on the market that competes with the Model Y feature by feature. Nothing is even close. The Hyundai Ionic 5 probably is the next best SUV and you might throw in the Ford Mach 5, but both of those choices are vastly inferior to the Model Y. No other car in the world will do what a Model Y will do. Tesla automates so many functions for the driver, it's just breathtaking. Here's a partial list:

1. The car automatically unlocks itself when you walk up to it and adjusts EVERY setting in the car to your personal choices automatically. It adjusts the seats, the mirrors, the touchscreen brightness, the side mirrors, the AC settings and ALL of the driving options you have chosen in the touchscreen controls to YOUR personal preference AUTOMATICALLY. No other car I know of does this. 

2. The car automatically locks itself when you walk away from it and folds the mirrors to prevent damage to them.

3. The turn signals turn off automatically when you complete a lane change or turn, which is very convenient, even though it is something you whined about. 

4. The car has a myriad of safety features that enable the car to take over briefly to prevent obvious accidents. For example, if you try to move into an adjacent lane and there is a car in your blind spot, the car will temporarily stop you. If you are not paying attention when you have cruise control on, and the car ahead of you stops, a Tesla will stop the car for you to prevent you from rear-ending the car ahead of you. With the cameras, the car actually sees the road better than you do, and it will act to stop accidents if you enable those functions. No other car I am aware of can do this. Once you set these safety protocols, the car remembers your settings preferences and enables them every time you drive.

5. Most of the time the car will shift into the gear you want automatically. For example, if you are parked in your garage, the car is smart enough to shift into reverse automatically because you cannot go forward. 

6. If you purchase Full Self Driving, the car will literally drive itself for you. As mentioned, no other autonomous driving system on the planet even comes close to Tesla's.

7. The car automatically sets its security system when you walk away from it, locks the doors, and rolls up the windows. Teslas have the best security system on the planet and they are damn near impossible to steal. If someone vandalizes your car it will film them and create a video of their actions.

8. You can set the climate system to automatically regulate itself so that you never have to touch it.

9. The car has a spectacular phone system that allows you to take a call safely when driving. If you leave the car while you are on your phone, the car will transfer your call to your phone. If you are on the phone when you enter the car, it will transfer the call to its hands-free speaker system. It has the best phone system of any car I have ever driven by far and I have rented a ton of 2024 and 2025 cars for work.

10. The car will notify you of texts and read them for you. It does it better than any other car I have ever driven.

11. The car notifies you if there is something wrong automatically. So if one of the cameras has mud on it, the car notifies you. If your 12v battery is not charging properly, it notifies you. So it's smart enough to monitor almost anything mechanical failure of any kind, and it will let you know automatically.

12. If you leave your phone in the car, the car will text you to let you know. If you have a laptop, the text will appear on your computer when you open it.

13. The car notifies you when it is below 20% of battery capacity.

14. The car automatically monitors your tire air pressure. There is a small screen you can select on the touchscreen to instantly seen the tire pressure of each tire.

15. The car automatically receives software updates that improve the functions and features of the car.

16. When using Autosteer, the car will keep you perfectly centered in the driving lane you have chosen, it will stop if the car ahead of you stops, and it will control your speed automatically to the setting you choose. This is a feature that comes with the car for free. It is the best cruise control of any car I have ever driven by far.

These are just a few of the features that you obviously are totally ignorant of because you're too damn lazy to actually do your homework before you make a video review of the Model Y. Your sheer incompetence is a very good reason why CR is no longer respected or trusted by a majority of Americans. 

There's a reason that the Model Y is the second-best-selling vehicle in the entire world, and that is because it just blows away the competition. But low-IQ people like you just don't get it.

You really should get another career because you absolutely suck at this one!",0,2025-12-14T09:27:08Z
jHJM-TbFDag,"I’ve put 15,000 miles on my model 3 in the past year.  I’ll never go back to gas and will probably buy Tesla again.  FSD is a complete game changer.",0,2025-12-12T00:01:43Z
jHJM-TbFDag,"you are complaining that on each change of lane the turn signal turns off :D:D:D:D:D which is the correct way of driving, it never was 1 turn signal to rule them all dude. if you need to change 6 lanes, you are expected to turn on and off the turn signal 7 times and maybe 2 seconds in between. you dont go hard left because you became invincible over a turn signal",0,2025-12-11T20:26:38Z
jHJM-TbFDag,What a serious whiner. I guess nothing makes you happy.,1,2025-12-11T19:03:59Z
jHJM-TbFDag,"Just a quick point in the turn signal. BMW also has similar turn signals in some models. The stalk itself moves only momentarily, doesn’t stay in up or down position like other car brands.",0,2025-12-11T18:54:02Z
jHJM-TbFDag,"CR, do you think you should maybe have someone who is objective do your reviews.  He is a T hater.  The reason you buy this car is for FSD, the turn signal lever is a big concern for you?  BS review.",0,2025-12-09T04:07:59Z
jHJM-TbFDag,"""since Tesla is not the obvious EV choice anymore""  Really?  What planet are you from?  It's not the obvious choice, it is the only smart choice.",0,2025-12-09T04:04:51Z
jHJM-TbFDag,I have never owned a Tesla and feel like this review is biased against Tesla and not very accurate. I was a fan of CR but not so sure any more.,0,2025-12-05T20:56:40Z
jHJM-TbFDag,Lotta unnecessary or even dangerous gadgets. Different just to be different.,1,2025-12-02T02:55:47Z
jHJM-TbFDag,The deep Caverness opening space in the center console is an ideal storage place for a roll of paper towels.,3,2025-11-29T14:56:20Z
jHJM-TbFDag,10:07 They've actually been using double-pane glass on the windows of the Y as standard equipment since 2022.,1,2025-11-29T01:51:43Z
jHJM-TbFDag,"The center console is really deep like a trash can I don’t like it because all your stuff gets piled on top of each other, also next sentence the side pockets are really deep and you can store a bunch of stuff in there. 😂 idiot",0,2025-11-28T13:42:31Z
jHJM-TbFDag,I love the door handles,0,2025-11-25T21:14:19Z
jHJM-TbFDag,"New model y looks awful, not a fan of the cyber truck look, makes it a hard no for me",2,2025-11-25T18:05:44Z
jHJM-TbFDag,Try opening with your mobile 🤷🤷,0,2025-11-25T13:05:28Z
jHJM-TbFDag,Model Y looks like TOYOTA crown series.,0,2025-11-25T06:26:15Z
jHJM-TbFDag,"I’ve had mine for 1 week and I’m in love. First EV, first Tesla. I drove a one way rental car to pick mine up out of state . The 4 hour drive back with FSD was amazing , combined with how smooth everything is , it is just serene and you finish the trip  with so much less fatigue .  
Then when I did want to get active on some winding two lane the handling is sharp , and the passing power is as good as the sport bike motorcycles I rode in my 20s.",5,2025-11-22T01:15:30Z
jHJM-TbFDag,Has the ride of a truck.  Very old design....What happens if the dash mounted tablet fails?.....pass....,1,2025-11-19T20:05:14Z
jHJM-TbFDag,"and yes, Tesla is the obvious choice . . .",0,2025-11-18T14:56:35Z
jHJM-TbFDag,"Wow, CR reviews are so door knob dumb. I mean really, your interview as just asinine:

1. There is a slot to store the cargo cover in the lower storage area of the cargo space. Geez, this is a pretty dirt-simple thing to miss!

2. Frankly, concerning the Tesla touchscreen, you're a drooling idiot. You haven't learned how to use the touchscreen shortcuts or the touchscreen in general. If you had done even a modicum of homework, you would understand that once you learn the layout of the touchscreen and the functions it AUTOMATICALLY takes care of for the driver, you almost never have to look at the touchscreen except when you turn because it provides a full camera view of the vehicle's blind spot, which is superb!

3. Apparently, according to your own words, every car in the world that has a turn signal lever to control the turn signals is ""tedious to use."" Do you even listen to yourself when you do these reviews? Damn near every car and truck in the world uses the same turn stalk system. 

4. You actually criticize the front storage bin for being too big and call it a ""trash can."" Unbelievable! You are the KING OF IDIOTS. There are a million different aftermarket organizers sold for the storage bin area that allow you to customize it just about any way you want, and most of them cost $20-$50.00. Further, your keen, razor-sharp mind didn't catch that the storage area is lighted, which is very convenient and has charging ports..

5. Again, you bitch about the rear screen and you don't even know how it works. Do you EVER stop being a moron? The screen is independent from the front touchscreen. So rear passengers can watch movies on it and listen to the soundtrack with Bluetooth earphones, while the front passengers can listen to music. Further, there are a TON of cool functions that the rear touchscreen controls to help rear passengers, including climate control. You can move the front passenger seat up to provide more legroom if no one is sitting in it, you can access the internet, and you can watch movies. It is an amazing feature. But grown children, like you, throw a temper tantrum because Tesla didn't put the screen exactly where YOU demand it should be.

6. The electric button latch release on the doors works spectacularly well, you buffoon! There are no words to describe your level of stupid!

7. Most reviews rate the new suspension as really good,  equal to a BMW M3. That's pretty damn good for any vehicle. 

8. The actual charging speeds are not middle of the pack. They are very close to any competitor in the real world. But you are to damn lazy to check your facts.

9. The turn signal stalk works spectacularly well, and the fact that it doesn't lock makes it MUCH easier to use. 

10. The visibility in this car is as good or better than almost any competitor. Again, you're just an imbecile.

11. You can turn off one-pedal driving, moron! Further, nearly ALL EVs had some version of one-pedal driving. Tesla's one-pedal system is by far the best on the planet. It sets the standard for all EVs.

12. Tesla provides a blindspot LED AND a full camera view of the blindspot, and apparently that still isn't good enough for you. 

13. FSD is, without a doubt, the best autonomous driving software in the world. 

14. There is NO EV on the market that competes with the Model Y feature by feature. Nothing is even close. The Hyundai Ionic 5 probably is the next best SUV and you might throw in the Ford Mach 5, but both of those choices are vastly inferior to the Model Y. No other car in the world will do what a Model Y will do. Tesla automates so many functions for the driver, it's just breathtaking. Here's a partial list:

1. The car automatically unlocks itself when you walk up to it and adjusts EVERY setting in the car to your personal choices automatically. It adjusts the seats, the mirrors, the touchscreen brightness, the side mirrors, the AC settings and ALL of the driving options you have chosen in the touchscreen controls to YOUR personal preference AUTOMATICALLY. No other car I know of does this. 

2. The car automatically locks itself when you walk away from it and folds the mirrors to prevent damage to them.

3. The turn signals turn off automatically when you complete a lane change or turn, which is very convenient, even though it is something you whined about. 

4. The car has a myriad of safety features that enable the car to take over briefly to prevent obvious accidents. For example, if you try to move into an adjacent lane and there is a car in your blind spot, the car will temporarily stop you. If you are not paying attention when you have cruise control on and the car ahead of you stops, a Tesla will stop the car for you to prevent you from rear-ending the car ahead of you. With the cameras, the car actually sees the road better than you do, and it will act to stop accidents if you enable those functions. No other car I am aware of can do this. Once you set these safety protocols, the car remembers your setting preferences and enables them every time you drive.

5. Most of the time the car will shift into the gear you want automatically. For example, if you are parked in your garage, the car is smart enough to shift into reverse automatically because you cannot go forward. 

6. If you purchase Full Self Driving, the car will literally drive itself for you. As mentioned, no other autonomous driving system on the planet even comes close to Tesla's.

7. The car automatically sets its security system when you walk away from it, locks the doors, and rolls up the windows. Teslas have the best security system on the planet and they are damn near impossible to steal. If someone vandalizes your car it will film them and create a video of their actions.

8. You can set the climate system to automatically regulate itself so that you never have to touch it.

9. The car has a spectacular phone system that allows you to take a call safely when driving. If you leave the car while you are on your phone, the car will transfer your call to your phone. If you are on the phone when you enter the car, it will transfer the call to its hands-free speaker system. It has the best phone system of any car I have ever driven by far and I have rented a ton of 2024 and 2025 cars for work.

10. The car will notify you of texts and read them for you. It does it better than any other car I have ever driven.

11. The car notifies you if there is something wrong automatically. So if one of the cameras has mud on it, the car notifies you. If your 12v battery is not charging properly, it notifies you. So it's smart enough to monitor almost anything mechanical failure of any kind, and it will let you know automatically.

12. If you leave your phone in the car, the car will text you to let you know. If you have a laptop, the text will appear on your computer when you open it.

13. The car notifies you when it is below 20% of battery capacity.

14. The car automatically monitors your tire air pressure. There is a small screen you can select on the touchscreen to instantly seen the tire pressure of each tire.

15. The car automatically receives software updates that improve the functions and features of the car.

16. When using Autosteer, the car will keep you perfectly centered in the driving lane you have chosen, it will stop if the car ahead of you stops, and it will control your speed automatically to the setting you choose. This is a feature that comes with the car for free. It is the best cruise control of any car I have ever driven by far.

These are just a few of the features that you obviously are totally ignorant of because you're too damn lazy to actually do your homework before you make a video review of the Model Y. Your sheer incompetence is a very good reason why CR is no longer respected or trusted by a majority of Americans. 

There's a reason that the Model Y is the second-best-selling vehicle in the entire world, and that is because it just blows away the competition. But low-IQ people like you just don't get it.

You really should get another career because you absolutely suck at this one!",0,2025-11-18T14:00:31Z
jHJM-TbFDag,"This review is fairly biased, as you can tell the host isn't a huge Tesla person. Complained about everything little things from the turn signal to the rear entertainment screen. Nothing was ever good enough for him. In addition, he sounded fairly annoying as well.",0,2025-11-16T17:00:56Z
jHJM-TbFDag,He forgets that Tesla is getting us used to our cars becoming RoboCars. Which you can't get in a gas car.,0,2025-11-16T16:32:24Z
jHJM-TbFDag,"This guy HATES Teslas… it’s funny, for sure a example that should be used in a psychology class in the subject of BIAS 😂",0,2025-11-13T13:38:29Z
jHJM-TbFDag,I rented a '23 Model Y to try it out.  I thought the ride was a bit harsh and the interior felt cheap and boring.  Lot's a great tech but other EV makers are catching up to Tesla.,1,2025-11-12T14:06:56Z
jHJM-TbFDag,"Good lord this guy complains about everything - coming from someone who doesnt even like Tesla that much, I feel like everything negative he pointed out is so minor - really just nitpicking over his personal preferences.",1,2025-11-12T12:17:15Z
jHJM-TbFDag,"Traded in my gas truck for a 2026 Model Y last month. I now have 1,000 miles on the Model Y. There’s definitely a leaning curve getting the Tesla. You don’t need to fear the center display. You set the car up for how you want and then you’re done. You don’t need to use the display while driving, you can control HVAC, lights, etc all by voice commands. The A-pillar is big and the back window is small, but the camera views are amazing. Seeing your current speed on the screen is easy, just a little different. The directional is a better design, it’s just different from what I’m used to. It works fine and stays on while crossing 3 lanes, no issues. I’m not crazy about the door handles but they work. The scroll wheel that controls the radio is better than any button or knobs. One pedal driving is great, it just takes a few days to get used to. I press on the brake to shift into drive when I leave home and most days that’s the last time I touch the brake. Amazon sells an organizer for the center console. Full self driving is amazing and really strange at the same time. At the dealership I meet several 70’s and 80’s year old Tesla owners. They all love the full self driving and use it 100% of the time. After 40 years of carrying car keys, it’s really weird to not have a physical key anymore. You use your phone as a key and much more. It rides good, is quiet and I haven’t had a single problem with the car.",4,2025-11-07T20:31:46Z
jHJM-TbFDag,Just so YOU know when changing lanes you are suppose to chancel the blinker with each lane change.,1,2025-11-05T05:01:59Z
jHJM-TbFDag,This was better than Netflix today.,0,2025-11-04T03:45:04Z
jHJM-TbFDag,Man I want a Tesla so bad it’s like one of my dream cars.,0,2025-10-24T06:36:54Z
jHJM-TbFDag,"Terrible reviewer. Very biased, and not objective.",0,2025-10-21T02:10:30Z
jHJM-TbFDag,"Great review! I've always look to Consumer Reports to give objective reviews and you are one of my favorite reviewers. The information you provide allows me to make decisions about potential purchases that I would not otherwise have and to decide on what's important to me. That being said, this country seems to now be overrun by a group of folks that believe that if one doesn't like what they like one should be silenced and dismissed. The present government shutdown is one example. Please keep doing what you do.",0,2025-10-18T21:08:49Z
jHJM-TbFDag,I appreciate the positivity here.,0,2025-10-16T15:29:18Z
jHJM-TbFDag,"It's great to see practically 100% of the comments disagree with your review (opinion) Maybe you should listen to customers?? Oh but I forgot, it's a Tesla!",0,2025-10-14T15:57:59Z
jHJM-TbFDag,You just can't help yourselves can you? How about just reviewing the car and leaving out your personal bias's ??,0,2025-10-14T15:40:52Z
jHJM-TbFDag,"Ironically, everything he bitched about was what actual owners love about the car.",0,2025-10-12T16:08:36Z
jHJM-TbFDag,Fantastic performance!,0,2025-10-09T06:52:28Z
jHJM-TbFDag,"In all seriousness, who hired this guy as a reviewer of autos?  😂  He clearly hated this car from the beginning.  There's no balance on his presentation.  Consumer reports loosing credibility. PLEASE do better.",0,2025-10-09T06:32:32Z
jHJM-TbFDag,"This is honestly a terrible review. It’s like you have something negative to say about every single thing. Nobody wants to hear what you subjectively think is annoying. Talk about facts, practicality, use cases, what to expect long term, etc.",0,2025-10-07T21:46:34Z
jHJM-TbFDag,"It’s an amazing car, I have a 2024 and 2025. Best car ever.

Reviewer has many dumb comments.",0,2025-10-04T00:49:10Z
jHJM-TbFDag,"this is a great car; too bad the reviewer is biased.  and yes, you should cross shop other brands - you'll quickly realize the other options are SLOP",2,2025-09-30T21:23:43Z
jHJM-TbFDag,Goof,0,2025-09-29T05:29:33Z
jHJM-TbFDag,CONsumer reports. time waster,0,2025-09-27T04:19:35Z
jHJM-TbFDag,"My wife bought the Model Y in red with a white interior. An absolutely gorgeous vehicle in person. The things this guy complains about, I never even noticed. Also, most can be adjusted in your settings. 
I'm so impressed with this car that I'm considering getting one for myself. Going to wait for the 2026 Model 3 (I don't qualify for the tax credit, so am not in a rush).... but the more I drive my wife's car, I'm highly tempted to get the same Model",0,2025-09-26T14:19:36Z
jHJM-TbFDag,FSD: Impressive YET Terrifying: WELL STATED!,0,2025-09-26T11:50:47Z
jHJM-TbFDag,"Knees are above the hips, not good ergonomics.  Raise the seat and roof would be more comfortable.",0,2025-09-25T01:31:12Z
jHJM-TbFDag,"Complains, complains, complains, I thought this was a review.",0,2025-09-23T23:27:48Z
jHJM-TbFDag,The background music fits so well.,0,2025-09-22T18:42:30Z
jHJM-TbFDag,"You probably prefer Apple CarPlay, haha too distracting. Thats just laughable. It literally drives its self and is incredibly intuitive. I just think people are really tiny brained. Keep driving your Hondas and Toyota trash.",0,2025-09-20T06:21:00Z
jHJM-TbFDag,My attention span actually survived this one.,0,2025-09-18T10:37:07Z
jHJM-TbFDag,I’ll definitely rewatch this.,0,2025-09-17T19:22:59Z
jHJM-TbFDag,The visuals are just next level.,0,2025-09-17T09:12:17Z
jHJM-TbFDag,Really cool concept.,0,2025-09-17T02:40:30Z
jHJM-TbFDag,The Superchargers and the over-the-air-updates set this car apart from anything else.,0,2025-09-16T03:10:07Z
jHJM-TbFDag,they went full Aztek on the rear 😁,0,2025-09-14T23:55:22Z
jHJM-TbFDag,"Consumer reports stopped being for the consumer a long long looooong time ago. Now they are run by greedy / political people that you absolutely can never trust.  Dont even bother watching this video, no matter if it's positive or negative, go test drive one and go look at real reviews from people on youtube with low view counts.",0,2025-09-14T16:04:54Z
jHJM-TbFDag,"Please take this video down 
It will deter users from buying a Tesla
This guy is a Moron for not knowing much about the car and yet making a video",0,2025-09-14T05:41:03Z
jHJM-TbFDag,"This guy obviously dislikes Tesla.  Seriously.  Anything that is done well, he only says it is good.  Things he doesn't like he says it is terrible.  Awful reviewer.  He should do something else for a job.",0,2025-09-13T13:27:48Z
jHJM-TbFDag,The background music fits so well.,0,2025-09-13T11:01:15Z
jHJM-TbFDag,Is it bad I want more of this?,0,2025-09-13T10:53:31Z
jHJM-TbFDag,It's a performance SUV that drives and parks itself and runs on your roof's solar panels for under 50k.  That's why it's the best selling car in the world.,0,2025-09-13T05:37:52Z
jHJM-TbFDag,I’ll buy if/when they ever get it to the point of true self-driving to the point that I can literally sleep in the car if I so choose.,0,2025-09-12T23:34:09Z
jHJM-TbFDag,The cargo cover trifolds and there is a storage slate in the trunk,0,2025-09-12T15:14:47Z
jHJM-TbFDag,"Besides the door handle and lack of 360’ parking camera, everything else i thought I’d hate like touch screen shifter and such became a nonissue within hours. Coming from a Benz.

Ride quality is trash. Take a $15k budget car and this basically feels like that. Worth it for FSD though.",0,2025-09-11T21:15:48Z
jHJM-TbFDag,Kind of a pessimestic review,0,2025-09-10T14:44:06Z
jHJM-TbFDag,Either you get it or you don’t. Silly criticisms. It’s like a review your grandmother would do.,0,2025-09-08T23:33:06Z
jHJM-TbFDag,thanks for sharing😮😮 and teaching,0,2025-09-08T17:44:59Z
jHJM-TbFDag,Tesla needs to change the look of their cars. All of them look the same - the latest models look like their 10-year old predecessors.,0,2025-09-08T14:45:11Z
jHJM-TbFDag,Wow! This guy is tedious to listen to,0,2025-09-08T04:55:24Z
jHJM-TbFDag,christ this car is boring and lame. im going with the dodge charger ev,0,2025-09-07T06:26:28Z
jHJM-TbFDag,3:58 is added for privacy. It's foldable and there's a special storage for it under the Trunk's carpet.,1,2025-09-06T08:25:11Z
jHJM-TbFDag,This guy is sending people off. Ridiculous,0,2025-09-05T20:05:39Z
jHJM-TbFDag,I could watch this all day.,0,2025-09-04T00:40:33Z
jHJM-TbFDag,The guy literally said the problem with the door handle is that it’s designed for one hand lol😂,0,2025-09-03T21:45:24Z
jHJM-TbFDag,Such an interesting topic.,0,2025-09-03T08:11:07Z
jHJM-TbFDag,"I like the reviews , I have about 2 weeks before I get my model Y",0,2025-09-03T05:25:31Z
jHJM-TbFDag,Took just a few minutes of watching to see this guy definitely has a negative attitude towards what he is reviewing. Negates all his thoughts both good and bad. Put him a car he can do better in.,2,2025-09-03T04:50:36Z
jHJM-TbFDag,You complain of a lot of things that can be changed via the screen like auto turn off directional lights.,0,2025-09-03T03:41:42Z
jHJM-TbFDag,"This video was exhausting to watch, it didn’t feel very thoughtful or objective. Felt very subjective, and full of complaints and it was draining to watch.",1,2025-09-02T21:05:21Z
jHJM-TbFDag,"Just returned from a trip to Colorado from Texas and back.  The car is amazing at 100 mph, which I often drive when there is no traffic on a road that is close to nowhere.  I also put the car on FSD (Supervised) going up to and down from Independence Pass which is a long winding and narrow road that goes up to over 12,000 feet and allows you to get through the mountains in the center of the state on your way to the Aspen area, which was my destination.  After driving 11 hours the first day, the FSD performed flawlessly the second day on that very difficult road.  I made sure I was studiously in Supervisory Mode while doing it, because if you are not you could free fall  five thousand feet in a matter of seconds.  What I found most interesting about FSD was that it reduces driver fatigue and stress and allows you to relax a little rather than fight a constant battle against s-curves and hairpin turns on mountain roads like that.   

I suspect in a couple of years you will be able  leave on a trip after dinner, sleep all night while the car drives itself and robots perform re-charging.  In this fantasy, you will have arrived at your destination refreshed the next morning.",0,2025-09-02T18:33:32Z
jHJM-TbFDag,"Thank you for the video but  I would like to point out that FSD on this tesla is worth a lot more attention in my opinion then you mentioned it.  I invite  you watch this great video test made buy Chinese, where you can see all the top EVs on the market right now how they perform in dangerous situations while in Autopilot or Self Driving mode. Enjoy!  https://youtu.be/0xumyEf-WRI?si=Jy4fiyqydTWFOTWa",0,2025-09-01T08:33:40Z
jHJM-TbFDag,"""The door handles are still a problem, if you're carrying groceries, they require use of one of your hands to open"" ???? CR your Tesla ignorance and hate is on full display with that gem.",2,2025-09-01T04:50:04Z
jHJM-TbFDag,what is the obvious EV choice then?,0,2025-08-31T04:40:31Z
jHJM-TbFDag,Building your first circuit in engineering school 😂😂,0,2025-08-30T06:13:55Z
jHJM-TbFDag,FSD is such a huge part of the value prop - if you don't think so it means you haven't experienced in an a HW4 Tesla.  The Y is without a doubt best in class.,0,2025-08-29T20:48:36Z
jHJM-TbFDag,I see this review is pretty biased  ….,0,2025-08-29T11:41:04Z
jHJM-TbFDag,The lack of a proper blind-spot warning is egregious!  Tesla seems to do things without input from testers.,0,2025-08-29T03:32:45Z
jHJM-TbFDag,TESLA needs to hire some ergonomics experts from the Legacy makers.,0,2025-08-29T03:26:47Z
jHJM-TbFDag,"I rode in a new Ioniq5 and it was HUGE and comfy, rode nice too. Tesla has the drivetrain nailed, they need a LOT of work in other areas.",0,2025-08-29T03:19:22Z
jHJM-TbFDag,"Base 34K Made in TX, very nice!",0,2025-08-29T03:08:01Z
jHJM-TbFDag,"Maybe hire a guy that isn't a negative Nancy.  The tone of his voice throughout this review is sour.   I get it, you hate Elon.  Get over it and review the car.  Tesla isn't like other cars, for instance blind spot light on the wing mirrors.  IT IS AN AFTERTHOUGHT for reviewers like this dude, that has to have things as they've always been.  The cameras are sooooo much better to learn to rely on.  Get out of your box. 

FSD is what sets Tesla apart, i think it needs to be included with all thier calls and not a HUGE add-on.

Guy is full of crap.  There are not other EVs out there that are at Tesla's level. BS!!!!  Stop with the gaslighting.  Name them then, he didn't because he wants so badly for there to be something as nice as the Tesla but there isn't.  The ecosystem of the Tesla, especially charging and where to charge is unmatched and it isn't even close.  The guy didn't mention one thing better the Tesla does, and it does almost everything better.  POS.",0,2025-08-28T15:02:33Z
jHJM-TbFDag,This video is a clear reason why CR reviews are garbage. If you do a review do your homework and get someone without a bias or paid by Elon haters.  You couldn’t even get the truck storage cover correctly. I stopped paying for CR biased years ago. Waste of $ and time.😊,0,2025-08-28T13:02:39Z
jHJM-TbFDag,"Such a biased review....
''the storage in the middle is too deep? If you put to much stuff in there it get's gluttered'' Among with other negative tings.
Pretty obvious you guys get payed by ICE companies to bash on TESLA. 
It's gonna be so funny soon when all TESLAS in US be selfdriving including cabs. And that's just 1 thing that they crush ICE companies with.
 What a shame for all the Tesla haters out there it will be glorious.",0,2025-08-27T15:40:57Z
jHJM-TbFDag,This review is trash. If you’re going to review a product make sure you know what you’re talking about,1,2025-08-27T10:28:59Z
jHJM-TbFDag,The FDS is fantastic you dont know what your talking about the bias against Tesla is obvious CR is wortlhess! Typical,0,2025-08-26T17:50:04Z
jHJM-TbFDag,"Juniper – internal codename for the Model Y in China.
Jennifer – internal codename for the Model Y in the U.S.",1,2025-08-26T17:13:17Z
jHJM-TbFDag,Theres not a lot better Ev out there.,0,2025-08-26T04:17:26Z
jHJM-TbFDag,I order mine a week ago. It's the best vehicle on the planet.,0,2025-08-26T03:59:41Z
jHJM-TbFDag,"In this video, CR biases confirms why I canceled my subscription. When a company willfully omits details, details that can be resolved by selecting individual choices in the settings sections. They have an agenda!",0,2025-08-25T14:39:45Z
jHJM-TbFDag,Turn signal auto cancel is a toggle option in the Lights menu,0,2025-08-25T03:02:16Z
jHJM-TbFDag,"As a Y owner, I think the frameless windows on the doors, are a poor design choice and hearing the rattles and creaking gets annoying. Looking to switch out to the Rivian R2.",0,2025-08-24T21:24:16Z
jHJM-TbFDag,"Why would Consumer Reports pay the extra fee for the blue paint? If it is a long term tester, it seems like an unnecessary expenditure.",0,2025-08-24T21:15:14Z
jHJM-TbFDag,"Question for CR and Tesla owners: If you’re passing a truck on cruise, and it suddenly swerves into your lane, how does FSD as well as non-FSD react? A year ago I had this happen in a rented Toyota Highlander and it totally kicked me out of cruise and lane assist, leaving me with manual steering and slowing down until I realized a few seconds later, that  I had to step on the gas and reset.",0,2025-08-24T01:32:23Z
jHJM-TbFDag,Tesla=Blackberry.,0,2025-08-23T15:48:50Z
jHJM-TbFDag,Tesla is not an EV choice?!,0,2025-08-21T21:33:31Z
jHJM-TbFDag,Nice review!!,0,2025-08-21T18:10:59Z
jHJM-TbFDag,"you can set the turn signal to automatic off or not, you won't be using the screen that much touching things you can set everything to your likings before you drive and save it to your profile.",0,2025-08-21T06:58:09Z
jHJM-TbFDag,Tesla!!! Don't let this guy review your cars 😂  I think he just doesn't like Tesla period.,0,2025-08-21T05:25:46Z
jHJM-TbFDag,This man complains about everything lol definitely a thumbs down for me.,0,2025-08-20T22:31:31Z
jHJM-TbFDag,Electricity cost is a joke relative to gasoline still.,0,2025-08-20T21:26:54Z
jHJM-TbFDag,"Talk about the saving in $$$$$$, no gas station lines, no regular maintenance at dealership (oil changes, etc.) Except tire rotations for $65 in your home driveway!!! Convenience!!",0,2025-08-20T21:26:07Z
jHJM-TbFDag,Reviewers love to bash the user interface through the touch screen saying it's inconvenient and distracting while driving. Nobody uses the voice commands? The button is right there on the steering wheel.,0,2025-08-20T20:46:04Z
jHJM-TbFDag,"The EV makers of China just unveiled an EV that delivers an extended range of 933 miles. Tesla!! This is what I'm talking about. This is what many of us serious long-range, long-distance travelers have been waiting for!! What in the hell are you waiting for?? If China can do it, so can you!! Give your fans a real reason to boast a Tesla. Cheap is nice but remember, you get what you pay for. Hats off to you China. Great job...",0,2025-08-20T20:44:32Z
jHJM-TbFDag,"Recently test drove a Ioniq 5 limited, gv 70 electrified, model 3 perfom and model y (both latest rev).  I’d say the model y was my least favorite but there is no denying the value.  The price lease deals of the model y out in just under $500/month including down payment for 36 months the other options were all $700/month plus with the gv70 over over 840/month.   From the cost to benefit curve even though it was the worst car imo it provided the best value.",0,2025-08-20T13:33:26Z
jHJM-TbFDag,"This reviewer seems to be clearly biased against Tesla.  Also, he hasn’t done his homework on the features. Missing the extensive voice commands is disappointing.",0,2025-08-19T23:26:32Z
jHJM-TbFDag,"Did they just ask this guy to show up and read a script? He's inaccurate. The car has double-paned windows, not double laminated; the feedback on the wheel is dependent on the user's selection, and the trunk cover stows. ""Pushing"" FSD? It's the singular reason why I bought my first Tesla, and it's amazing; I wasn't pushed. Did he even mention the sound system?",0,2025-08-19T18:16:54Z
jHJM-TbFDag,There is a big difference between this guys quick look at the car and owning the vehicle.  There is an even bigger difference between a car with FSD and one without.  He whines a lot about the dumb stuff.,0,2025-08-19T14:33:29Z
jHJM-TbFDag,Tesla is still the gold standard for EVs..,0,2025-08-19T13:12:40Z
jHJM-TbFDag,"EVERY time he starts talking about something new. He gets it WRONG!!!  Just take this trash Review down. I can name 10 different straight LIES / MISINFORMATION he constantly is talking garbage that is just a LIES! How does does ""Consumer Reports"" have ZERO Quality control? This review is a complete MESS / GARBAGE / BIAS ?? Awful trash.",1,2025-08-19T01:15:43Z
jHJM-TbFDag,"Regenerative braking is a ""love or hate thing?"" Who in their right mind ""hates"" regenerative braking? 1) It's one of the main features that make EVs so efficient vs ICE vehicles, and 2) one-pedal driving is the way to go. Once that becomes second nature, which takes about 10 minutes (don't let anyone exaggerate that quick, easy learning curve), one never wants to go back to all the shifting from accelerator to brake pedal. While the EVs have brake pedals for traditional friction brakes, simply letting the motor control the speed of the car with one pedal is way better and makes for a more pleasant drive. Again, WHO ""hates"" regenerative braking? Only fools who care too little to comprehend what they have.",0,2025-08-18T22:25:47Z
jHJM-TbFDag,With all the negative and meh comments you have to wonder why anyone would buy this car. It would be nice to hear the reviewer explain why the Model Y is the best selling EV in the world.,0,2025-08-17T04:24:28Z
jHJM-TbFDag,Too many teslas burn in the garages while charging. Scary.,0,2025-08-17T01:03:57Z
jHJM-TbFDag,"Gosh, this was a super helpful video. Thanks!",0,2025-08-16T17:31:56Z
jHJM-TbFDag,Consumer Reports has sold out. Not to be trusted!,0,2025-08-16T13:40:49Z
jHJM-TbFDag,"You reviewed the 2020 Model Y LR AWD and you, like everyone else, had complaints about the ride quality.  Tesla made changes to this in mid 2023 which helped make the ride noticeably better.  I have a late-2023 Fremont-built MY LR AWD and the ride is very good.  I also change the tires to 20"" Hankook's on the Model 3's Performance / Sport rims.  It's not floating on a cloud, but it's really not that bad.

I've had 32 cars in my life - lots of German and Japanese luxury models, including Porsche, Mercedes, BMW, Lexus, and Infiniti.  I wouldn't trade my MY for any of them.  I think it's the best car you can buy, at a decent price.  Best bang for your buck.  And I'm coming from 10 years of Chevy EV's - Spark EV, Bolt EV and EUV - which are truly the best VALUE you can get, but the MY LR AWD just has it all.  Room, style, comfort, charging integration, hi tech... it's the best!!",0,2025-08-16T03:43:13Z
jHJM-TbFDag,I love EV's but this new Model Y would annoy the absolute hell out of me with all it's quirks.,0,2025-08-15T19:08:56Z
jHJM-TbFDag,"Go buy a used Loaded Nissan Aria Venture+ 304 mile range with about 8K miles on it, lease return, CPO w/ warranty, like new condition, for $22K to $26K and thank me later. Oh, and yes, they are Built in Japan....not by Big Bubbah in TX.",0,2025-08-15T19:05:08Z
jHJM-TbFDag,This guy is with CR? He does not know shit! Next time read the manual. Worse review ever!,0,2025-08-15T16:29:42Z
jHJM-TbFDag,"A reasonable overview for a 20 min review on the new Y, but I was struck by the negative overall tone of the reviewer. This is unprofessional and beneath the high standards expected from Consumer reports. The several mistakes and simple omissions, like the folding trunk cover, and most important--the easy use of voice commands, which makes operating the touch screen a non-issue during driving, were quite striking. The criticism was harsh about these and other non-issues, including the turn signals, which I've always found to be perfectly easy to use. The superb navigation system was also not touched upon, nor was the quality of software and frequent OTA updates and added features.  Some of the comments here point out other, easily correctable mistakes and omissions. I might even go so far as to suggest this review should be improved and re-done, and possibly by a reviewer without a noticeable negative bias.

Comparisons between the earlier and later Y's were discussed, and it would not have been difficult for CU to measure and report on the improved soundproofing and reduced road noise between the two. Something I'd  really like to know. I believe the new glass roof filters out more heat/light in the newer car--an important upgrade for comfort and efficiency. 

Some of the negatives about the car that the reviewer might have usefully  reported are the lack of Apple CarPlay (and it's Android equivalent), lack of spare tire (pretty common now), and...hmm...I can't think of many others. Commenters?",0,2025-08-15T15:53:20Z
jHJM-TbFDag,4 years in on my 2021 Model Y and the handles have never bugged me. You can easily open with either hand when carrying something.,1,2025-08-15T15:34:36Z
jHJM-TbFDag,"I found your review subjective and snarky. I have owned Teslas for over five years, and have found that the things you consider complicated really aren't. At 78 years old, I have no desire to go back to all the tiny buttons and dials, and easily manage to drive without much involvement with the big, beautiful screen. Once you get everything set up on it with your preferences it is there for navigation. And most adjustments to other things can easily be done with Tesla's voice commands. It is like the difference between an iPhone and a Blackberry. Like most technology improvements you have to learn how to use them instead of grumbling about how things were in your old cars. I also find Full Self Driving so good that I use it everywhere I go, and only rarely need to intervene when I disagree with it's route choices. As a very long time subscriber to Consumer Reports I find that reviews like your's make me wonder if I need your magazine.",0,2025-08-15T13:38:55Z
jHJM-TbFDag,Will someone tell this guy that 95% of all functions on the screen are all available with voice command....,0,2025-08-15T01:36:17Z
jHJM-TbFDag,So many of your statements in this supposed review are inaccurate. It is obvious you have not looked at the features that are available. I have to rate this review as poor.,0,2025-08-14T15:41:49Z
jHJM-TbFDag,Why not a sophisticated heads-up display? Could be pretty useful until clear LED windshield integration happens. (or until AR glasses are normal),0,2025-08-14T15:24:13Z
jHJM-TbFDag,Cargo covers should be made in an umbrella or fan style. This way they would tuck in the side of the frame when not required.,0,2025-08-14T15:21:34Z
jHJM-TbFDag,"The trunk desperately needs some built in tie downs and a way to attach the back door to the car if you are carrying something that does not fit into the back with the door closed.  So obvious, easy and inexpensive to include.",0,2025-08-14T05:28:18Z
jHJM-TbFDag,Its really obvious that you hate teslas dude.,0,2025-08-14T01:51:00Z
jHJM-TbFDag,"Do I detect a little bias when you say Tesla isn’t the go to EV anymore? I mean look at the numbers. It is definitely the go to EV.  More people want a Tesla than all other EV models, and by a large number.",3,2025-08-14T00:05:15Z
jHJM-TbFDag,Consumer report never considered the Model Y as the go to. I remember seeing CR videos showing how you can make these cars unsafe.,0,2025-08-13T20:26:13Z
jHJM-TbFDag,"Great car, too bad it's a symbol of your support for fascism if you buy it.",0,2025-08-12T21:49:23Z
jHJM-TbFDag,A sad and obvious tesla hater lol,0,2025-08-12T20:12:11Z
jHJM-TbFDag,Tesla cars are not old lol. They add changes to every car on the road every week. Terrible channel!,0,2025-08-12T20:05:51Z
jHJM-TbFDag,Tesla does not have year models lmao.,0,2025-08-12T20:04:14Z
jHJM-TbFDag,You won’t realize the importance of the A-pillar until your car is under a large truck.,0,2025-08-12T15:33:51Z
jHJM-TbFDag,"The more Tesla shoves into that screen for utility and usability, the further away lower it goes on my shopping list. Some things should just be mechanical switches, levers and buttons for quicker use.",0,2025-08-12T05:50:51Z
jHJM-TbFDag,I'm a button man.,0,2025-08-12T03:56:09Z
jHJM-TbFDag,Nicest swasticar yet,0,2025-08-12T02:36:38Z
jHJM-TbFDag,Typical CR comments about Tesla.  If it hasn't been done by the OEM's for the past 50 years it's junk.  There is such a thing as change and progress.  Of course the fact that Ford is one of their major contributors couldn't have anything to do with their attitude.  :),0,2025-08-12T00:17:46Z
jHJM-TbFDag,"My wife bought a '26 model Y a couple months ago. She traded in her Porsche Cayenne and quite honestly we havent looked back. Once you install the 50amp plug at home charging is a breeze. She did use a supercharger once during a road trip without issue. The Y is fast. Really fast. FSD was surprisingly good. It would goof up every now and then but for 99.9% of the time is was perfect. I said was good because after the 3 month free trial we did not pay to keep it and she has been asking about it ever since. To date, based on Michigan electricity rates, we have spent $217 on electric to travel 4,123 miles or 5.2 cents/mile.  

The buying experience was lightyears ahead of other manufacturers. I bought a F150 recently and was going to pay with a check. It still took over a hour to complete the sale. With Tesla, we completed the 9 or so tasks through the Tesla App, showed up and drove away within 10 minutes. 

The biggest challenge with the car has been exploring the settings available for customization. There are a ton of things that can be personalized and things can get burried in the system.",23,2025-08-12T00:16:48Z
jHJM-TbFDag,"one huge improvement is the ride quality, Lexus smooth and refined. biggest disappointment, shifter stalk. I now have to ""think"" before I ""move"" and ""engage"" including the FSD.",0,2025-08-11T22:09:14Z
jHJM-TbFDag,"Eh? Consumer Reports used to be good a decade or two ago. To call this a review is a bit of a joke. They're comparing to the 2020 model five years ago? Plus, some of the info they say is just plain wrong. I don't think CR is the place to go if you're wanting quality car reviews. They might still be okay for general consumer stuff like blenders and vacuums, but I gotta wonder who's paying their bills and maybe, just maybe they're not the unbiased paragon they claim to be.",0,2025-08-11T20:29:58Z
jHJM-TbFDag,Very nice review!! I am contemplating of trading in my 2018 Lexus IS F 300 Sport to a Model Y but I am having a second thought.,0,2025-08-11T17:35:21Z
jHJM-TbFDag,"This video is informative but riddled with tons of mistakes that are easily verifiable. It seriously lowers the credibility when such statements are said as fact. 
You've made a single correction about the stow-away in the trunk but this is just one area across the 19 minute video that is wrong, or only half correct.",0,2025-08-11T17:27:53Z
jHJM-TbFDag,Sorry. I’m not going to pretend elno isn’t a fascist.,0,2025-08-11T16:17:31Z
jHJM-TbFDag,"Well, for the best selling vehicle for the last couple of  years on the planet, I would have at least expected  a bit more homework by reviewer.  Others have pointed out several of either misstatements or omissions or seemingly not level comparisons, no need to repeat. But overall tone was one of grudging respect and over amplifyed concerns about many things that seems odd. 
Note:  I am not a Tesla owner either, just a car enthusiast.",3,2025-08-11T15:56:28Z
jHJM-TbFDag,I thought i read that regen could be switched off.  Is this not the case?,0,2025-08-11T14:32:09Z
jHJM-TbFDag,"in 2023 we looked at Volvo, Hyundai and Kia EVs. The staff at the dealerships were predatory. Then discovered a price drop on the model Y. 5 minutes on the Tesla website and our car was purchased. No sneaky charges. No confusing financing. No upselling of extras. Since then after figuring out driving controls, the car is a pleasure to drive. We have a charger in our driveway. Haven't been to a gas station in 2 years. Elon is a creep but the car is wonderful.",0,2025-08-11T11:35:52Z
jHJM-TbFDag,Love my Model Y.  Best car I have ever owned.  Crazy fast and tech is like something from the future.  I took a test drive on a lark (no expectations and had some free time) and was blown away.  Take a test drive (super easy to schedule online) before you take the opinion of some random YouTuber...,0,2025-08-11T11:29:12Z
jHJM-TbFDag,"At one point i wanted a tesla so bad, but now ...yea no ...f*** elon.",0,2025-08-11T04:44:03Z
jHJM-TbFDag,This car is phenomenal compared to our 2020. Well worth the upgrade. 💯,2,2025-08-11T01:18:16Z
jHJM-TbFDag,My next car will be a Tesla Model Y.,1,2025-08-10T22:09:13Z
jHJM-TbFDag,"I feel like this review is in accurate, because most of the Knox against the car are actually things that the reviewer didn’t know about, or were things that could be adjusted on the main screen. I feel that the people were reviewing. The cars should have a little bit more knowledge about what they’re reviewing in order to be accurate with their reviews. I believe that in the collected to discuss any of the technology, like summon auto parts, or even the FSD.",0,2025-08-10T16:09:11Z
jHJM-TbFDag,100% agree on the door Handles. They are the worst. The whole ev industry shifted to outward extending handles or normal handles. At the price range it instantly spoils the experience when getting into the car.,0,2025-08-10T16:05:58Z
jHJM-TbFDag,A very good car.,0,2025-08-10T15:59:08Z
jHJM-TbFDag,"This wasn't an objective review. He clearly has disdain for the brand or EVs in general.  His conjecture regarding the previous generation is stilted and uninformed. (For example, the two-phone charging pad is far from new). The handles are perhaps the easiest part of getting in/out of the vehicle. The ""trashcan"" in the center console; the ""tiny text"" on the screen = unnecessary put-downs. I've always held CR in high-regard and I am unsure how this editorial hit job was allowed to be published.",0,2025-08-10T14:24:24Z
jHJM-TbFDag,"Wow - what a stunning presenter. Ok, let me view this video again and try to concentrate on the information he is giving.",0,2025-08-10T08:14:54Z
jHJM-TbFDag,That handle really makes no sense. How much gas does it really save compared door handle every other auto maker uses?,0,2025-08-10T08:07:35Z
jHJM-TbFDag,The screen IS too distracting.  I think they want to push everyone into FSD.  I don't know where this idea comes from that driving is somehow a burden and we all really just want to be passengers in our own vehicles.  I enjoy driving.  Americans have always loved driving.  I can see FSD being a help when you get tired and start finding it hard to stay awake.  That's it.,0,2025-08-09T16:53:37Z
jHJM-TbFDag,I spy those Grizzl-E EV chargers on your campus like at 11:55--CR's penchant for reliability and safety shines through even in its own operations. That's the EVSE of an informed buyer.,1,2025-08-09T16:48:33Z
jHJM-TbFDag,I wish the window roof was optional.  I don't like it.,0,2025-08-09T16:46:24Z
jHJM-TbFDag,Tesla is always the obvious choice for a EV no one beats them not even ICE cars.,0,2025-08-09T12:37:30Z
jHJM-TbFDag,This was a really good and very professional review! Thank you!:),4,2025-08-09T11:31:36Z
jHJM-TbFDag,Shockingly negative review of the best selling car in the world right now.,0,2025-08-09T01:16:05Z
jHJM-TbFDag,The reviewer can’t hide how much he dislikes the car. Felt nitpicky and biased throughout,0,2025-08-08T21:41:36Z
jHJM-TbFDag,"OK....I own this same car in quicksilver (delivered 3 months ago...our first EV) and have to call ""BS"" on the histrionics over interfacing with the screen.  I do just about anything I need to do via the thumbwheels on the steering wheel and simple voice commands......everything from audio volume and station to setting autopilot to setting the temperature to aiming the airflow to turning seat ventilation on/off to navigation instructions and way beyond.  Tesla's voice command technology is LIGHT YEARS better than the minimal ""voice commands"" tripe we see in other cars.  You also missed the ""auto"" function that automates the ""shifting"" from park to drive/reverse.  You also forgot the hands-free auto-open feature for the hatch.  You also seem oblivious to the accessories that are available for things like the front storage console that make organizing stuff easier.  Also, on your ride review, it looks like you didn't look at how you can set the steering wheel response....big miss.  As someone who has actually learned about this car, this is half a review done by someone who didn't actually spend time learning about the vehicle in order to deliver a solid review.  I give it a score of 3.0.",1,2025-08-08T19:01:29Z
jHJM-TbFDag,Interesting to read all the Tesla owners upset on what I thought was a fair review.,0,2025-08-08T18:58:11Z
jHJM-TbFDag,"4:00 the cargo cover definitely does fold up and fits in the storage compartment under the floor pan... How is a rigid item flimsy? seems like you need a dictionary bud.
Personally, I just take it out and don't use it at all... Same with every car that has something similar... always just throw them in the trash.",0,2025-08-08T15:38:53Z
jHJM-TbFDag,The problem: the CEO of Tesla is a Nazi. Hard pass. Other great EV options without supporting a POS.,0,2025-08-08T13:04:40Z
jHJM-TbFDag,Front is ugly. Rear is nicer,0,2025-08-08T05:05:06Z
jHJM-TbFDag,"Your complaint about the software menus ""while you're driving"" and it's too many options and it's distracting.  Uh DUDE those are settings!  You don't need to touch any of that while driving.  You don't constantly go into your settings on your phone to change stuff do you? NO!  So your comment on that was seriously stupid!",0,2025-08-08T02:15:19Z
jHJM-TbFDag,"This guy is a moron and is full of crap ""I have to lean so far forward cause this trash can console is so deep"". Only a biased moron would say something like this! . He has an obvious bias against Tesla that is due to either Musks politics or the fact that he works for consumer reports and Tesla does not give them ANY advertising money..., On the other hand - Toyota, GM & Ford contribute tremendously to consumer reports... So, unbiased is not what you seem to get from this company.",0,2025-08-08T00:14:12Z
jHJM-TbFDag,"Not to be rude for no reasons but ....there are so many thing you do and say during this review that is not true at all starting with how distracting the screen is while driving...
Ever heard of vocal commands or Autopilot screen search?
The handles complains really??? How many millions car where sold with these alrdy?
7:38 so now more storage is trashcan? Lol? Buy the 15$ sliding plateau if you cant manage space w/o filling it with trash
Sit in the back and complain about the screen beeing 
""too low"" when no one else at this price offer a screen lolll

I stopped that vid there cuz i had enought of this BS.",0,2025-08-07T22:05:39Z
jHJM-TbFDag,Consumer reports proves once again that they are out of touch.,0,2025-08-07T14:37:36Z
jHJM-TbFDag,Oh how i hate  the Tesla😮,0,2025-08-07T13:15:44Z
jHJM-TbFDag,Someone is a Democrat who hates Elon?  Elon is the greatest immigrant American we have ever produced. Name a greater immigrant,0,2025-08-07T11:22:07Z
jHJM-TbFDag,Good lord Tesla fanboys are super angry about anything negative said about Teslas.,1,2025-08-07T01:34:06Z
jHJM-TbFDag,I like the new Tesla Y my future car to buy,0,2025-08-07T00:35:37Z
jHJM-TbFDag,"FYI - According to Elon, once the vehicle is rolled off the assembly line, the VIN # determines the car's model year.   Example: 2026 starts Jan 1st  
Juniper is not associated with Tesla Motors",1,2025-08-06T22:37:59Z
jHJM-TbFDag,Tesla’s charging network alone makes this the go-to small SUV!,0,2025-08-06T21:48:38Z
jHJM-TbFDag,"""FSD works fine in some situations - Certainly not in others"" (18:05). Sounds a bit dismissive. Please elaborate!",2,2025-08-06T20:07:43Z
jHJM-TbFDag,"this reviewer sucks!  His nitpicks and unresearched complaints are tacky.  people play games in the back with wireless controller.  lots of room temp IQ from this guy.  CR, get a better guy to review this stuff!",0,2025-08-06T19:01:51Z
jHJM-TbFDag,DOES THE SCREEN move up &/or down?,0,2025-08-06T14:24:23Z
jHJM-TbFDag,AI .tradução. português.,0,2025-08-05T21:00:54Z
jHJM-TbFDag,Dude. Ok please research more instead of just trying to put a video together. The back cover there’s a space to put it away. I own a Jeep wrangler and I know this. Smh,0,2025-08-05T14:50:36Z
jHJM-TbFDag,"If you haven't used FSD in the last 6 months on a 2023 or newer (4th gen camera's and computer), try it again.  I think this is the coolest thing about owning a tesla.  Your car gets smarter with updates.  It's so exciting when the updates drop.",0,2025-08-05T11:40:27Z
jHJM-TbFDag,Tesla is not the obvious EV choice?  Who paid this guy to say that?,0,2025-08-05T11:17:28Z
jHJM-TbFDag,I am picking up new juniper tomorrow if you want to send referral link we can split it,1,2025-08-05T01:33:30Z
jHJM-TbFDag,fanboys triggered 😂,0,2025-08-04T19:37:03Z
jHJM-TbFDag,This was a half ass review by a lazy reporter that didnt do his homework.,0,2025-08-04T18:20:28Z
jHJM-TbFDag,"The style has grown onto me, nice ride.",0,2025-08-04T04:45:08Z
jHJM-TbFDag,Every Reviewer misses a very key point on the UI. Almost every function that is needed while driving can be accessed via a voice command.  Either Tesla needs to do a better job of making people aware of this or people who claim to be Reviewers actually do their homework before reviewing a car.,11,2025-08-03T23:17:39Z
jHJM-TbFDag,"you are right.... the door handles suck. If they want to make them sleek, just dump handles and make the doors power open/close.
Coming from Audi, Mercedes, Cadillac and even Ford... the interior quality of all Tesla's suck (again).  
IPAN interface... it sucks too, but since you don't have to really use it alot when it is set up... I got use to it.
The  turn signals on buttons are fine with me (2025 Model 3).
My biggest complaint is FSD... it is not ready for prime time.  I definitely wouldn't allow my teenager use it... Although I use it every time I drive her car, I can find situations that it fails every day.",0,2025-08-03T13:50:03Z
jHJM-TbFDag,"I’ve had my Juniper for a couple of months and I’ve never had to return the steering wheel back to center. It’s just like a normal car. There are adjustments to the steering feel, so you can customize it if it’s too heavy or light. 11:20",4,2025-08-03T07:11:02Z
jHJM-TbFDag,"The Tesla Model Y is the best vehicle for $50,000.  Not only the best EV, but the best car, period.",1,2025-08-03T06:08:12Z
jHJM-TbFDag,"worst review ever, sucks",0,2025-08-02T15:08:27Z
jHJM-TbFDag,"The cargo cover folds and fits underneath the mat in the trunk dude, if you are going to review get it right. The whole purpose is the full self driving.",0,2025-08-02T11:44:10Z
jHJM-TbFDag,"One thing the reviewer is very right about is the ridiculous compartment at the front of the center console.  It is cavernous and it will be impossible to find any objects stored/jumbled in there.  It really would best be used as a giant trash can.  Tesla should have provided a cantilevered console with open space underneath for a purse or two.  This doesn't require any genius level enlightenment as other manufacturers already use this system.  Some designer at Tesla should be hanging his head in shame as this is a large fail and small daily unnecessary aggravations do degrade the overall experience.
     The screen interface is still lackluster.  Tesla you need some help here, so here is a free idea.  Allow users some freedom to customize screens.  You then could monitor the results and adopt some of the best innovations, perhaps with a reward system.  Now the driver just has a lot of difficult to remember, obscure icons to deal with.  There is a lot of room for improvement.  Obviously, safety related items would have to be off limits.  It is just an idea, but some creative folks could get excited about this.",2,2025-08-02T03:54:06Z
jHJM-TbFDag,"Why gloss over FSD?! You could've at least been specific what these ""other"" situations it doesn't do well in are.",1,2025-08-01T21:33:55Z
jHJM-TbFDag,Old?! 🤣😭,0,2025-08-01T21:29:30Z
jHJM-TbFDag,No!! I don't want a traditional turn signal which are terrible....,0,2025-08-01T16:00:10Z
jHJM-TbFDag,"When you carrying a bunch of things any door handle is annoying....also operating the central display is a breeze...I see no praise for the navigation system, it is pretty much the best built in navigation system of ANY car brand. A lot of the comments about the interior are just personal opinion. For example the center storage in front of the cup holders is perfect to hold/hide a small ladies purse. So there is a use for it. Too bad you don't comment on the trunk pockets behind the wheel wells that are perfect to carry small items or bottles...",1,2025-08-01T15:58:05Z
3Dkla2uB5yM,Fortuner,1,2026-04-28T08:15:04Z
3Dkla2uB5yM,TESLA NAHI FESLA .,0,2026-04-22T07:55:19Z
3Dkla2uB5yM,Tesla,0,2026-04-15T09:21:29Z
3Dkla2uB5yM,Mysore,0,2026-04-10T11:44:43Z
3Dkla2uB5yM,Tesla,0,2026-04-08T05:47:45Z
3Dkla2uB5yM,Sorry 😔 bhai Tesla model 3 😂😂,0,2026-03-13T16:47:48Z
3Dkla2uB5yM,Is me autopilot hai,0,2026-03-06T14:20:02Z
3Dkla2uB5yM,Bhai cyberster aur iske 19 20 ka to farak hai na 😂😂😂,0,2026-03-02T18:03:33Z
3Dkla2uB5yM,Yes bro,0,2026-02-15T02:18:29Z
3Dkla2uB5yM,Fortuner,0,2026-02-12T11:30:37Z
3Dkla2uB5yM,"Bhai mai Fortuner l
Chose karta hoon 😅😊😅😅",1,2026-02-11T01:47:51Z
3Dkla2uB5yM,Mg cyberster suna hai,0,2026-02-06T17:18:23Z
3Dkla2uB5yM,Do it has a feature of adas system,0,2026-02-05T11:56:22Z
3Dkla2uB5yM,My pleasure comedy Ek Bar padh lena,0,2026-02-02T15:06:20Z
3Dkla2uB5yM,Bhai mera mera papa ke pass Maruti Suzuki aur XUV 700 hai aur Vahi Socha Tha Ki xuv700 Kyon kharidu Aur Ab Mujhe Pata Chala Uske Samne Koi Uske Ghar,0,2026-02-02T15:06:04Z
3Dkla2uB5yM,Bhai Paisa hi nahi hein mein to garreeeeb hun koi esa gadi bata jo 5 rupees maein aa jae,1,2026-02-02T08:48:44Z
3Dkla2uB5yM,Hello brother I like car not electric car,0,2026-01-31T14:48:53Z
3Dkla2uB5yM,Bhai itne mea mai eak scorpio top model eak thar 4x4 3door aur eak compact SUV jaisy ki 3xo le luga,0,2026-01-30T21:34:51Z
3Dkla2uB5yM,Tesla,0,2026-01-29T14:58:23Z
3Dkla2uB5yM,BYD seal lunga😂😂,0,2026-01-27T09:47:00Z
3Dkla2uB5yM,Byb,0,2026-01-25T14:26:28Z
3Dkla2uB5yM,Tesla❤❤❤❤,0,2026-01-25T01:08:50Z
3Dkla2uB5yM,I buy the Bugatti,0,2026-01-23T17:32:42Z
3Dkla2uB5yM,Fortuner❤❤❤❤❤,0,2026-01-22T09:01:11Z
3Dkla2uB5yM,Kia seltos,0,2026-01-22T04:46:43Z
3Dkla2uB5yM,Tata and Mahindra be like 😨😰😱,0,2026-01-21T09:03:58Z
3Dkla2uB5yM,Abe feature dekhe tsla ke hat,0,2026-01-20T16:10:40Z
3Dkla2uB5yM,Xev9e,0,2026-01-16T10:14:32Z
3Dkla2uB5yM,Bhaiya yah to Tesla ki copy hai,0,2026-01-15T05:24:38Z
3Dkla2uB5yM,Ham bhi Maharashtra mein andar rahte hain,0,2026-01-15T04:35:35Z
3Dkla2uB5yM,2 scorpio s11 kharidunga aur baki ke 10 lakh scorpio me Diesel ⛽ dalne me उड़ा dunga 😂😂,0,2026-01-12T03:42:00Z
3Dkla2uB5yM,Kyon tum bhi bhul gaye the kya,0,2026-01-12T03:04:40Z
3Dkla2uB5yM,Bud seal,0,2026-01-11T06:47:52Z
3Dkla2uB5yM,Car name,0,2026-01-08T06:01:04Z
3Dkla2uB5yM,Car name,0,2026-01-06T09:50:18Z
3Dkla2uB5yM,50 lakhs me tesla bi nahi aati hai,1,2026-01-03T13:05:55Z
3Dkla2uB5yM,BYD,0,2026-01-03T09:43:32Z
3Dkla2uB5yM,50 lakh Se achcha to Main 85000 mein Splendor Le lunga 😂😂😂,0,2026-01-03T06:50:17Z
3Dkla2uB5yM,Byd seal,0,2025-12-31T09:10:02Z
3Dkla2uB5yM,Byd,0,2025-12-28T10:56:06Z
3Dkla2uB5yM,EV’s are not succesfull in India.,0,2025-12-27T09:43:35Z
3Dkla2uB5yM,10 lakh me car Bata 😅,1,2025-12-27T03:51:50Z
3Dkla2uB5yM,Fortuner,0,2025-12-25T07:05:19Z
3Dkla2uB5yM,Noo price 2 crore,0,2025-12-24T03:35:59Z
3Dkla2uB5yM,Fortuner kharidhenge❤,0,2025-12-24T02:09:06Z
3Dkla2uB5yM,Tesla,0,2025-12-23T06:38:12Z
3Dkla2uB5yM,Amit bhaiya taiyar apni team mein le lo meri videos banunga tumhare sath bhai Mera bhi Sapna famous hone ka yaar bhai Amit bhai aur please😢😢😢😢😢😢😢😢😢😢😢,0,2025-12-23T03:47:18Z
3Dkla2uB5yM,Main tumhari video itna Amir log nahin dekhte Hain Jo 50 lakh ke liye garibi Garib dekhte hain bhai tumhari video mere pass itna time nahin Hai tumhari video dekh pichhle sasti chijen bataya karo jismein Koi Le bhi paye bhai p Sahi bata raha hun majak ki baat nahin ummid nahin garibi dekhte hamari sab ki video😂😂😂😂😂😂😂😂😂😂😂😂😂😂😂😂 Dubai mein ek iPhone Dilwale😢😢,1,2025-12-23T03:32:40Z
3Dkla2uB5yM,Bhai Chinese hai Tesla se bhi 💩 hai,0,2025-12-21T15:50:40Z
3Dkla2uB5yM,TASLA❤❤❤,0,2025-12-21T08:38:01Z
3Dkla2uB5yM,The matter is what is the brand of this car 😅,0,2025-12-21T02:41:42Z
3Dkla2uB5yM,Tesla,0,2025-12-20T13:59:58Z
3Dkla2uB5yM,"I have byd seal and a byd seallion 7 

Seal lion 7 is 55 lakh
Seal 45 lakh 

I have both",0,2025-12-19T09:47:30Z
3Dkla2uB5yM,😂😂😂😂😂😂😂. Puup i  hav. This car,0,2025-12-14T14:03:53Z
3Dkla2uB5yM,Be6☠️☠️,0,2025-12-14T07:27:48Z
3Dkla2uB5yM,Tc car,0,2025-12-13T13:05:43Z
3Dkla2uB5yM,Hum tasla kharidenge 😂😂😂😂😂😂,0,2025-12-11T15:26:24Z
3Dkla2uB5yM,Bro  there 's no byd in indian,0,2025-12-08T09:18:14Z
3Dkla2uB5yM,345 tab dikh gai,0,2025-12-05T15:48:36Z
3Dkla2uB5yM,50 lakh ki gadi Hai Ji,0,2025-12-05T15:48:01Z
3Dkla2uB5yM,BYD SEAL,0,2025-12-01T09:56:53Z
3Dkla2uB5yM,What is the cost,0,2025-11-30T10:44:46Z
3Dkla2uB5yM,"Tesla
Byd🤔",0,2025-11-29T16:51:23Z
3Dkla2uB5yM,मैं साइबरस्टार खरीद लूंगा,0,2025-11-29T16:43:40Z
3Dkla2uB5yM,Boycott Chinese brands,0,2025-11-28T04:55:07Z
3Dkla2uB5yM,bhai fortuner kharidunga mai toh 😂,11,2025-11-25T01:53:05Z
3Dkla2uB5yM,Yeh Moon roof dhup me toh aadmi ko popcorn bana deti hogi😂,0,2025-11-24T16:22:54Z
3Dkla2uB5yM,I am going to buy tasla soon I just boycott Chinese thing Chinese are killers I don’t want to help this country anymore,0,2025-11-24T14:15:57Z
3Dkla2uB5yM,Tesla,0,2025-11-23T09:53:32Z
3Dkla2uB5yM,Fourtuner,0,2025-11-23T07:07:56Z
3Dkla2uB5yM,BMW,0,2025-11-23T01:20:09Z
3Dkla2uB5yM,Byd atto 1,0,2025-11-22T12:45:54Z
3Dkla2uB5yM,byd seal,0,2025-11-21T13:51:27Z
3Dkla2uB5yM,BYD,0,2025-11-21T13:09:41Z
3Dkla2uB5yM,Bmw m4,0,2025-11-21T11:13:38Z
3Dkla2uB5yM,Bmw M4,0,2025-11-21T05:46:43Z
3Dkla2uB5yM,Ev🙂 diesel 💀,0,2025-11-20T18:04:59Z
3Dkla2uB5yM,Bahut mast car hai bro ye ab tak ki 🎉,0,2025-11-20T15:13:15Z
3Dkla2uB5yM,Better than fortuner 😏😏😏😏,0,2025-11-20T13:24:18Z
3Dkla2uB5yM,Mercedes,0,2025-11-18T02:31:01Z
3Dkla2uB5yM,BMW,0,2025-11-15T06:09:41Z
3Dkla2uB5yM,Me gold lunga,0,2025-11-14T16:35:37Z
3Dkla2uB5yM,Era of fortuner will be ending soon 😮😮,0,2025-11-14T11:22:55Z
3Dkla2uB5yM,BYD,0,2025-11-14T10:14:54Z
3Dkla2uB5yM,Bhai me to 16 lac ki nexon leta aur aur 34 lac property me invest karta ek saal baad ek saal me nexon free ho jaati,0,2025-11-13T13:00:28Z
3Dkla2uB5yM,So boring video you making 😮‍💨🙄😒😒,0,2025-11-12T14:19:00Z
3Dkla2uB5yM,Alto,0,2025-11-11T19:08:48Z
3Dkla2uB5yM,Gadi kitne Kitne ka hai Kajal milega Hamko bhi Kharedna hai,0,2025-11-11T16:09:48Z
3Dkla2uB5yM,Byd seal 🎉🎉🎉🎉 thanks bro per iska rate kya hai,0,2025-11-09T17:34:56Z
3Dkla2uB5yM,Be9 of mahindra,0,2025-11-09T07:43:00Z
3Dkla2uB5yM,Bhai sunn 50 lakh me me ek FORTUNAR Kharid Lunga,0,2025-11-06T14:02:48Z
3Dkla2uB5yM,Bhai me tho rolls-royce luga,0,2025-11-06T12:15:29Z
3Dkla2uB5yM,Bhai mere pas to Lamborghini EVO Porsche 911,0,2025-11-05T14:39:06Z
3Dkla2uB5yM,BMW❤️‍🔥❤️‍🔥❤️‍🔥,0,2025-11-05T09:56:53Z
3Dkla2uB5yM,Bhai Tora to fortuner ka ha 🔝💯,0,2025-11-05T08:53:42Z
3Dkla2uB5yM,Tesla,0,2025-11-05T07:15:48Z
3Dkla2uB5yM,BYD seal 😅,0,2025-11-03T09:39:49Z
3Dkla2uB5yM,Isse achha to mahindra ka e9 h,0,2025-11-02T16:09:12Z
3Dkla2uB5yM,Byd seal,0,2025-11-02T03:22:53Z
3Dkla2uB5yM,Haa,0,2025-11-01T20:42:04Z
3Dkla2uB5yM,Mahindra Be 6 and Xev 9e 😊😊 best car,0,2025-11-01T09:29:30Z
3Dkla2uB5yM,Itne Mein To Mera Ghar Chala Jayega 😭😭😭😭😭😭😭😭😭💔💔💔💔😔😔🥹🥹😰😥😢😭😱😖🥺🤯😵‍💫😵🥴😶‍🌫️🥸🤓🧐☹️🤬😡😠😤😫😩😓Khair Chhodo Aalu khaoge🥔🥔🥔🥔🥔🥔🥔🥔🥔🥔🥔🥔🥔🥔🥔🥔🥔🥔🥔🥔🥔🥔🥔🥔🥔🥔🥔🥔🥔🥔🥔🥔🥔🥔🥔🥔🥔🥔🥔🥔🥔🥔🥔🥔🥔🥔🥔🥔🥔🥔🥔🥔🥔🥔🥔,0,2025-10-29T09:43:12Z
3Dkla2uB5yM,Byd seal😊😊,0,2025-10-29T09:03:54Z
3Dkla2uB5yM,Nahin hamen 50 lakh ki bid seal khelenge itni madad karo,0,2025-10-29T08:57:00Z
3Dkla2uB5yM,Tesla😎😎😎😎😎😎,0,2025-10-28T08:21:03Z
3Dkla2uB5yM,BMW IS OVERRATED,0,2025-10-28T06:37:27Z
3Dkla2uB5yM,Mahindra Ev or BE,0,2025-10-26T22:34:52Z
3Dkla2uB5yM,"150 100 jada hai
😂😂😂😂😂😂",0,2025-10-26T21:03:18Z
3Dkla2uB5yM,Fortuner lu ga,0,2025-10-26T13:03:21Z
3Dkla2uB5yM,Bmw,0,2025-10-26T09:12:49Z
3Dkla2uB5yM,50 lakh mein ham fortuner lenge❤❤😂😂😂,0,2025-10-25T03:30:50Z
3Dkla2uB5yM,Highest speed,0,2025-10-24T14:05:41Z
3Dkla2uB5yM,"Iska kala sach mujhe pata he , bolo batau 😅😅",0,2025-10-24T13:42:32Z
3Dkla2uB5yM,BMW,0,2025-10-24T11:29:54Z
3Dkla2uB5yM,Byd,0,2025-10-24T09:03:55Z
3Dkla2uB5yM,Bmw m4 competition ☠️,0,2025-10-23T08:32:49Z
3Dkla2uB5yM,Chinaaaaaa! Why,0,2025-10-22T14:18:52Z
3Dkla2uB5yM,Tesla,0,2025-10-22T08:52:53Z
3Dkla2uB5yM,50 lakh mein fortuner kharidega bhai❤❤❤,0,2025-10-20T08:56:06Z
3Dkla2uB5yM,Elon Musk tumhen chhodega nahin😂😂😂,1,2025-10-20T08:38:35Z
3Dkla2uB5yM,But uski prise kya hai,0,2025-10-19T03:00:55Z
3Dkla2uB5yM,Tesla to Tesla hai😅😂😂,0,2025-10-19T01:33:45Z
3Dkla2uB5yM,BYD seal,0,2025-10-17T13:33:52Z
3Dkla2uB5yM,Kya aalu kha sakti hai,0,2025-10-17T11:06:46Z
3Dkla2uB5yM,BMW M4☠️☠️☠️,0,2025-10-17T10:25:24Z
3Dkla2uB5yM,Tu rate bata itna Sab mat fa fake tu rate bata itna mat kyunki na itne sare feature bahut mahangi hogi hamen nahin chahie yah video,0,2025-10-17T08:32:11Z
3Dkla2uB5yM,Before❤❤❤❤❤❤❤❤❤🎉🎉🎉🎉🎉🎉🎉🎉🎉🎉🎉🎉😊😊😊😊😊😊😊😊😊😊😊😊😊,0,2025-10-16T16:14:48Z
3Dkla2uB5yM,tesla,0,2025-10-16T15:53:05Z
3Dkla2uB5yM,😊😊😊😊,0,2025-10-16T10:48:22Z
3Dkla2uB5yM,Fortuner,0,2025-10-15T17:40:12Z
3Dkla2uB5yM,fortuner,0,2025-10-15T16:04:02Z
3Dkla2uB5yM,Fortuner,0,2025-10-15T16:03:02Z
3Dkla2uB5yM,Fortuner 😂😂,0,2025-10-15T15:16:20Z
3Dkla2uB5yM,Dudes 🐏,0,2025-10-15T06:28:25Z
3Dkla2uB5yM,What is price this car?,0,2025-10-14T11:43:02Z
3Dkla2uB5yM,Byd,0,2025-10-14T09:47:16Z
3Dkla2uB5yM,Ye sab harrier ev mein hai,0,2025-10-13T10:26:21Z
3Dkla2uB5yM,Nahin bhai mujhe nahin kharidna mujhe Suzuki kharidna hai bahut Khatarnak,0,2025-10-12T12:10:07Z
3Dkla2uB5yM,BMW 7SERES,0,2025-10-12T06:45:25Z
3Dkla2uB5yM,",BYA 💩👎",0,2025-10-12T06:45:02Z
3Dkla2uB5yM,Modified scorpio n,0,2025-10-11T13:44:41Z
3Dkla2uB5yM,Only fortuner,0,2025-10-11T07:24:52Z
3Dkla2uB5yM,Byd seal to mere pass allredy hain,0,2025-10-10T17:15:45Z
3Dkla2uB5yM,Yah MG ki kar hai,0,2025-10-10T16:10:43Z
3Dkla2uB5yM,Ham Bhi to Hai Hi Na😢,0,2025-10-10T08:04:37Z
3Dkla2uB5yM,No dustbin,0,2025-10-09T17:01:02Z
3Dkla2uB5yM,Byd seal,0,2025-10-09T15:14:10Z
3Dkla2uB5yM,"Corvette, c8",0,2025-10-09T09:37:53Z
3Dkla2uB5yM,Be 6 kharidenge 😂 ye kiun,0,2025-10-09T08:46:53Z
3Dkla2uB5yM,"Bhai JK ka road dekha hai ek kilo meter bhi nahi chal payegi ya 😂😂
Vayadba
Aloo khaoga 😂🤣😂",0,2025-10-08T16:21:03Z
3Dkla2uB5yM,In 50 lakhs I buy fortuner,0,2025-10-06T17:10:01Z
3Dkla2uB5yM,I will always go for mahindra xev 9e pack3. Half the price. Double the features. Aur apne desh ki company bhi to hai ji. China ko majboot karna hai ki India ko?,0,2025-10-06T14:14:48Z
3Dkla2uB5yM,Mahindra BE6E(made in India),1,2025-10-06T08:47:29Z
3Dkla2uB5yM,Mahindra 9e,0,2025-10-06T05:33:08Z
3Dkla2uB5yM,Fortuner legender,0,2025-10-05T13:52:15Z
3Dkla2uB5yM,"china ki car hai 
CHALE TO CHAND TAK
NA CHALE TO SHAAM TAK💯💯",0,2025-10-05T10:18:36Z
3Dkla2uB5yM,Fortuner lenge 50 lakh me,0,2025-10-05T09:50:28Z
3Dkla2uB5yM,Bhai electric porshae,0,2025-10-05T08:58:54Z
3Dkla2uB5yM,Fortuner Netaji,0,2025-10-05T08:51:51Z
3Dkla2uB5yM,50 lakh i buy a land within 2 years it will be 1 crore I will buy Lamborghini😂😂,0,2025-10-05T07:24:48Z
3Dkla2uB5yM,Tesla is automatic,0,2025-10-05T03:31:21Z
3Dkla2uB5yM,"Mahindra xuv 9.e
Sunroof ma light hai",0,2025-10-04T16:15:44Z
3Dkla2uB5yM,50 lake 🚲,0,2025-10-04T11:27:44Z
3Dkla2uB5yM,Mei aukad se bahar hai 😂😂😂😂,0,2025-10-04T07:28:03Z
3Dkla2uB5yM,i choose byd seal,0,2025-10-03T15:32:01Z
3Dkla2uB5yM,Bro stole her brothers content 😂😂,0,2025-10-03T11:45:47Z
3Dkla2uB5yM,BYD seal,0,2025-10-02T18:10:18Z
3Dkla2uB5yM,Fortuner,0,2025-10-01T04:51:43Z
3Dkla2uB5yM,50 LAKH MEIN EK SEDAN CAR  HYUNDAI VERNA  AUR SHER SCORPIO S11 CLASSIC ❤,1,2025-09-30T13:22:40Z
3Dkla2uB5yM,Aloooooo khaoge 😂😂❤,0,2025-09-29T05:45:02Z
3Dkla2uB5yM,I will buy byd seal,0,2025-09-29T04:40:49Z
3Dkla2uB5yM,Ham fortuner kharidenge😂,0,2025-09-28T15:34:49Z
3Dkla2uB5yM,2 tata sierraa,0,2025-09-28T12:33:28Z
3Dkla2uB5yM,Kalu khaoge,0,2025-09-28T10:52:27Z
3Dkla2uB5yM,Iss tatti jese Gadi per kharch karne se achcha me Mahindra ka 30 lakh bm6,0,2025-09-28T06:46:05Z
3Dkla2uB5yM,Han jarur kyon nahin karte Hain❤🎉😢😅😊😂😂😢😅😅😊❤😢😅😊 iska price 50 lakh,2,2025-09-28T06:45:59Z
3Dkla2uB5yM,Made in china😂 not interested,0,2025-09-28T03:32:03Z
3Dkla2uB5yM,50 lakh mein bi bye di sealed❤❤❤❤❤❤❤❤❤❤❤ Tesla is ke samne hug dega❤❤❤❤❤❤❤❤❤❤,0,2025-09-27T10:48:44Z
3Dkla2uB5yM,50 lakh mein bi bye di sealed❤❤❤❤❤❤❤❤❤❤❤ Tesla is ke samne hug dega❤❤❤❤❤❤❤❤❤❤,0,2025-09-27T10:48:43Z
3Dkla2uB5yM,Byd bad spring test potholes and water river traffic india,0,2025-09-27T07:20:45Z
3Dkla2uB5yM,Fortuner,0,2025-09-27T01:13:52Z
3Dkla2uB5yM,Fortuner kharidunga😂,0,2025-09-26T16:21:24Z
3Dkla2uB5yM,Byd,0,2025-09-26T07:00:48Z
3Dkla2uB5yM,Aloo khaoge 🥔🥔🥔🥔,0,2025-09-26T06:32:59Z
3Dkla2uB5yM,Corvette,0,2025-09-25T07:34:55Z
3Dkla2uB5yM,भाई ऑटो पायलट तो नहीं है ना😂😂😂,0,2025-09-24T18:08:24Z
3Dkla2uB5yM,In 50 - fortuner 😂,0,2025-09-24T09:02:58Z
3Dkla2uB5yM,"Buy only tata motors nexson ev 🚘
Buy only indian product 🇮🇳",0,2025-09-23T22:15:09Z
3Dkla2uB5yM,ALOO🥔,0,2025-09-23T10:54:05Z
3Dkla2uB5yM,Also fortuner 😂,1,2025-09-23T10:10:45Z
3Dkla2uB5yM,Aaloo khaoge 🥔🥔🥔🥔🥔🥔🥔🥔🥔🥔🥔🥔🥔🥔🥔🥔🥔🥔🥔🥔🥔🥔🥔🥔🥔🥔🥔😂😂😂,0,2025-09-23T04:55:48Z
3Dkla2uB5yM,Fortuner 👌👌👌👌👌👌,0,2025-09-23T03:49:52Z
3Dkla2uB5yM,Mahindra BE6 is My Favorite..😘🥰😍 I Definitely Buy Mahindra BE6,0,2025-09-22T18:35:33Z
3Dkla2uB5yM,Bro byd is a chinese company. Badosa karlo😮😊Chuna to lagega,0,2025-09-22T17:03:17Z
3Dkla2uB5yM,Bmw,0,2025-09-22T14:39:46Z
3Dkla2uB5yM,Tesla,0,2025-09-22T12:37:46Z
3Dkla2uB5yM,Aalu khauga,0,2025-09-22T10:27:08Z
3Dkla2uB5yM,I am by Tesla Cyber Truck 🚒,0,2025-09-22T09:20:30Z
3Dkla2uB5yM,Aloo khaoge,0,2025-09-22T07:40:57Z
3Dkla2uB5yM,Aalo khaoge 😂,0,2025-09-22T02:30:30Z
CwquPymuaUs,अरे भाई यह तो कार नहीं बेकार है यार😂😂,0,2025-11-10T16:00:07Z
CwquPymuaUs,"Bhai hamara tata harrier or xev9e , be6 best h or byd ki bhi best h",0,2025-10-30T11:04:24Z
CwquPymuaUs,total garbage .... TATA HARRIER EV is 1000 times better,2,2025-10-29T17:51:09Z
CwquPymuaUs,Price?,0,2025-10-29T07:02:14Z
CwquPymuaUs,Features बहोत सारे है पर दिखाता कोई नही 😅,1,2025-10-29T01:49:36Z
CwquPymuaUs,बेकार ऐसा लग रहा ipad लगा दिया हो 😅,3,2025-10-28T15:16:56Z
CwquPymuaUs,We miss tinku moon channel 😢,0,2025-10-28T09:14:50Z
CwquPymuaUs,wow..,0,2025-10-28T09:04:02Z
1_iRnMqeSoc,"I can't hide the fact that, the owner of the car felt so genuine. He didn't pretend to say the car is the best or anything that sort and mentioned everything as what he genuinely felt . BTW, congrats man, wishing you enjoyable miles ahead :)",0,2026-04-30T14:36:47Z
1_iRnMqeSoc,"ടെസല ഓണറുടെ വയറു കുറയ്ക്കണം ഡോക്ടർ ആണെന്ന് പറയുന്നു വണ്ണം കുറക്കണം വണ്ടി എപ്പോൾ വേണമെങ്കിലും വാങ്ങിക്കാം 😂😂 ഇവിടെ അമേരിക്കയിൽ സ്ത്രീകളാണ് ഓടിക്കുന്നത് കൂടുതലും ജോലിക്ക് പോകാൻ ഉപയോഗിക്കുന്നു ഇഷ്ടംപോലെ റെന്റ് കിട്ടും, പുരുഷന്മാർ സാധാരണ എസ്‌യുവി suv ആണ് ഉപയോഗിക്കുന്നത് അല്ലെങ്കിൽ വലിപ്പമുള്ള ഹെവി car🙏🏿😂",1,2026-04-29T00:21:23Z
1_iRnMqeSoc,"This vehicle is too small 
No engine in the front 
No book value",0,2026-04-26T02:02:55Z
1_iRnMqeSoc,I don’t know what other’s says; my model 3-2022 model ;142998 km. No major issues detected or resolved. Battery was 375 km maximum km at purchase and now 100% charge=365km(varies depending on weather). Proof upon request,0,2026-04-24T22:22:02Z
1_iRnMqeSoc,എന്റെ വണ്ടി 40k മൈൽസ് കഴിഞ്ഞ് ഒരു കുഴപ്പവുമില്ല ഇതു വരെ ഒരു സർവീസ് ചെയ്യുണ്ടി വന്നില്ല. സ്റ്റെപ്പിന്നി ഇല്ലെന്ന കുഴപ്പമുണ്ട്,0,2026-04-24T09:21:57Z
1_iRnMqeSoc,You can start ac before you board the car. Use app to start ac 15 minutes before enter car in hot weather,0,2026-04-23T01:28:45Z
1_iRnMqeSoc,Byd seal should be compared with M3.mine is MY but M3 highland is better than MY in handling and seal comes no where near it,0,2026-04-20T11:21:03Z
1_iRnMqeSoc,Teslayude ground clearance also is low right?,0,2026-04-19T02:53:14Z
1_iRnMqeSoc,പുള്ളിയോട് നാനോ സെറാമിക് ഫിലിം സൺറൂഫിൽ ടിന്റിംഗ് ചെയ്യാൻ പറയൂ. എന്റെ വണ്ടിയും ഫുൾ പനോരമിക് ഗ്ലാസ്സ് ടോപ്പ് ആണ്. ഞാൻ സെറാമിക് ടിന്റിംഗ് ചെയ്തു. 90% ഹിറ്റ് പ്രൊട്ടക്ഷൻ കിട്ടുന്നുണ്ട്.,0,2026-04-16T11:06:22Z
1_iRnMqeSoc,1L km in 1yr ?????????? 😭,0,2026-04-14T17:28:02Z
1_iRnMqeSoc,"Tesla is not worth the money. Not at all comfortable to travel and interior looks cheap + lean. 
BYD Sealion 7 is much much better...",0,2026-04-12T23:46:30Z
1_iRnMqeSoc,The Tesla Model Y is the best-performing and most reliable car in its segment.,0,2026-04-12T07:55:53Z
1_iRnMqeSoc,"This is not standara Y, this is a premium Y",0,2026-04-12T04:45:30Z
1_iRnMqeSoc,bro bgm sound onnu low aakanam while speaking,0,2026-04-11T04:10:22Z
1_iRnMqeSoc,Dr and his brother tooo good guys,0,2026-04-10T15:15:44Z
1_iRnMqeSoc,Tesla ക്കൊക്കെ home delivery flatbed service ഉണ്ടാവേണ്ടത് അല്ലെ🙂💯,0,2026-04-07T05:03:51Z
1_iRnMqeSoc,"ഇത് alloy wheels തന്നെ ആണോ?
Maruti യുടെ വണ്ടിയിൽ ഉള്ള wheel cups ഇട്ട് paint ചെയ്തതുപോലെ ഉണ്ട്, ഒട്ടും ഭംഗിയായി തോന്നിയില്ല....",0,2026-04-06T07:32:41Z
1_iRnMqeSoc,10000 miles il tyre rotation cheydaal wear and tear minimize cheyan patum ☝️,0,2026-04-05T01:19:44Z
1_iRnMqeSoc,"കേരളത്തിൽ എത്ര കൂടിയ കിലൊവാട്ട് വരെ ഉണ്ട് ചാർജർ, ഞങൾക്ക് രണ്ട് വണ്ടി കൊണ്ട് വരാനായിരുന്നു 350kw-450kw ?",0,2026-04-04T23:24:20Z
1_iRnMqeSoc,lam from usa. He is telling very frankly,0,2026-04-04T14:45:06Z
1_iRnMqeSoc,It doesn't look good with that price.  Its resale value here in North America is less for Tesla. Byd is 10x better.,0,2026-04-04T14:14:31Z
1_iRnMqeSoc,"Dear Owner 
How is the suspension  ?
Reg glass top issue there is an accessory available",0,2026-04-04T03:50:13Z
1_iRnMqeSoc,66lakhs is worth I think with the features but turning radius is a drawback as mentioned by owner considering the price range,0,2026-04-03T21:52:30Z
1_iRnMqeSoc,Actual cost of Tesla is only 30 lakhs...rest is pure tax,0,2026-04-01T11:58:24Z
1_iRnMqeSoc,അപ്പോ  S AND X എന്താകും സെറ്റപ്,0,2026-04-01T11:23:25Z
1_iRnMqeSoc,ഞാൻ ബെൻസ് വിട്ട് മറ്റെരു കാറിനെ കുറിച്ച് ചിന്തിക്കുന്നില്ല,0,2026-04-01T07:36:04Z
1_iRnMqeSoc,Verna ❤️,0,2026-03-31T14:34:00Z
1_iRnMqeSoc,"Sir, you will be able to order the sun screen from the company. Also, you will be able change the air filter by yourself, just google search it.",0,2026-03-31T00:24:47Z
1_iRnMqeSoc,"എനിക്ക് മോഡൽ y യുടെ എല്ലാ കാര്യങ്ങളും ഇഷ്ടമായി,  ആകെയുള്ള പരാതി സസ്പെന്ഷന് ആണ്,  കുടുക്കം കൂടുതലാണ്",1,2026-03-30T20:55:56Z
1_iRnMqeSoc,"its not Radar, its LIDAR.. Theres 8 cameras in tesla model Y , i own one here. Its used for self driving feature. This guy doesnt know shit",0,2026-03-30T20:33:03Z
1_iRnMqeSoc,"Comments section reveal - “Futuristic, Minimalistic Design” - these terms still  sounds like Greek in India 😂
You like it or not, Minimalistic design is in its own design segment and have separate fans. 
Some said Taxis in some countries, considering Tesla is not low cost , then why wud they select Tesla for taxis ? Basically bcoz of brand’s EV experience, reliability, range in the EV market . It is true earlier had quality issues compared to the price - but 2026 version significantly increased to top quality.",0,2026-03-30T19:39:32Z
1_iRnMqeSoc,15:14 അതാണോ വലിയ    പ്രശ്നം  നല്ല ഡാർക്ക് കൂളിംഗ് പേപ്പർ  ഒട്ടിച്ചാൽ മതി,0,2026-03-30T12:37:27Z
1_iRnMqeSoc,"mahindra BE 6 E ithinekkalum look undu, indian roadinu pattiyathanu",0,2026-03-30T08:05:32Z
1_iRnMqeSoc,Tesla ippo pandathe quality and reliability theere ella. Plan undarunnu edukkan. But ini ella. Pakaram Lexus eduthu,0,2026-03-29T12:18:07Z
1_iRnMqeSoc,"The first tesla of kerala is mine at pala and not kanjirappally. KL35N   .  Collected on 29 nov from mumbai and drove to pala via bangalore. Long range white interior gray colour
Very happy and range obtsined is590km. Some accessories are available now and i am expecting my items next week",28,2026-03-29T11:55:36Z
1_iRnMqeSoc,01:16  😶‍🌫 When did Tesla become the top car brand in terms of global sales?,1,2026-03-29T09:33:58Z
1_iRnMqeSoc,Ente car BYD Sealion7 aanu. Full happy,0,2026-03-29T06:38:26Z
1_iRnMqeSoc,Rubber band. കുറച്ച് കൂടി വലിച്ച് നീട്ട്,0,2026-03-29T05:39:35Z
1_iRnMqeSoc,പാല (കോട്ടയം),0,2026-03-29T04:19:48Z
1_iRnMqeSoc,Ith poloru koora vandi.. altoyil povunna feel aanu... Plastic feel.,0,2026-03-29T03:13:05Z
1_iRnMqeSoc,"If you start using FSD there is no going back. Only service we have to do is tire rotation, Tesla service will come home to do that. I have the all wheel drive option. FSD is 99$ extra per month in USA",0,2026-03-29T03:09:51Z
1_iRnMqeSoc,ചില രാജ്യങ്ങളിൽ ഇപ്പോൾ ഇതു ടാക്സി ആണ് 😀😀😀,0,2026-03-29T03:06:59Z
1_iRnMqeSoc,I drive model X 😎,0,2026-03-28T19:55:51Z
1_iRnMqeSoc,I own a Tesla Model 3 in the USA. So I’d advise to buy and install a screen protection for the screen. I accidentally hit the screen with the tip of an umbrella and cracked the screen which had to be replaced then.,1,2026-03-28T19:50:30Z
1_iRnMqeSoc,Also does Tesla in India offer Full Self Driving (FSD)autopilot?,0,2026-03-28T19:47:55Z
1_iRnMqeSoc,Is long range Dual motor version available in India?,0,2026-03-28T19:46:40Z
1_iRnMqeSoc,"മോഡൽ Y ആയിരുന്നു എന്റെ ആദ്യത്തെ ടെസ്ല. സൈബർ ട്രക്ക് രണ്ട് വർഷമായി ഉപയോഗിക്കുന്നു. ന്യൂയോർക്കിലെ ആദ്യത്തെ 50 സൈബർ ട്രക്കുകളിലൊന്ന് എനിക്കായിരുന്നു. ആദ്യം ഒരു ശങ്ക ഉണ്ടായിരുന്നെങ്കിലും, FSD, steer by wire technology ഉപയോഗിച്ച് കഴിഞ്ഞാൽ പിന്നെ വേറൊരു വണ്ടി ഇനി ഉപയോഗിക്കാൻ തോന്നില്ല. Its like a toy to have fun.",1,2026-03-28T18:46:06Z
1_iRnMqeSoc,പുറകിൽ ഇരുന്ന ആളും സീറ്റ് ബെൽറ്റ് ഇട്ട് മാതൃക കാണിച്ചതിന് നന്ദി !,5,2026-03-28T17:19:41Z
1_iRnMqeSoc,"Full self driving must ആണ് , അതില്ലെങ്കിൽ ഏതൊരു സാധാരണ ഇലക്ട്രിക്ക് കാറ് പോലേയുള്ളു ടെസ്‌ലയും. ചിലപ്പോ കുറച്ചു പവർ ആൻഡ് റേഞ്ച് കൂടുതൽ കാണും അത്രേയുള്ളു. ങ്ങാൻ 90% സമയവും FSD ആണ് ഉപയോഗിക്കുന്നത് , അതൊരു ഒന്നൊന്നര ഫീലാണ്.",0,2026-03-28T14:29:20Z
1_iRnMqeSoc,ഇന്ത്യയില്‍ byd   കൊള്ള വിലയാണ്  sealion 7 and  64lakhs. ചൈനയില്‍ നിന്ന് ഇത്രയും ദൂരം import ചെയ്തു യുകെ യില്‍ വില 49lakhs,0,2026-03-28T12:11:09Z
1_iRnMqeSoc,ബാറ്ററി BYD യുടെ അല്ലെ  with blade technology,0,2026-03-28T11:49:17Z
1_iRnMqeSoc,"Service- filter change, cooler cleaning,control arms check,knuckle links and bushings, most importantly tire alignment. You need to check all these.",0,2026-03-28T11:23:18Z
1_iRnMqeSoc,My friend I drive tesela model 3 75000 miles no brake pad change,1,2026-03-28T09:26:37Z
1_iRnMqeSoc,Nice presentation ❤. Congratulations Dr Cijo 🎉,0,2026-03-28T06:53:30Z
1_iRnMqeSoc,Looks like a Verna 😂,0,2026-03-28T04:35:49Z
1_iRnMqeSoc,Don't lie best selling cars are byd,0,2026-03-28T04:14:03Z
1_iRnMqeSoc,Humble user …Dr n Neff ..Tesla 🔥massive ..minimalistic ..beast,0,2026-03-28T02:20:37Z
1_iRnMqeSoc,"Too bad it doesn't provide FSD in India, at least on highways people could use it. Once you are comfortable in using FSD, no need for a driver anymore. It spoils you completely especially on long trips. I've experienced it.",2,2026-03-28T01:37:06Z
1_iRnMqeSoc,"In Dubai, tesla is replaced by byd",0,2026-03-28T01:31:26Z
1_iRnMqeSoc,"Kuranja vandi, ividokke taxi aanu. Cheap interior",0,2026-03-28T00:45:08Z
1_iRnMqeSoc,"I have been regularly using a Tesla Model 3 for over three years that too in multiple terrains in Australia.. The car has done 45k  and I can certainly say it`s a wonderful car.. never ever had any issues and can save a huge amount of money for it`s day to day usage..  The only money I spent apart from charging is  when it turned 10k for tyre rotation and once I had an issue caused by  rodents..  otherwise practically nothing.. I have also test driven the previous versions of Model Y and the latest version(shown here).. Now, the Model Y + comes which gives over 680km per full charge. the facelifted long range Model 3 gives 750km WLTP  in full charge.  Great to see the new model Y being shown in Kerala. Thanks",1,2026-03-27T23:51:50Z
1_iRnMqeSoc,Why don’t you add film in moon roof?,1,2026-03-27T22:26:22Z
1_iRnMqeSoc,Ninghall onnu oodichu nokhaayirunnu especially the suspension battery power style of varieties from other cars and the customer is very cute nice person especially his talking it's from heart,0,2026-03-27T20:46:58Z
1_iRnMqeSoc,Oru പാട്ട വണ്ടിക്ക് iPad ഫിറ്റ് ചെയ്തതുപോലെ ഉണ്ട്.. എന്തിനാണ് ഈ കോപ്പ്,0,2026-03-27T20:00:51Z
1_iRnMqeSoc,"What a humble and honest owner. Good, need more user reviews like this.",24,2026-03-27T14:54:53Z
1_iRnMqeSoc,ടെസ്ല യൂറോപ്പിലും അമേരിക്കയിലും വൻ പരാജയമാണ് ബി വൈ ഡി ആണ് നമ്പർ വൺ,4,2026-03-27T13:36:31Z
1_iRnMqeSoc,Back look shokam ane,1,2026-03-27T12:11:35Z
1_iRnMqeSoc,Suspension hard ആണ് . interior build quality മോശം ആണ്,0,2026-03-27T11:45:31Z
1_iRnMqeSoc,ഇന്ന് ഈ കമ്പനിയുടെ മുതലാളിയുടെ പാസ്പോര്ട് മാത്രമേ അമേരിക്കൻ ഉള്ളൂ. ബാക്കി പ്രോഡക്ട് എല്ലാം ചൈനയാണ്,1,2026-03-27T09:29:18Z
1_iRnMqeSoc,"33:11 🔃about round-abouts. nammude round abouts il lane marking and stop line/yield to traffic line njan ituvare notice cheytittilla. Round about il already ulla vehicles nu aanu priority, as per law, but road il atinte oru marking um illa. It always bugged me ever since I learned about this.",0,2026-03-27T06:31:01Z
1_iRnMqeSoc,No styling and just a very bland design.. quality of this heavily compromised.. only one thing is really state of the art and thats the software... rest all is just American Junk,0,2026-03-27T05:48:20Z
1_iRnMqeSoc,ഞങ്ങളുടെ നാട്ടിലും ഒഴിഞ്ഞ സ്ഥലങ്ങളിൽ കാർ ഡാൻസ് ചെയുന്നത് കണ്ടിട്ടുണ്ട്.... നിർത്തി ഇട്ടിരിക്കുമ്പോൾ,16,2026-03-27T04:49:06Z
1_iRnMqeSoc,"U can also customize Tesla car with plug and play connector. For example installing automatic sunshade, mini fridge. Driver instrument cluster. Available online from website. ഞാൻ customize ചെയ്തിട്ടുണ്ട്",1,2026-03-27T04:35:07Z
1_iRnMqeSoc,BJP Jholi ad vanavar like adii🙄,0,2026-03-27T03:25:24Z
1_iRnMqeSoc,Njan കുറച്ചു ദിവസം മുന്നേ തൊടുപുഴയിൽ വെച്ച് ഒരു white tesla കണ്ടിരുന്നു,9,2026-03-27T03:04:23Z
1_iRnMqeSoc,Front side look like new model verna...,24,2026-03-27T03:04:08Z
1_iRnMqeSoc,Tesla is a American spy .,2,2026-03-26T21:46:46Z
1_iRnMqeSoc,Watched the whole video.... Wasn't the on road price revealed???,1,2026-03-26T20:12:19Z
1_iRnMqeSoc,That dent makes my ocd waken,21,2026-03-26T20:04:49Z
1_iRnMqeSoc,എന്റെ വണ്ടി model 3 ആണ് എടുത്തു കുറച്ച് കഴിഞ്ഞു ചെറിയ technical issue വന്നു സ്ക്രീൻ full മാറി തന്നു ഇപ്പോൾ 90k no സർവീസ് no issue നാട്ടിൽ അല്ലെ ഓസ്ട്രേലിയയിൽ ആണ് 😀,48,2026-03-26T19:19:50Z
1_iRnMqeSoc,ചൈനീസ് tesla 🤮🤮🤮,1,2026-03-26T19:02:38Z
1_iRnMqeSoc,Do with gokul bijuraj,0,2026-03-26T18:41:02Z
1_iRnMqeSoc,"Bro did the video shooted in pathanamthitta, because i saw a Tesla in kozhencheery...same colour as this vehicle and Temporary number plate i don't know did I saw this vehicle or not",1,2026-03-26T18:26:13Z
1_iRnMqeSoc,Byd seal anu look,0,2026-03-26T18:25:27Z
1_iRnMqeSoc,M340i review pls,0,2026-03-26T18:21:17Z
1_iRnMqeSoc,Nice video bro.lengthy but still didn’t felt any lag..,1,2026-03-26T18:19:12Z
1_iRnMqeSoc,Xev 9s and byd sealion review please,0,2026-03-26T17:57:44Z
1_iRnMqeSoc,Cybertruck tamilnadu orennam vannittundu adityaram chairman enna aalkkanu,1,2026-03-26T17:42:06Z
1_iRnMqeSoc,Bmw ix1 is a better car,1,2026-03-26T17:34:36Z
1_iRnMqeSoc,Renault capture review,0,2026-03-26T16:03:28Z
1_iRnMqeSoc,Tesla use cheythatind verum shokam vandi IMO 😊,4,2026-03-26T15:44:57Z
1_iRnMqeSoc,Covered all aspects! Nice one 🎉,2,2026-03-26T15:25:42Z
1_iRnMqeSoc,Xev9s venm vegam please 🥹🥹,0,2026-03-26T15:21:49Z
1_iRnMqeSoc,66 lack paranthan car,0,2026-03-26T15:21:18Z
1_iRnMqeSoc,Thank u neff broo❤,4,2026-03-26T15:20:49Z
1_iRnMqeSoc,Damn,0,2026-03-26T15:07:10Z
1_iRnMqeSoc,Sealion user review evidea 😢,5,2026-03-26T14:56:16Z
CJuvjaPuw2E,Why does it look like a minivan tho,0,2026-04-28T07:21:20Z
CJuvjaPuw2E,Wonder what the safety rating on that thing is.,0,2026-04-28T03:10:18Z
CJuvjaPuw2E,Bro that’s not a Tesla that’s how loose it,0,2026-04-25T14:35:46Z
CJuvjaPuw2E,How’s the self driving??? Like is it Tesla Levels good? Or still getting there? Because I would want to buy this car. But the Full Self Driving has to be on Par with Tesla if not better,0,2026-04-25T04:38:43Z
CJuvjaPuw2E,90% of this car’s ideas derived or  direct copied over  from a Tesla LMFAO,0,2026-04-24T06:54:54Z
CJuvjaPuw2E,LUUUUUIUCIIID.,0,2026-04-24T00:25:11Z
CJuvjaPuw2E,Nice!!!!,0,2026-04-23T11:27:52Z
CJuvjaPuw2E,"Cup Holders ,More Cup Holders And More Cup Holders 😭 🙏",0,2026-04-23T08:50:45Z
CJuvjaPuw2E,"Nobody in Asia buys Tesla anymore. We have BYD, Geely, and other Chinese brand stepping up with their models and aftersales service.",0,2026-04-21T10:26:50Z
CJuvjaPuw2E,Tesla didnt really give the Model S/X the attention they deserved,0,2026-04-21T04:55:25Z
CJuvjaPuw2E,Lucid is playing chess on the moon . Waiting for tesla to catch up😂,0,2026-04-20T14:00:29Z
CJuvjaPuw2E,115k ?? Nahhh we are cooked 😅,0,2026-04-20T11:45:36Z
CJuvjaPuw2E,Zeekr  x9❤❤❤❤,0,2026-04-20T11:42:54Z
CJuvjaPuw2E,And china will be able to do the same at 1/3 of the price,0,2026-04-19T14:19:24Z
CJuvjaPuw2E,Theres just no other feeling you get when you drive a Tesla but pure happiness. No thanks.,0,2026-04-19T01:31:03Z
CJuvjaPuw2E,The return of the minivan. I would rock it!,0,2026-04-18T23:09:07Z
CJuvjaPuw2E,i am only concerned about the spare parts and their availability considering this is a new introduction,0,2026-04-17T17:28:40Z
CJuvjaPuw2E,"""I still hv enough room ""as he barely has foot space",0,2026-04-17T17:27:56Z
CJuvjaPuw2E,starting at $95K,0,2026-04-17T00:58:25Z
CJuvjaPuw2E,That’s a fucking limo pa 😂😂😂❤❤❤,0,2026-04-16T18:49:48Z
CJuvjaPuw2E,Price? Is it get the good quality as Chinese EV?😂,0,2026-04-14T02:01:07Z
CJuvjaPuw2E,because of usa we have cup holder everywhere on each car .... why usa need that much cup holder,0,2026-04-13T15:01:49Z
CJuvjaPuw2E,I’m getting one of those cars,0,2026-04-12T17:36:55Z
CJuvjaPuw2E,My mind immediately went to having a crack in that windshield,0,2026-04-12T15:20:39Z
CJuvjaPuw2E,Hope other car brands will be making beautiful and powerful family cars like this one .,0,2026-04-12T08:49:46Z
CJuvjaPuw2E,"Okay, a minivan that can launch and drift like a supercar is NEXT LEVEL",0,2026-04-12T03:28:32Z
CJuvjaPuw2E,drifting that thing with 3 kids in tha back screaming for their life seems like a good laugh 😂,0,2026-04-07T09:23:52Z
CJuvjaPuw2E,It's still double priced,0,2026-04-07T02:09:44Z
CJuvjaPuw2E,How much?,0,2026-04-06T15:19:56Z
CJuvjaPuw2E,Price vs the Tesla?,0,2026-04-06T01:59:51Z
CJuvjaPuw2E,Wait until Chinese EV hit the U.S market. You get all this and more for less than half the price. Oh yeah and a wopping 8 to 10 year warranty on battery and electric motors. 😂,0,2026-04-06T01:30:57Z
CJuvjaPuw2E,I love this and I just wish it was a little more offroady. I need lucid and rivian to have babies.,0,2026-04-03T22:43:52Z
CJuvjaPuw2E,It has cupholders... No way .,0,2026-04-03T11:50:35Z
CJuvjaPuw2E,How much?,0,2026-04-02T20:08:51Z
CJuvjaPuw2E,0:25 Hexagons are the bestagons.,0,2026-04-01T23:28:45Z
CJuvjaPuw2E,no one is paying 100k plus for an EV there is not alot of folks willing to pay that. give it a year will go down to 80k,0,2026-04-01T20:43:38Z
CJuvjaPuw2E,"Wow 😮 
Feels like lucid dream",0,2026-03-31T14:19:49Z
CJuvjaPuw2E,Don’t like that windshield replacement with a crack though,0,2026-03-30T20:53:57Z
CJuvjaPuw2E,and the rivian r1s is the manager of the kitchen,0,2026-03-30T03:55:58Z
CJuvjaPuw2E,"windshield cracked, and you're done for. 💀",1,2026-03-29T16:03:22Z
CJuvjaPuw2E,If car seats are there how do you get out from 3rd row,0,2026-03-29T10:12:46Z
CJuvjaPuw2E,lol Ik what I need after a long day and best believe it’s not on a screen 😆😅,0,2026-03-29T02:24:28Z
CJuvjaPuw2E,I haven’t seen any other vehicles that drive the way this drives that will allow someone your size to sit in the 3rd row whilst having 3 car seats or 3 adults your size in the second row without having to straddle the first row of seats or without the driver having to sit in your lap.  Kudos to Lucid 👌👌👌. They’ve still got some work to do but this is a great start for someone with my needs.,0,2026-03-28T15:04:27Z
CJuvjaPuw2E,"If it only had an OFF button and software that wasn't hellaciously buggy.  I have one, and those 2 things keep me from recommending and otherwise great car.",0,2026-03-26T18:02:20Z
CJuvjaPuw2E,Cooked for sure,0,2026-03-26T05:39:25Z
CJuvjaPuw2E,Whooooooa 😲😲😲😲😲😲😲,0,2026-03-25T13:23:45Z
CJuvjaPuw2E,Tesla been cooked,0,2026-03-24T20:27:58Z
CJuvjaPuw2E,Bro i need one,0,2026-03-24T14:13:26Z
CJuvjaPuw2E,Now show the price of a window replacement,0,2026-03-24T10:11:54Z
CJuvjaPuw2E,That windshield is gonna be a pain to replace of it cracks,0,2026-03-22T03:41:19Z
CJuvjaPuw2E,For the price wayyyy overated,0,2026-03-21T01:06:00Z
CJuvjaPuw2E,Family cars should be 300hp max,0,2026-03-20T01:09:37Z
CJuvjaPuw2E,At the low low price of a small home,0,2026-03-19T12:50:50Z
CJuvjaPuw2E,You’re right model x is cooked because they stop making it soon.,0,2026-03-17T17:45:22Z
CJuvjaPuw2E,“After a long day” yeah idk if I want to hear some automated voice talking to me while trapped in a car. I actually got anxiety from that 😅 nice car tho,0,2026-03-17T13:18:14Z
CJuvjaPuw2E,'After a long day' mode FTW!,0,2026-03-15T16:53:52Z
CJuvjaPuw2E,My kids would shred this beaut in no time. Lucid Hellscape by the time the first payment hit.,0,2026-03-15T03:10:44Z
CJuvjaPuw2E,bro why dosent anyone talk about how to open the door from the inside,0,2026-03-15T01:45:00Z
CJuvjaPuw2E,People will eventually realize that Tesla is the Mitsubishi of EVs.,0,2026-03-14T20:52:43Z
CJuvjaPuw2E,Too bad it looks like a minivan,0,2026-03-14T15:31:29Z
CJuvjaPuw2E,I wonder how much it costs to replace that windshield after getting hit by a rock on the highway. It’s happened to me twice in the past three years.,0,2026-03-14T14:08:43Z
CJuvjaPuw2E,Holy...that thing is too fast.,0,2026-03-14T09:27:31Z
CJuvjaPuw2E,Lucid cars are good looking. But I almost puked when that oval steering wheel showed up.,0,2026-03-14T06:07:25Z
CJuvjaPuw2E,“yea”,0,2026-03-12T18:43:29Z
CJuvjaPuw2E,Does it drive itself tho…?  Naaaaaa,0,2026-03-12T17:50:57Z
CJuvjaPuw2E,12k plus or minus 2k  to replace a cracked roof just saying,0,2026-03-12T16:22:09Z
CJuvjaPuw2E,So so good,0,2026-03-12T15:34:54Z
CJuvjaPuw2E,Does it drive by itself like tesla?,0,2026-03-12T15:33:05Z
CJuvjaPuw2E,"This looks cool, but is it a direct competitor to the x? I think the X is quite a bit smaller and more sporty especially the plaid. And yes it has more seats, but it does look a little cramped back there, the cool thing about the tesla is that u dont have to push down seats to get out, but i guess u can let the middle seat in the 2nd row layed down right?",0,2026-03-12T09:38:28Z
CJuvjaPuw2E,'Smooth criminal' level of camera hand-off... Wow 🎉,0,2026-03-11T05:26:56Z
CJuvjaPuw2E,"No! No hooliganism in the LUCID. Don't you dare drift this car.
What the heck is wrong with you...😮",0,2026-03-11T05:22:04Z
CJuvjaPuw2E,"YES. YES. YES. This car is fantastic...🎉🎆🌠🍾🎉

I LOVE IT...🥳",0,2026-03-11T05:18:06Z
CJuvjaPuw2E,Love lucid but their software is just not there yet.,0,2026-03-10T19:10:41Z
CJuvjaPuw2E,Cost to high,0,2026-03-10T03:38:15Z
CJuvjaPuw2E,Diddy car review guy,1,2026-03-09T20:55:28Z
CJuvjaPuw2E,Car comes with a therapist 😂,0,2026-03-09T11:56:37Z
CJuvjaPuw2E,Looks to much like minivanish,0,2026-03-08T05:07:43Z
CJuvjaPuw2E,Camera game crazy,0,2026-03-08T04:34:28Z
CJuvjaPuw2E,How much? Lol. 150?,0,2026-03-07T16:34:59Z
CJuvjaPuw2E,My dad just got one of these upon my recommendation and we both love the car. It handles like a boat and is unwieldy obviously but other than that it’s perfect,0,2026-03-07T14:54:30Z
CJuvjaPuw2E,Launch control on a van is insane,0,2026-03-05T22:04:34Z
CJuvjaPuw2E,Sold,0,2026-03-05T15:25:15Z
CJuvjaPuw2E,No one of going to be able to repair that windshield 😂. Looks so good though,0,2026-03-04T03:27:38Z
CJuvjaPuw2E,The built in frunk seat is dope,0,2026-03-04T02:40:38Z
CJuvjaPuw2E,The Tesla model X was cooked.,0,2026-03-03T23:45:45Z
CJuvjaPuw2E,"Pacifica, called and …….",0,2026-03-01T19:08:24Z
CJuvjaPuw2E,Tesla was cooked from the moment Elon Musk was discovered to be a nazi,1,2026-03-01T03:02:07Z
CJuvjaPuw2E,So I thought the handoff was smooth asfff. But then after watching this a few times I realized it was 2 handoffs. I mean the second one was too smooth to handle.,0,2026-02-28T21:57:14Z
CJuvjaPuw2E,You gotta love a car that can help you destress and do a lil racing if you choose 😁😁😁.,1,2026-02-28T20:46:42Z
CJuvjaPuw2E,Imagine getting radiation from not only the sun now your car too,1,2026-02-28T18:47:03Z
CJuvjaPuw2E,Chinese vehicles are better and way cheaper. Too bad we can't get them here in the US,0,2026-02-28T14:46:41Z
CJuvjaPuw2E,"I was sold as soon as I saw the interior 
That brown tho",0,2026-02-28T02:36:32Z
CJuvjaPuw2E,starting at $80k isn't bad,1,2026-02-27T04:19:04Z
CJuvjaPuw2E,Elon shouldn’t have pissed off the Lucid guys,3,2026-02-26T14:57:52Z
CJuvjaPuw2E,I know during the camera hand off bro ran off like the cop from cloudy with a chance of meatballs,0,2026-02-25T16:44:36Z
CJuvjaPuw2E,This aged well,1,2026-02-25T15:21:38Z
CJuvjaPuw2E,"Yes, Tesla X is crooked and cancelled",2,2026-02-25T15:06:09Z
CJuvjaPuw2E,Nice minivan 😂,0,2026-02-25T13:13:43Z
CJuvjaPuw2E,Too bad Full Self Driving is no where near Tesla.,0,2026-02-25T10:28:48Z
CJuvjaPuw2E,Jesus loves you,0,2026-02-23T20:44:57Z
sVZmxP2qVrE,"Alcantara, they called it !",0,2026-04-15T20:55:17Z
sVZmxP2qVrE,They called Bird view !,0,2026-04-15T20:52:21Z
sVZmxP2qVrE,What's your best alternative to  this car?,0,2026-03-28T02:01:36Z
sVZmxP2qVrE,You look like Bret Hart sir 😆,0,2026-03-15T03:41:56Z
sVZmxP2qVrE,Tesla rocks . BYD to the sewer!  LOL. sewer I mean to the imburnal or basura. got it BYD? chekwangs?,1,2026-03-12T04:43:21Z
sVZmxP2qVrE,the best k tlga idol mag review,1,2026-03-08T19:50:59Z
sVZmxP2qVrE,"It can only truly be called a game changer if Full Self-Driving (FSD) is already available in the Philippines. While that feature isn’t active locally, other Chinese BEVs may still offer better value or features for Filipino buyers.",1,2026-02-27T00:35:46Z
sVZmxP2qVrE,If robocop had a car..,3,2026-02-26T07:24:45Z
sVZmxP2qVrE,Model 3 Standard naman next hehe,5,2026-02-26T05:37:19Z
sVZmxP2qVrE,ang ganda talga nito kaso ambiliss mag depreciate,1,2026-02-26T04:04:09Z
sVZmxP2qVrE,When grok will be integrated it will be handsfree :),1,2026-02-25T15:15:37Z
sVZmxP2qVrE,It definitely could be a game changer if the government allows the use of the FSD.,2,2026-02-25T11:05:25Z
sVZmxP2qVrE,Should compare this to the 1.8M Model 3. Especially the ground clearance. The Y looks low to the ground.,1,2026-02-25T07:09:45Z
sVZmxP2qVrE,"Haha Traditional sounding music on a Tesla Review! Others have reviewed this car, but yours is what I'm waiting.Thank you.",1,2026-02-25T04:57:25Z
sVZmxP2qVrE,Solid video! I'm getting my model y long range rwd next week!,5,2026-02-25T02:57:47Z
bNykmt0pFYA,"Lasfit 2020–2025 Tesla Model Y Custom TPE Floor Mats https://lddy.no/1o4ya

Lasfit 2026 Tesla Model Y Floor Mats / Cargo / Frunk Liner / Trunk Well / Seatback Mats https://lddy.no/1n58q

Lasfit Model 3 Mats https://lddy.no/1nk4n

Lasfit 2023–2025 Tesla Cybertruck Custom Floor Liners https://lddy.no/1nf7i

Lasfit Tesla Floor Mats https://lddy.no/1nkpg

20% off code: RS20",13,2026-01-31T17:20:30Z
bNykmt0pFYA,I love my 2026 Y AWD drive it more than my CT,0,2026-04-30T04:56:40Z
bNykmt0pFYA,",,I wish i knew”",0,2026-04-29T22:37:32Z
bNykmt0pFYA,"Great video, thank you. We’re considering buying our first EV ever. We have 2 small kids and need a 3 row, so either a low mileage Model X or wait for the upcoming Model Y L. Other reasons we’re considering buying our an EV is wanting to have reliable FSD and reduce maintenance costs on the family hauler. What would you recommend?",0,2026-04-29T12:58:50Z
bNykmt0pFYA,"It’s a bizarre loop: I buy the hardware, provide the training data through my own driving, and effectively crowdfund their R&D center. Then, the moment the software actually becomes capable—thanks to my data and my money—Tesla rewards me by raising the price. It’s like paying for the bricks and building the house yourself, only to have the developer charge you higher rent because the house is now finished.",0,2026-04-28T10:05:40Z
bNykmt0pFYA,My problem is i bought a 2018 model 3 for 40k then 4 years later my car is worth 17k,0,2026-04-27T15:59:05Z
bNykmt0pFYA,I always drive never self driving it's part of the fun to drive. If I don't want to drive then my girlfriend drives me or Uber cheaper that way,0,2026-04-27T11:16:54Z
bNykmt0pFYA,"You're a glass half empty guy? You could look at the advantage that they consistently improve hardware instead of waiting until the next year ""model"". Means you always buy the best hardware available at the time. Also having bought one of the last Model S means it will hold its value very well.",0,2026-04-27T09:26:19Z
bNykmt0pFYA,I've been seriously thinking of getting rid of my hybrid and moving to a Model Y. Think I'll just keep the hybrid. It is boring as hell but cheap to drive even with high gas prices and I don't have to pay any subscriptions with it.,0,2026-04-27T01:08:11Z
bNykmt0pFYA,"Seems like Tesla is going the route of pure customer exploitation. For example, XPeng includes all those features completely free.",0,2026-04-26T17:52:22Z
bNykmt0pFYA,Agree. No autopilot is a deal breaker,0,2026-04-26T13:36:50Z
bNykmt0pFYA,5:10 FSD = Fully supervised driving 😂🎉,0,2026-04-26T05:05:38Z
bNykmt0pFYA,monthly subscriptions are an illness. monthly subscriptions should only be for companies that provide new content or provides new features.,0,2026-04-25T22:00:15Z
bNykmt0pFYA,"Thank you.
We were thinking of a Tesla and was going to buy next week but now we are thinking about it again. We are weighing the pros and cons. 
My husband had a seizure and we thought this would be a great avenue for him, so he can drive. I’m wishing other vehicles would have this FSD.
Thank you so much for this information. 
A lot to think about.",0,2026-04-25T14:32:19Z
bNykmt0pFYA,"Pretty ironic that California charges you double for your registration fees as they promote ""green"" and trying to force people to get EV's.  It's such THE worst run state in the US.",0,2026-04-24T16:55:56Z
bNykmt0pFYA,"subscriptions for FSD make a lot more sense than paying all at once. if you only road trip once or twice in the summer, you can buy FSD for a month. I really like that.",0,2026-04-24T02:49:26Z
bNykmt0pFYA,Thanks for this.  I was about to trade in my 21 3P for a Y.  I'll wait for unsupervised FSD so I have all the latest hardware,0,2026-04-23T14:24:45Z
bNykmt0pFYA,Thanks for talking about the 16 volt battery,0,2026-04-23T04:41:29Z
bNykmt0pFYA,Most drivers do less than 50 miles a day,1,2026-04-22T17:54:32Z
bNykmt0pFYA,Absolutely ZERO regrets.,0,2026-04-22T00:21:59Z
bNykmt0pFYA,"Model Y Standard used LFP batteries instead of long range NMC batteries. The downside is smaller capacity and bigger weight, but the upside is that LFP batteries are durable and you can charge them always to 100%, while NMC batteries should be charged only to 80% for longevity. Therefore, the normal max range of Model Y Standard with 100% should be pretty comparable to the 80% range of Model Y Long range.",0,2026-04-21T21:31:45Z
bNykmt0pFYA,"I don't get it. At least here in Finland we do have basic autopilot for Tesla Model Y Standard. In fact, it's not possible to order a new Tesla Model Y without some kind of autosteering. And as you maybe know, the FSD is not working in Europe due to legal reasons. In addition to ""free"" basic autopilot, there is ""advanced autopilot"" for 3800 euros and FSD for 7500 euros (which is not going to work here, but you can pay for that and pray it will one day).",0,2026-04-21T21:11:32Z
bNykmt0pFYA,My original tires on my RWD M3 went 40k. Usually drive in Chill mode.,0,2026-04-21T13:44:12Z
bNykmt0pFYA,You just convinced me to stop considering a Tesla for my next vehicle.  I'll just get a Toyota.,0,2026-04-20T12:39:39Z
bNykmt0pFYA,This is a 10/10 video. Incredibly well done.,0,2026-04-20T01:40:11Z
bNykmt0pFYA,"For whatever it’s worth, tires have not been a problem at all on our Model Y LR AWD.  We’re at ~32K miles, and they look like they’re only about half-way through their usable life.

On top of that, rotation has not been a concern for us.  Tread wear front to back has been within a millimeter or so.  I finally got them rotated at about 30K miles, after Tesla Mobile Service repeatedly said, “why bother?”

This is all probably because it’s AWD, and because I’m a conservative, Prius-trained driver who uses FSD most of the time.  That, plus the center of weight of the car is low and central.",0,2026-04-19T21:35:49Z
bNykmt0pFYA,"Welp, im going with byd then.",0,2026-04-18T21:38:48Z
bNykmt0pFYA,Completion should keep the FSD prices down.  It is just a matter of time,1,2026-04-18T08:07:17Z
bNykmt0pFYA,"FSD is nice, but I like to actually drive my car. Everyone wants everything to do everything for you these days. Nobody wants to do anything themselves anymore which is sad.",0,2026-04-18T07:15:03Z
bNykmt0pFYA,Glad that I am buying a used tesla model Y as I would nog pay a subscription on my car..,0,2026-04-18T07:09:28Z
bNykmt0pFYA,Dump Tesla,0,2026-04-16T18:55:23Z
bNykmt0pFYA,The change to FSD as a subscription is really valuable to lease customers though. I suspect thats why they are making the change. I have just ordered a 2 year lease and it would be crazy to pay the money for FSD. But essentially getting to subscribe on months you may have a long road trip... that makes a lot of sense.,0,2026-04-16T11:57:56Z
bNykmt0pFYA,"FSD supervised should be $50 a month 
FSD unsupervised should be $100
Premium connectivity should be free
If they did this , sales would go up by 20 percent",0,2026-04-16T09:55:02Z
bNykmt0pFYA,"tesla is shit, just say it already!!!",0,2026-04-16T08:59:03Z
bNykmt0pFYA,Tesla should closely observe what’s happening with Microsoft. Replacing features with mandatory rentals could be a significant mistake.,0,2026-04-15T18:30:34Z
bNykmt0pFYA,"Appreciate the video as it answered more questions that i had. It seems at some point the cost of subscriptions, plus car payment, plus registration, plus insurance and the Tesla will go back to being a luxury option and less an environmental or cost saving option. I wonder if at that point if the company survives. I know it sounds facetious but that creeps into overly expensive versus gas cars. Not that gas cars arent also starting with their own subscription costs that are ridiculous, but i can yank out a factory stereo and add other options to most gas cars. Things to think about for sure.",0,2026-04-15T18:14:23Z
bNykmt0pFYA,Dude we in war with IRAN 😂 oil going up like crazy,0,2026-04-15T05:20:57Z
bNykmt0pFYA,every tesla review sounds like brainwashed geeks trying to tell us that a car controlled by a laptop is a good idea...,0,2026-04-15T01:10:00Z
bNykmt0pFYA,Maybe the R2 will fill the niche Telsa is leaving. I also saw they raised the price of the X & S.  Discontinued yet raising the price?  Maybe Tesla is getting to greedy and time to move on from the product.,0,2026-04-14T12:50:04Z
bNykmt0pFYA,"if hw4 goes useless why not use comma ai, better then nothing...",0,2026-04-13T16:46:48Z
bNykmt0pFYA,"Once there's more competition, tesla will be forced to make things affordable.
If BYD rolls out and offers FSD for $50 a month vs tesla at $99/199, they will be forced to lower the price.
Owners of older models with older hardware which paid for FSD should receive same functionality as cars with newer hardware once FSD is optimised.
Currently they probably brute force the FSD with excessive hardware, think computer game which was released too early.
I think there was this product which provided self driving to various cars and was size/performance of a low/mid smartphone from 2020, it wasn't too great, but they made very good use of the hardware.
If they gave it enough time and had the will, they could probably make FSD work on the oldest teslas (except the roadster obviously).",1,2026-04-12T20:41:45Z
bNykmt0pFYA,I would be very interested to see what the current EMF output on a Tesla is. Are drivers getting slow-cooked while inside the vehicle?,0,2026-04-12T14:33:24Z
bNykmt0pFYA,4.5 was a hoax.,0,2026-04-11T21:25:49Z
bNykmt0pFYA,Ugh.,0,2026-04-11T16:46:29Z
bNykmt0pFYA,Tesla sucks. They don’t care about selling cars anymore,0,2026-04-11T02:12:43Z
bNykmt0pFYA,Thank you! You made my decision easy. I’m fine keeping my Lexus.,0,2026-04-10T14:43:05Z
bNykmt0pFYA,"This video didn’t Age, Well😂 with the gas prices now",0,2026-04-09T15:28:01Z
bNykmt0pFYA,Tesla / Elon seemed to have hoped to be the car of the common man but that never happened. They are higher end luxury adjacent cars. If you look at that going in you won’t be disappointed. If you want value get a Toyota. If you want the experience get a Tesla.,0,2026-04-09T00:06:45Z
bNykmt0pFYA,"Tesla are still lucky that the other option Chinese brands are not that exciting, the Germans are few and more expensive, with Hyundai probably the best of the Koreans and Toyota very unexiting indeed.
I'll hang out until the BMW Neue Klasse",0,2026-04-08T05:27:06Z
bNykmt0pFYA,the model 3 and model y value does not drop quick. those models are still selling close to new year's and tens of thousands of miles later.,1,2026-04-08T02:47:14Z
bNykmt0pFYA,"As a Tesla owner, it doesn’t make sense for me to go to a different type of car charging is super affordable. Maintenance is minimal. I don’t have the newer Teslas with all the restrictions and lack of features. I plan on keeping my model why until the wheels fall off cause there’s no need to upgrade. They’re so similar to each other. You can get away with either or and be fine for years.",0,2026-04-08T00:10:38Z
bNykmt0pFYA,"I won't pay 100 USD for self driving 
Teslas are becoming so expensive",0,2026-04-07T06:43:03Z
bNykmt0pFYA,"Best purchase I ever made and on my second model S which is a 2026 version with the Luxe package so FSD, unlimited charging and premium connectivity came with the vehicle. Had it not I would have gladly subscribed. Zero regrets in 8 years and continue to support the brand. I will also add that if you are taking your car though an automatic wash, you need to really reevaluate your choices and use only touchless car washes for this.",0,2026-04-07T01:00:39Z
bNykmt0pFYA,Wow. Thanks. I almost bought a 2026 but not now.,1,2026-04-06T20:57:00Z
bNykmt0pFYA,I have a 2026 Juniper and if they don’t include the auto pilot with my next Tesla probably won’t buy one,2,2026-04-06T01:32:02Z
bNykmt0pFYA,"I bought a 2026 model Y last month and took small adjustment but oh my god it really is life changing, I LOVE IT!",0,2026-04-05T15:48:09Z
bNykmt0pFYA,Why don't Tesla use better paint?,1,2026-04-05T14:30:09Z
bNykmt0pFYA,I don’t see how FSD subscription rises long term with Elon’s bonus structure tied to reoccurring revenue and self driving competition coming to market and closing the gap,0,2026-04-05T14:20:08Z
bNykmt0pFYA,"We still get auto steer in Europe, so your video is misleading.",0,2026-04-05T08:51:31Z
bNykmt0pFYA,Bro us complaining about 17 extra miles 😂 talk about penny pinching,0,2026-04-04T21:40:01Z
bNykmt0pFYA,Tesla is almost becoming a battle pass 😂,0,2026-04-04T18:26:36Z
bNykmt0pFYA,I don’t want to pay 8k extra for a Tesla. If I can rent it monthly for a vacation or a specific month where I will be driving a lot I think it’s much better.,0,2026-04-04T16:45:30Z
bNykmt0pFYA,Lease your Tesla. Stop buying.,0,2026-04-04T12:54:23Z
bNykmt0pFYA,Tesla EVs have always been overpriced.   You suckers! 😊,0,2026-04-03T11:17:56Z
bNykmt0pFYA,I only see great comments about how good the model Y is. You probably don’t know what the heck you’re talking about.,0,2026-04-03T03:18:28Z
bNykmt0pFYA,bollocks video,0,2026-04-02T00:14:55Z
bNykmt0pFYA,Why should anyone pay for auto pilot cruse control and stay in lane feature that are standard with all other vehicles. EV is a great concept but the costs far out way the rewards especially when Tesla want you to pay monthly fee to make the car work for what it was built to do.,2,2026-04-01T21:46:27Z
bNykmt0pFYA,"I think the word we are looking or in making the product worse is ""enshitification""",0,2026-04-01T20:36:03Z
bNykmt0pFYA,"Hey Ryan
I understand the two new model Y have different battery chemistry. That one likes to be charged to 100% even. 
I’m looking at the premium Y AWD because we receive good snowfall.  
Which model is appropriate 
RWD or AWD?
Thanks",0,2026-03-31T16:22:15Z
bNykmt0pFYA,"I say buy a used older Tesla. Trust me, it's a much better deal than brand new.",0,2026-03-31T15:17:45Z
bNykmt0pFYA,"I have a brand new MYP. 275 wide rear tires, still only $225 for OEM tire. Not sure where you're getting 1800. The range for daily charging to 80% is pointless. The average daily driver is driving less than 80% range will get them, so it doesn't matter.",0,2026-03-31T12:37:42Z
bNykmt0pFYA,Great in depth analysis...Thanks a ton 👏 👌,0,2026-03-31T05:11:06Z
bNykmt0pFYA,Relax dude. FSD is greatest technology in our lifetime.,0,2026-03-31T04:50:42Z
bNykmt0pFYA,"I really want to purchase the 2026 model Y. My biggest dilemma is leasing or buying. I have always purchased my cars and have never been a fan of leasing, however, I have watched a few Tesla channels where buying seems to be the preferred method. The depreciation on these cars are steep. If you keep the car, even four years, you will not be able to sell the vehicle for very much. It seems like the used car market is pretty healthy for Teslas. Just curious for those of you who do own the model Y, did you lease or did you purchase?",0,2026-03-30T05:02:52Z
bNykmt0pFYA,Good luck with the subscription bullshit.,2,2026-03-29T15:38:57Z
bNykmt0pFYA,"I think you’ve mostly convinced me not to keep looking at Tesla.

With everything being subscription, they could just decide to end the FSD “service” at any time and you’ll have to get a new car or drive manually.",1,2026-03-28T22:09:32Z
bNykmt0pFYA,I’m so happy I watched your video. I learned a lot gave me a lot to think about. Thank you for your time.💫,1,2026-03-28T16:25:04Z
bNykmt0pFYA,"How does this NEW  full self driving affect my 2020 model X, which I purchased at the time I Bought it NEW ? Will I get all the NEW Features, in Full self driving,  that the Model Y & Model 3 Receive ?  Elon kept promising if you buy it out right in the beginning you will get all the upgrades & will continue to only get better. Will my car be Grandfathered in ?",0,2026-03-27T23:06:08Z
bNykmt0pFYA,Must watch for those looking to buy a Tesla.,0,2026-03-27T18:23:28Z
bNykmt0pFYA,$8.00 plus gas makes Teslas a high demand vehicle?,1,2026-03-27T15:26:36Z
bNykmt0pFYA,"Ok!! With the Accidents and recalls! Why would I want FSD! If you don’t want to drive take a uber! If you want fun you should drive the car, simple",1,2026-03-27T13:03:05Z
bNykmt0pFYA,Not one thing about this video encourages anyone to buy a Tesla. 🤔🤦🏾‍♂️🤷🏾‍♂️😳,1,2026-03-26T21:52:48Z
bNykmt0pFYA,"Lots of good information, thanks for posting.",0,2026-03-26T17:35:31Z
bNykmt0pFYA,8k for FSD over a 6yr car lifetime is $111/month.,0,2026-03-26T04:47:18Z
bNykmt0pFYA,"I guess I will be looking at something else for my next car, just not as excited about Tesla as I was when I got my 21 model 3",1,2026-03-25T19:22:10Z
bNykmt0pFYA,Why would anyone buy a Tesla,1,2026-03-24T16:58:54Z
bNykmt0pFYA,"200 or 300 for FSD is a total scam. Technology need to become more affordable over time not more expensive. 
Just like paying more to get Grok 3 early at one time , it is now free to use because Grok 4+ is here. 
They could introduce different models to FSD also. But over time it has to become cheaper otherwise they lose out against CHYNA",1,2026-03-24T07:44:15Z
bNykmt0pFYA,I purchased 4 new tires from united tired on e-bay for $739 shipped for my MYLR - Pirelli Scorpion MS new.  Costco balance and rotates tires from outside for $35.,0,2026-03-23T16:41:17Z
bNykmt0pFYA,"I have owned 4 Teslas. Latest Tesla is a 2024 model X. When we bought it, they said it included full self driving, it was a demo. Six months later, Tesla turned off the full self driving. Because we rent out our vehicles on Turo, we went ahead and subscribed to FSD on this vehicle. It’s very good , but it definitely can kill you. You really do have to pay attention.  I read about older folks using this as their personal chauffeur, and at the point that it’s good enough to drive around a blind person I would trust it with the elderly. Until then, because of their slower reflexes and diminished vision they are taking a risk.

Tesla is mercurial, and I would not be surprised if they bring back the option  topurchase FSD back on at the end of some year to boost short term revenue, especially considering the likelihood of continued drops in Sales compared to other brands. 

Rivian is right behind them, and has the advantage of a non-toxic CEO. We currently have two Rivian‘s, three electric Cadillacs, the Ford F150 lightning, and the Mustang MachE and I definitely don’t have a preference for driving one of our Teslas with the other vehicles we have in our fleet. If you’re coming to Santa Fe for a vacation, you definitely can find these vehicles, Turo and try them out",0,2026-03-22T13:41:14Z
bNykmt0pFYA,"Got a 2026 RAV 4 woodland  hybrid , very happy 550-600m of range, can fill up in 2 min , TSS 4.0 is as good as HDA 2 no subscriptions. EVs suck on dirt roads",0,2026-03-22T00:02:58Z
bNykmt0pFYA,Not Hardware itself to make it better. Gotta be Hardware and software. Just think of it as PC vs Mac,0,2026-03-21T22:36:41Z
bNykmt0pFYA,"21:37 - twas a pleasant surprise, still, I wish I had known ahead of time that I would have completely free fuel as long as I work at - what I didn’t know was - a destination charger with free charging",0,2026-03-21T20:31:10Z
bNykmt0pFYA,"I have a model X, hated autopilot & never used it because if you “make a mistake “, ie jerk the wheel, brake, neglect the wheel for too long it puts you in “time out”, ie turns off auto steer for the remainder of the drive.  Compared to FSD it is super annoying.   And it doesn’t work all that well IMHO.   Cruise control has the same help without the big brother intervention.",1,2026-03-21T19:45:45Z
bNykmt0pFYA,So full self driving it’s going to cost as much as an Uber 🤷‍♂️ at that point just drive the thing.,0,2026-03-21T18:17:06Z
bNykmt0pFYA,"See, this country just irks me... They push ""going green"" and claiming we need to care more about pollution and yet  when people pay a huge premium for EV vehicles, they pay even more for ""taxes"" because you AREN'T driving a gas vehicle and going to the pump.. As if you don't pay to register, pay for electric, and pay taxes on goods, parts and service for your car, that costs more to repair than a typical gas burner. That isn't all Elon, most of that is our greedy government.",0,2026-03-21T13:08:10Z
bNykmt0pFYA,I placed order for new Y last week in UK and auto steer was still there,0,2026-03-21T08:10:21Z
bNykmt0pFYA,Im never buying a tesla after this. I had it in my consideration but I do not respect constant software changes and hardware changes in the car. This is how far tesla has fallen. Its a disaapointment for a car that advertises software and computer. I'll either stick to other EVs from other companies or hybrids as long as they're avilable. Imagien buying tesla because they promise all these features and they eventually take it away lol. i guess were gonna have to pay for bluetooth someday heated steering wheel? power adjuster? F TESLA,0,2026-03-20T20:28:06Z
bNykmt0pFYA,"The joke, is literally on everyone who pays money for these things. Elon won, you lost. But wait, there's more! LOL... Now with FSD going way of the Dodo, what's next. What a f'kn joke!",1,2026-03-19T21:04:57Z
bNykmt0pFYA,All the chargers here in Northern Ohio are almost always empty. Gets cold here and short winter range no one or very few people are buying these cars in Northern Ohio,0,2026-03-19T01:08:46Z
bNykmt0pFYA,"Just because of this ""subscription FSD"" they are going to lose potential future buyers. We have to show these companies that not fully owning something should be illegal.",0,2026-03-18T12:34:13Z
AB_rPGmIdQo,Currently have a 330E BMW which is great  and considering I4 however it's not designed as an EV neither is the Polestar 2 so there are compromises that stop them being better than M3 and then through in the charger network and it becomes the obvious choice.   I will always have soft spot for BMW but it just can't compete,0,2026-04-28T08:18:15Z
AB_rPGmIdQo,"I really like how your open mind on ICE vs EV, and how you dont get into the political side of tesla/Elon. Its a car. Just like any other out there. What matters is how it drives and compares to other stuff out there. Really well rounded video. Thumbs up from me 
Cant wait to take delivery in June of my own Model 3",0,2026-04-25T16:56:15Z
AB_rPGmIdQo,Wouldnt buy one but I'd consider leasing.,0,2026-04-21T04:52:12Z
AB_rPGmIdQo,I would love to have one but I can’t afford it.,0,2026-04-19T23:58:14Z
AB_rPGmIdQo,"Maybe I missed it, but which of the four Model 3 ""trim levels"" did you drive?",0,2026-04-16T15:43:25Z
AB_rPGmIdQo,There is no way i will buy a car with no wiper stalks. Dangerous.,0,2026-04-15T15:08:48Z
AB_rPGmIdQo,"American here, it looks like Warwickshire to London is roughly 2 hours and 40 minutes according to google maps. Which is definitely a drive. But to the American mind, a 2 hour drive isn't that bad. Lots of people over here drive an hour to work and an hour back. I make a yearly 12 hour road trip, and I still plan on making that trip with my new tesla. But its just funny to me that Europeans cannot comprehend the absolute size of America.",0,2026-04-15T15:04:56Z
AB_rPGmIdQo,I just ordered my first tesla. Bought it for the FSD.,1,2026-04-14T14:10:29Z
AB_rPGmIdQo,някой ден ще имам такава - чисто нова!,0,2026-04-09T13:51:04Z
AB_rPGmIdQo,I’d like more power,1,2026-04-07T11:12:55Z
AB_rPGmIdQo,"Great review, and I completely understand that you chose BMW. I have ordered a Model 3 Premium RWD on leasing, to safe some money. I have been driving Mercedes EVs for the last 5 years (EQA and EQE), and the first thing I noticed when test driving the model 3, was that the noise level is quite a lot higher compared to a 2025 MB EQA, even on the highway - which is interesting as the EQA is a small SUV. The quality of the materials is definitely lower in the Tesla, but it is also a different target audience than the average Mercedes-Benz buyer, and the value for money aspect is on point with Tesla. The model 3 offers everything you need and more as standard, and it is seems very easy to use. So even though I praise the German automakers highly, I am excited to try the Tesla for the next couple of years, to see what the fuss is about :-) 
Thank you again for your review.",1,2026-04-07T08:48:56Z
AB_rPGmIdQo,Where are the gir stocks?. Where is the parking radar?,0,2026-03-24T21:39:02Z
AB_rPGmIdQo,Picking up my 26 model 3 on Wednesday!,9,2026-03-23T18:56:04Z
AB_rPGmIdQo,"Taking delivery of a brand new Model 3 LR AWD in May. 
After test-driving it, i was immediately sold on it. 
I myself have driven bigger, more expensive and luxurious cars (Audi A6, A8 and Mercedes E-class to name a few)
But.. I am sort of a tech nerd and the Tesla for me is just THE perfect car. The perfect combination of comfort, sport and tech in the one car. I love everything about it - a lot of the stuff many criticize about it i even like. I do understand why some people would'nt like some things about it, tho.

I can't imagine driving anything else. 

Anyway...
Thanks for a great, honest and objective review!",2,2026-03-18T12:56:12Z
AB_rPGmIdQo,"The Supercharger network is absolute garbage in certain parts of the country - try the East Yorkshire coast, you have one just outside Hull, that's it until you get to the North East. Could really do with them putting one around the Brid/Scarborough area - that coast is a very popular UK holiday destination and could do with more chargers in general as they are, virtually, none existent",0,2026-03-17T14:29:33Z
AB_rPGmIdQo,Winter ? And your wearing shorts.,0,2026-03-16T17:53:40Z
AB_rPGmIdQo,I’ve been driving a highland for 2 years and cannot complain about missing stocks. Both wiper and indicator button are perfectly fine. Not sure why this is an issue for some of people. You’re obviously a Tesla hater 😂,0,2026-03-15T03:16:28Z
AB_rPGmIdQo,Sorry mate but you need to do your research before doing a new model review. Stopped watching 1 minute in after hearing you read from a list of updated saying you don’t know if it’s new or not.,0,2026-03-14T12:27:58Z
AB_rPGmIdQo,"I had a Mod 3 Dual Motor 2023 as company car. It was the best car I ever drove. Has  ""all-inclusive"" features from starting price and could defrost the car at -18C  in Livigno or leave my dog without worrying in the summer. No need for icescraper. Thank you Elon and Tesla team🙏🏻🙏🏻❤️❤️❤️Next week Jag get my own new 4WD 2026 Delivered😍😍",0,2026-03-09T21:27:00Z
AB_rPGmIdQo,Finally the indicator stalk is back. My roundabout gymnastics career can officially retire now 🤣,0,2026-03-07T16:34:39Z
AB_rPGmIdQo,No buttons . big no no,0,2026-03-05T17:05:25Z
AB_rPGmIdQo,Review of a family car without any information on the  boot. Very amateur effort.,0,2026-03-01T12:49:18Z
AB_rPGmIdQo,My galaxy s23 plus just works,1,2026-02-28T11:53:07Z
AB_rPGmIdQo,"I like indicator buttons on my model 3 2025. Its much easier to use them on highway  or before turns, just finger movement, and its better design for full self driving, which is behind the door now also in Europe, where you do not need that at all. Sometimes its pain in roundabouts, where you fail to find the right one, but if you are used to, you can do it without much problems. When I tried 2026 version with indicator stalk I didn't like it.",1,2026-02-25T23:06:33Z
AB_rPGmIdQo,Is your M3 a dual motor version or RWD ?,0,2026-02-23T11:46:16Z
AB_rPGmIdQo,I want to buy one,0,2026-02-17T17:56:17Z
AB_rPGmIdQo,"It’s ironic that people who strongly criticise Tesla often have no issue buying Nestlé products, given Nestlé’s extensive record of ethical controversies, arguably worse than most companies they condemn.",1,2026-02-13T06:59:52Z
AB_rPGmIdQo,The suspension upgrade is everything. They used to be a little harsh!,6,2026-02-04T00:00:48Z
AB_rPGmIdQo,You don’t like Elon do you ?    We can tell ….🤦‍♂️,1,2026-02-02T11:48:58Z
AB_rPGmIdQo,Good video.  Exactly the type of review I appreciate,1,2026-01-31T10:21:18Z
AB_rPGmIdQo,I love my Tesla! So fun to drive. I can use my watch as the key and control some features all on my wrist. FSD is amazing! I’m using FSD 92% of the time indicated in my stats of thousands of miles driven. The remote climate control is one of my favorite. I can be anywhere and never get into a hot car in the summer or a cold car in the winter. The performance version is quick. I can go on and on.,1,2026-01-27T03:49:57Z
AB_rPGmIdQo,"Just bought my model 3, it’s fun super fast and there are many free charges near us…business are installing free charging stations to increase traffic in their shops, my wife’s work at the university has free charging right by the door she goes in. 😊",0,2026-01-19T16:05:09Z
AB_rPGmIdQo,I feel going to the computer screen is very distracting when you are driving!,1,2026-01-18T17:19:10Z
AB_rPGmIdQo,One day I'll own a Tesla,4,2026-01-18T13:23:56Z
AB_rPGmIdQo,Boring and outdated,0,2026-01-15T22:43:40Z
AB_rPGmIdQo,What size wheels did it come with ?,0,2026-01-12T16:32:05Z
AB_rPGmIdQo,"I tested few cars before making final decision to buy Tesla 3. In my experience and as per my knowledge , Tesla 3 is most efficient car. Good things in this car are :
1. Simple minimalist interior ,Many people don't like it but for me it is nice ,easy to clean and you don't need to waste your time to figure out where you put your wallet , Mobile phone ! Thanks to big and simple storage.
2. Easy to drive on motorways and also in city because of slim size compared to other EV's in similar range. 
3. Good truck space (Also Frunk is usable) 
4. Fast charging and range! Good charging network in Europe.  
5. Less expensive than German cars.

Things I did not like: 
1.  Indicator stalk which was missing in older models. That is back now.
2. Control of windscreen wipers through touch which is annoying when it is raining. Auto mode blocks your sight because of not being able to clean it fast enough   . Though there is one option on steering wheel to keep it moving by pressing is repeatedly.
3. Missing 360 degree view which helps a lot when parking but now they have front camera in 2026 model as I understood.
4. I would also expect small LED kind of indication of speed on steering wheel at 2-3 places (with option to turn it off) because when you drive in night for longer and you are quite focused on road, it is bit difficult to check the speed on central screen but normally it is ok ! Not a big problem. I would add speed indication 2-3 times on steering wheel keeping minimal design.  Like this : 

https://drive.google.com/file/d/1fpZEG280fq6KSjU6AcY-WQ8HY4vb18LJ/view?usp=sharing",1,2026-01-11T20:41:21Z
AB_rPGmIdQo,Loved your video as someone thinking about leasing a Tesla 3. You had almost convinced me I should book a test drive until the end when you said you wouldn’t buy one due to lack of buttons etc. I drive an e class and that’s  the very concern I have moving from a super classy car to a moving IPad.,0,2026-01-10T17:31:40Z
AB_rPGmIdQo,Can you do a review about the newest standard version?,3,2026-01-10T17:00:36Z
AB_rPGmIdQo,Think on a good lease deal it’s a no brainer,0,2026-01-09T20:18:26Z
AB_rPGmIdQo,"Is this really that much different to the last Highland? The stalks are the only real difference, maybe the lights as well",1,2026-01-09T00:32:58Z
AB_rPGmIdQo,"So you’re on a dual carriageway, doing 70, it’s nighttime and raining. There’s a 40 footer ahead going around 60. You overtake and suddenly your windscreen is saturated. Your choices. Continue blindly on and hope that you can keep it straight for the length of the container. Hit the brakes and hope the car behind isn’t too close and can react quickly. Look away from the road to the screen and see if you can navigate to to the wiper control and select the correct speed.",0,2026-01-07T16:26:33Z
AB_rPGmIdQo,"1. Own a 2022 Model 3 RWD, and the automatic function of the windshield wipers works very well. A stalk control is not going to be easier to use than the screen control that you demonstrated. I'm not sure why you don't understand that. 

2. The AWD Model 3 goes 0-60 mph in 4.2 seconds. That is extremely fast, and it beats a lot of supercar speeds. If you really want supercar speed, get the performance Model 3. The Premium Long Range RWD goes 0-60 mph in 4.9 seconds, which again, is VERY fast. 

3. There are a million wheel options for the Model 3 if you include aftermarket wheels. It competes with just about any other manufacturer.

4. Apple's iPhones are dumbed-down phones that are not customizable. Teslas are probably the most customizable cars ever made. So you REALLY don't know Teslas very well. iPhones are for non-tech people who don't want to mess with their phones, which is fine, but they lose a lot of individualization because of the iPhone design. Teslas are for smart people who have some tech understanding. However, Teslas can be set to a kind of ""dumb"" mode where the car does everything for you, including most of the shifting, setting the parking brake, setting the security system, locking and unlocking the doors, rolling up the windows and damn near anything else you want the car to do for you.",1,2026-01-07T04:10:32Z
AB_rPGmIdQo,What about Solid State Battery?,0,2026-01-06T12:44:19Z
AB_rPGmIdQo,"We have plenty of roundabounts here in the US. To answer your question - I am on my 2nd Tesla Model 3. First was the RWD model which was fine, but an opportunity arose to upgrade to a Long Range as the owner was transferred to the UK. Great car, love the nimbleness, acceleration, stereo sound and comfort. Not crazy about the CEO.",2,2026-01-06T12:30:06Z
AB_rPGmIdQo,"arent akk 2024 2025 and 2026s the same? because its the highland refresh... same computer, same stuff that was added in the 2024 high land refresh",0,2026-01-06T04:33:30Z
AB_rPGmIdQo,Elon Musk being the boss makes Tesla the very easiest brand to absolutely never consider buying.,3,2026-01-05T07:06:35Z
AB_rPGmIdQo,"My 2021 Tesla Model 3 LR, white with black trim looks like a stormtrooper . With good winter tires it's a beast as a daily even in -20C in Canada.",7,2026-01-04T19:20:12Z
AB_rPGmIdQo,"I like EVs in general, I agree Teslas were nice and futuristic looking cars in the mid 2010s-2020, I just simply don't really like them and I don't think a vinyl interior and stuff is ok for a sporty. luxury EV. I can just tell by the low roofline and seats, chunky steering wheel, it is not an appropriate dog car at all for a large dog with windows down - my main driving accommodation. Charging and indoor parking is also an issue for me. So while EVs in general would be hard for me due to charging/ parking, I also just don't see myself buying a Tesla, period. Excited to see if the Rivian R2, with various features I like about rear space/ open air driving - would be an EV I'd really like to own. I HATE THE IDEA OF EVERYTHING BEING ON A HUGE SCREEN, RATHER THAN SIMPLE PLASTIC VENTS, SIMPLE BUTTONS, SIMPLE WIPERS - THAT'S NOT OK WITH ME, AT ALL. There's no way you should have a premium sedan and have to worry about windshield operation, moving vent-air around on you, etc. Also, on the other side of the Spectrum, SLATE's plan to offer like a 1970 base model interior, also vinyl shit, without power windows apparently, IS ALSO NOT OK. literally the 1990's-2000's when we had automatic windows and stuff, but things were still very minimalist and just the switches you need - was absolutely the best of both worlds of minimalism and non-distracted driving, and having really important things like adjustable vents, auto windows, good defrosters, good wipers.... WTF...that stuff is not negotiable for people that live in crappy areas in winter driving, etc. - all of those basic intuitive controls is what makes a car interior design great (in combination with ergonomics).",1,2026-01-04T00:54:17Z
AB_rPGmIdQo,"The reviewer did not do their research, a driver does not need to touch the screen to adjust the speed setting of Tesla Model 3 windscreen wipers, that is done using the left scroll wheel on the steering wheel. Have driven nearly 30,000 km in a Model 3 Highland, I can confirm that it takes maybe a month for a new Tesla driver to become accustomed to the controls and the screen, then it's no issue. Most operation is automated, and once set-up, you do not need to continually fiddle with settings. There is also voice control which works very well. 
When new (in 2024), the adaptive cruise control and emergency braking on my car were overly sensitive, this has been corrected by a series of over-the-air software updates. My Model 3 now drives perfectly on ACC / lane keeping assist, and phantom braking does not happen anymore. Considering the price of €36,984 on the road (in Ireland), the Model 3 remains the by far best car of its type for the price paid. It has been 100% reliable, and as the used priced have stabilised, the cost of ownership per km driven is low for a owner who has home charging. I am comparing the Tesla to my previous C Class and A4, both of which were purchased new.
People without home charging should not buy an EV because inconvenient public charging is up to twelve times more expensive than home charging, and twice the price of filling with diesel of petrol per km driven.",8,2026-01-03T16:02:09Z
AB_rPGmIdQo,That's my car and I can't be happier,7,2026-01-03T09:17:33Z
AB_rPGmIdQo,"As a. family who own both a Tesla Model 3 standard(we don't have the latest one with the indicator stalk...that has not really bothered us, but there are options to correct it if it does) and a Polestar 4 LRSM, your observations are very accurate. We love both cars and they have distinctly different characters

Tesla Model 3.... as you mention. I agree it is the 'Apple iPhone' of cars....if you had one choice, this would the car you pick, because it covers all of the bases, it has everything you want, and the software is a joy to use..it's the best by a long way.  It is so much fun to drive around back roads, but at the same great for driving around town

Polestar 4 ....they have cleverly reverse engineered the Tesla software experience, and it shows some promise for the future. However, in reality its 5 years behind Tesla...there are many gripes...slow profile loading, lots of bugs, and missing features. All of things you have resources to correct if you sell millions of vehicles, rather than 100's of thousands of vehicles.  However, it beats Tesla in other areas. Polestar 4 is a car class above in quality. The door close sound feels like a tank and inside cabin is an amazing place to be. The materials and the Scandi minimalistic feel are amazing, it's oh so quiet, the Harmon Kardon sound system is amazing(not a B & W....but not far away). This is the car for long journeys, for both you and your passengers.",2,2026-01-03T01:18:11Z
AB_rPGmIdQo,I'm fairly confident they intentionally designed the wheels so ugly just to punk their customers.,1,2026-01-02T20:44:57Z
AB_rPGmIdQo,Strange video. Most of the improvements listed were introduced in the late 2023 Highland upgrade. The indicator stalk and lower front camera re the only new items I recognise.,1,2026-01-02T00:23:16Z
AB_rPGmIdQo,"Just needs the 16"" UHD Display and Seat Extenders like the Y Performance",2,2026-01-01T18:25:44Z
AB_rPGmIdQo,"For me it is all about Tesla’s reputation & their ethos. Tesla listens to their customers & I have seen a Tesla model Y with 180,000 miles & the driver said it has longevity! Bingo 👏",0,2026-01-01T15:40:08Z
AB_rPGmIdQo,No mentioning the world class energy efficiency? Or did I miss that ?,2,2026-01-01T11:38:30Z
AB_rPGmIdQo,With the windscreen wipers as it shows you on the screen you dont need to touch the screen. You can press the button on the stalk which gives an initial wipe but whilst that's happening you turn the scroll wheel on the steering wheel to change the speed of the wiper or to put it back on automatic. The automatic sensor is not always the best at judging the right level.,10,2025-12-31T17:55:01Z
AB_rPGmIdQo,Learn more about before video I can change de wipers on the bottom and I can speak so u know,1,2025-12-31T05:06:00Z
AB_rPGmIdQo,"I am supposed to get delivery of my model 3 premium tomorrow. For how and where I drive, the tesla is a great option. The vast majority of reviews have been positive so I will see how it goes.",1,2025-12-30T17:50:39Z
AB_rPGmIdQo,"As a Tesla owner, I will say 2 things.

1. I also hate the windscreen wiper controls
2. But I still won't own another car due to exactly what you said about the ownership experience being easy and the best I've ever had.",1,2025-12-30T02:57:08Z
AB_rPGmIdQo,"The new xiaomi yu7 is crushing it, that is a tesla breaker.",0,2025-12-28T19:45:07Z
AB_rPGmIdQo,"If ur a pc guy you’ll likely go elsewhere, apple, tesla",0,2025-12-27T01:15:35Z
AB_rPGmIdQo,"Haha if Apple made this car it would've been twice the price, maybe triple. They love taking older hardware, slapping an Apple logo on it and charge insane prices.",1,2025-12-24T23:35:53Z
AB_rPGmIdQo,Chill is absolutely fine and smooth and the most efficient.  Do bother with that unless you're a teenager with their first sports car needing to speed everywhere?,1,2025-12-24T19:44:32Z
AB_rPGmIdQo,"december with shorts

sorry??? in the uk?",0,2025-12-24T12:09:13Z
AB_rPGmIdQo,No front camera?,1,2025-12-24T06:42:35Z
AB_rPGmIdQo,"Glad they brought back the indicator stalk but why not put the wipers on there too?
I still like my 2 stalks on my 2023 Model 3 😁",5,2025-12-24T04:10:00Z
AB_rPGmIdQo,Push the right wheel and tell it wipers and speed. Easier than looking for a switch.,2,2025-12-23T22:24:50Z
AB_rPGmIdQo,knowing Apple - they still might develop and release this exact EV in a few years...,1,2025-12-23T17:24:36Z
AB_rPGmIdQo,"overall the new model 3 design is great - imo the only thing they could have done better would be if it was a liftback style (like the model S)
for many people that would make it the perfect vehicle",9,2025-12-23T17:21:42Z
AB_rPGmIdQo,"6:42
no roundabouts in the US ?! I live just north of Boston and there are plenty

[While many call them ""roundabouts,"" New England (especially Massachusetts) often uses the term ""rotary"" for these intersections.]",4,2025-12-23T17:16:52Z
AB_rPGmIdQo,New or Rehashed?,0,2025-12-23T17:12:25Z
AB_rPGmIdQo,why 2026?,0,2025-12-23T09:20:01Z
AB_rPGmIdQo,"One pedal driving is awesome, and Hyundai/Kia do it best. 
New M3 is pretty damn good.",0,2025-12-23T08:18:00Z
AB_rPGmIdQo,It's Tesla not Tezla.😂😂,1,2025-12-23T05:41:10Z
AB_rPGmIdQo,"bmw has been churning out trash in the ev-hybrid area and their traditional thermal cars are as they have always been: leaky, prone to malfunctions, pointlessly over-engineered and overpriced just to (occasionally) get a smidge of better performance from their competition. i cant see a reason on the planet why someone wouldnt get for example a model 3 performance or a plaid over any bmw",1,2025-12-23T04:00:27Z
AB_rPGmIdQo,"I bought a model 3 sr+ 2nd hand. A lot of car for not a lot of money. Purchase price was big but my fuel bill has gone from +3k to less than £600 for the year! The car works better than my last car 2016 honda. Really fun to drive short blast, long journeys even the tedious long drives for work are fun. Loads of tech, great entertainment and really practical. The included autopilot takes some getting used to but it does some crazy shi..t at times it takes me a sec to work out what it just did, Its got your back for sure. I turn this thing on and can trust it to watch the road for me. At the end of a long journey (like half way across the country) im not fatigued and have more energy as the cars doing the heavy lifting. Charging network theres plenty of choice and doesn’t break the bank. Like half price in comparison to public chargers. Heard other reviewers be like it can be 40% cheaper but mate thats like a free lunch from PRET ! Its not nothing 😂",8,2025-12-23T00:42:17Z
AB_rPGmIdQo,"I own a Model 3 and love it. Now that our local roads are alive with average speed cameras, it is great to have a car that does not struggle to go at 30pmh without gear changes. Lock in the autopilot and it will happily follow the traffic. Tesla FSD is solved. Cannot wait to get it in the UK! https://www.youtube.com/watch?v=0tm6GPvPmdg",1,2025-12-22T16:49:54Z
AB_rPGmIdQo,"Hi, as well as stalks does it come with a front bumper camera too?",0,2025-12-22T10:44:42Z
AB_rPGmIdQo,I'm pretty sure you're a year late to the party.,0,2025-12-22T03:27:53Z
AB_rPGmIdQo,"I have one like the video: stalk, front bumper camera and more density on battery. For the money you can spend  you have very good equipment  included,  which in other brands,  German brands for example would be paid as an extra. For me is a value for the money and software  very easy to use and very easy to get used to. Happy holidays",4,2025-12-22T00:03:15Z
AB_rPGmIdQo,"I've driven the earlier Model 3 for over 5 years. For me it's the best car available.
1) The depth and capability of the information system is unparalleled at any price and really enhances every drive.
2) The running costs are exceptional.
3) The Tesla network is totally dependable, as you said, and being deeply embedded into the navigation system increases the leverage further. For example, in my drive today my preferred stop was forecast busy on my arrival with a <5 minute wait to charge, so the nav routed me to an equally viable alternative. Nonetheless I wanted my original, knowing I'd likely wait for <5 minutes to start my charge. When I arrived, I waited less than 5 minutes to get my spot, as expected. On plugging in the car informed me that I could continue my journey in 12 minutes and sure enough that's what happened. There is no drama, no surprises, no fuss, and it's also the cheapest electricity outside of the home.
4) The hidden feature in a Tesla, which almost everyone is either unaware of or ignores, is the unique possibility of becoming self-driving at some point. Clearly there's no value to this until it happens, but when it does you have a super power that no other car can match. This will, eventually, be life-changing and no matter how expensive the German car is that you buy, it will fall massively short.",55,2025-12-21T23:29:52Z
AB_rPGmIdQo,I have a model 3 Long Range and if you want buttons you can buy s3xy buttons and program what you want.  BMW are not reliable or efficient as Teslas and more expensive..doesn't make sense.,2,2025-12-21T23:28:38Z
AB_rPGmIdQo,"Fun note, but been driving a Tesla for 3 years and going back into a work pool car, say a Merc CLA or similar....omfg the smorgasboard of cluttered buttons are overwhelming and distracting!  I find myself scanning everywhere while driving to find functions, which is honestly worse than the thumb wheels on a Tesla which you can use for the majority of key functions now with the left stick press and hold.  Or voice command it, everyone forgets that.

Btw you can trigger the winscreen washer on the steering buttons then use the scroll wheel to cycle up and down in speed, don't even need to look at the display once you've done it 3/4 times.  Very intuitive.

I think I'll get a RWD Long Range M3 next, the monster 466 miles of range calls to me and is great 'sod off' banter to the range obsessed X'D",5,2025-12-21T22:59:15Z
AB_rPGmIdQo,Nahhh Tesla is NOT what apple would've made. U better take that back💀 apple would've made everything 10x more expensive and worse,37,2025-12-21T22:36:58Z
AB_rPGmIdQo,"As a fellow ICE & EV Lover, I love to see you admitting Tesla's are fun. So many people deny the obvious.",45,2025-12-21T22:27:41Z
AB_rPGmIdQo,Only thing I dislike about the model 3 is that it isn't a 5 door. The trunk is short. Not great for camping and big hauls,4,2025-12-21T22:25:18Z
AB_rPGmIdQo,"Excellent review. I currently have a HEV, and am considering one. The minimalism sort of appeals, except, I would want an indicator stalk, for sure.",4,2025-12-21T22:13:02Z
AB_rPGmIdQo,"The reason why?  FSD - game changer and hopefully not as far away as some people may think.  The ongoing trials in Europe show how close we are, with Australia and New Zealand in front of us.  I anticipate that the first version we get here in the UK will be really good.",8,2025-12-21T22:06:30Z
AB_rPGmIdQo,Great car.  Prefer the model Y for the extra space and better ground clearance.  We carry e-mountain bikes with us on holiday and it’s easy in the Y because of the hatch back.,2,2025-12-21T21:11:06Z
AB_rPGmIdQo,Tesla’s are sure fun to drive! But the one peddle drive is sometimes weird. You need time to adjust…,2,2025-12-21T19:05:14Z
JLB3l-5ZvvM,Usa vs China Military Power,0,2026-04-29T13:15:42Z
JLB3l-5ZvvM,Good review.  Which car offers Full Self Drive (supervised at present) subscription... for around town driving?,0,2026-04-27T21:05:40Z
JLB3l-5ZvvM,"Byd looks like car from the 90’s , diamond pattern seats? 🤣🤣🤣 that’s totally old school",0,2026-04-26T06:58:47Z
JLB3l-5ZvvM,BYD has less distraction,0,2026-04-25T13:58:17Z
JLB3l-5ZvvM,"Je koopt gewoon rotzooi! En China onderdrukt haar bevolking stelselmatig en laat mensen verdwijnen.

Waarom zou je zaken doen met die vieze spleetogen",0,2026-04-25T07:44:00Z
JLB3l-5ZvvM,"What is the amount of toxic waste products created per car?🤔🤔🤔

Do they use 'cruelty-free' Batteries??
🤔🤔🤔
Actual 'wokesters' wanna know.😡😡",0,2026-04-23T20:07:37Z
JLB3l-5ZvvM,"About their 'Mafia Test'.😊 What kinda pu**y Mob Enforcer needs to only haul a single body?😂😂😂

Cadillacs and Oldsmobile can carry at least 3 deceased 'associates' and all that felt will soak up DNA evidence by the gallon.

It will be quite a while before 'The Mob' goes GREEN.😂😂😂😂❤❤",0,2026-04-23T20:02:23Z
JLB3l-5ZvvM,both cars looks ugly ((,1,2026-04-23T11:01:52Z
JLB3l-5ZvvM,"What about the Recycling ♻️, which is the safest for nature??",0,2026-04-21T22:03:37Z
JLB3l-5ZvvM,"Thanks for the reviews and comparisons,  great job. However there is one set of metrics I think you could include as it bears a lot on the comfortable utility of the vehicle.  This is the ability to enter and exit the vehicle comfortably, as driver, front passenger and rear passenger. I will have to try and explain, may do so poorly. I owned a Subaru Forester 2017 for a while. Both my wife and I found this a comfortable vehicle to use. We could open all doors wide, which was a plus if we had to put boxy items into the back seat. We had grip handles on all doors which, after a trip, were great to get up and out. The front seats were an good height, and the side bolsters on the seats not so deep that we could sit in/step out easily - no getting up and down for old bones. The seats had vertical adjustment in front which improved this further. The back seats could be moved back without compromising the seat angle, great for long legs or just putting stuff on the floor. The back seats were vertical to the floor, rather than curved under, so real useful space was available.  
 am giving this example as a suggestion for other real-world measures of a car utility. So many modern cars fail for me because they lack accessibility features like these.",0,2026-04-21T21:54:30Z
JLB3l-5ZvvM,You scared me 2:50 watch the road while talking,0,2026-04-21T09:20:52Z
JLB3l-5ZvvM,"All electric cars can be charged from your home electricity.  At your home electricity prices.  You can get relatively inexpensive cables to do that.  It's a slower charge - but if you don't use your car overnight, why not let it charge for 12 or 13 hours?  You don't have to charge it to 100%, you just need to add enough range for your next day's driving.  If you have access to a normal plug at work, you can charge where you work.  For most people, with most commutes, home charging is plenty - no need to go to the more expensive public fast chargers except on long trips.",0,2026-04-21T06:48:29Z
JLB3l-5ZvvM,"All EV's are a waste nightmare because batteries cannot be recycled. By the looks here the BYD has the app run by the CCP, so they know where you are and what you are saying, so not to BYD[these do burst into flames in China], how long before a Kiwi or Aussie gets killed in one of these shit heaps and this is what you do with a Tesla model 3 when it needs a battery replacement https://www.youtube.com/watch?v=LTvttN6gdfg",0,2026-04-21T04:33:48Z
JLB3l-5ZvvM,I love Tesla,0,2026-04-20T04:00:29Z
JLB3l-5ZvvM,2-  CAR JUNK,0,2026-04-19T02:25:17Z
JLB3l-5ZvvM,Go BYD! KILL ALL GAS POWERED CAR INDUSTRY!😅😅,0,2026-04-19T01:15:05Z
JLB3l-5ZvvM,"BYD debt 323 billioms Yuan in 2024, how much will be in 2026? Does anyone knows?.
BYD sales records by recycling in paper companies- subsidiaries.",0,2026-04-18T20:11:32Z
JLB3l-5ZvvM,Actually the Tesla is made in Germany not China.,0,2026-04-17T08:36:19Z
JLB3l-5ZvvM,"Go watch 2 weeks old Tesla review 320k views~ is more unbiased and straight to tye fact. 

youtu.be/W29Ct4f_Krc?si=_M_H1ObaEkHEqQsQ",0,2026-04-14T20:36:44Z
JLB3l-5ZvvM,😂,0,2026-04-14T18:19:45Z
JLB3l-5ZvvM,"NOW EV CARS are evolving every day! If you got the Giga Berlin specs down, but you're missing the bigger picture. I have a 2026 Model Y built in California, and it definitely doesn't have a BYD Blade battery. California = USA (for Chinese ppl)

​My car uses US-made Panasonic cells—I know because my charge limit is set to 80%, which only applies to the high-performance Nickel batteries we build here in the States.

​You're right that Tesla is smart enough to use BYD tech in Europe where it makes sense, but they aren't 'importing' that setup to the US. We have our own supply chain here to keep the tax credits and the performance specs. Don't assume every Tesla on the road is built like the ones in Germany or China!
Also, you're confusing buying batteries with buying equipment. 
Tesla didn't 'partner' with CATL for US cars—they bought idle manufacturing machinery from them to put in a Nevada factory that Tesla owns and operates 100%. Coz I bouth Italian oven and I bake cake in US kitchen it doesn't make Italian 😂 

End of 2025 tax return for Tesla in US is canceled so the future will be different again.",0,2026-04-14T17:52:10Z
JLB3l-5ZvvM,NO COMPARISON.  BYD IS NOT A RELIABLE CAR.  WATCH YOU TUBE. RUSSIAN  HATE “BYD”,1,2026-04-13T07:03:30Z
JLB3l-5ZvvM,The BYD self driving is free the Tesla is subscription based point BYD.,0,2026-04-12T21:07:37Z
JLB3l-5ZvvM,tesla is owned by elon and endorsed by trump minus 1 million points,1,2026-04-12T15:59:23Z
JLB3l-5ZvvM,BYD would ignite itself,0,2026-04-10T23:11:31Z
JLB3l-5ZvvM,"the tesla interior is a no go for me :(, otherwise the performance would put the tesla in the lead but the interior is a red line for me",0,2026-04-07T06:38:20Z
JLB3l-5ZvvM,Tesla is the past. Byd is the future,0,2026-04-03T23:48:35Z
JLB3l-5ZvvM,My limited research says that “LiDAR” (sp) is superior to not having it. It can see far more than just cameras.,0,2026-04-01T22:45:51Z
JLB3l-5ZvvM,Byd like better ...but if I have the byd ..im changing it with a gas engine 😊 .....EV sucks,0,2026-04-01T16:57:11Z
JLB3l-5ZvvM,"If you want to buy problems, buy a cheap heap of chines rubbish. It comes with a 5 mt warranty.",1,2026-03-31T20:56:44Z
JLB3l-5ZvvM,I'd never by a Tesla just cos of Musk.,0,2026-03-30T20:11:37Z
JLB3l-5ZvvM,TESLA,1,2026-03-30T06:38:21Z
JLB3l-5ZvvM,No person that is 6'4 ever sits in the back seat of any car  hell im 6 and a bit  and I m tight in every car back seat I've eevet been in,0,2026-03-30T06:22:06Z
JLB3l-5ZvvM,"193 cm takes up space, we need 165 all humans to save resources 😂",0,2026-03-30T05:53:21Z
JLB3l-5ZvvM,"What about actually Build Quality 
Fit and finish/ mechanical build quality/ paint etc 
And re-sale etc
Easy enough to put on a hoist to see build quality. Just an idea.",1,2026-03-30T00:39:50Z
JLB3l-5ZvvM,I love BYD,1,2026-03-29T11:05:38Z
JLB3l-5ZvvM,"I thought Chinese EVs were cheaper, but it seems like it’s the same price as Tesla 🤔",1,2026-03-28T17:58:11Z
JLB3l-5ZvvM,Don't buy Chinese car because bully,1,2026-03-27T15:06:03Z
JLB3l-5ZvvM,"ABSOLUTELY MAGNIFICENT REVIEW, QUITE INFORMATIVE AND VERY ENTERTAINING 😢",3,2026-03-26T00:08:13Z
JLB3l-5ZvvM,And BYD is not associated with E Musk.,0,2026-03-22T06:23:48Z
JLB3l-5ZvvM,BYD is better,0,2026-03-21T10:15:32Z
JLB3l-5ZvvM,Tesla will soon be thing of a past,0,2026-03-20T07:09:52Z
JLB3l-5ZvvM,You are very interesting man. Keep it up!,0,2026-03-17T13:20:09Z
JLB3l-5ZvvM,Tesla can be repaired after a crash byd can’t it’s written off china dross,0,2026-03-17T09:50:53Z
JLB3l-5ZvvM,"Stop it ,byd is rubbish. You are giving dead advices.",1,2026-03-16T13:25:56Z
JLB3l-5ZvvM,interesting channel... you are doing the fujiwara smooth ride test...,0,2026-03-16T02:20:00Z
JLB3l-5ZvvM,No thank you to both of them.  Gas is tops.,0,2026-03-15T21:47:49Z
JLB3l-5ZvvM,Tesla is proven vehicle while the BYD is yet to prove itself.,1,2026-03-15T11:53:33Z
JLB3l-5ZvvM,The Chinese one will catch fire unexpectedly.,2,2026-03-15T11:24:19Z
JLB3l-5ZvvM,"The Swastikars Tesla are still boycotted worldwide.  Made in China or not, they belong to the nazi Elon Musk.  Why encourage a son-in-spirit of Hitler?  
Greetings from 🇨🇦",0,2026-03-14T19:19:27Z
JLB3l-5ZvvM,"Also, spuds? For real? Dumb",0,2026-03-13T04:38:09Z
JLB3l-5ZvvM,I'd buy a Tesla. It's a great car for everyday use.,1,2026-03-11T22:59:40Z
JLB3l-5ZvvM,"Elon Musk made the worse decision on manufacturing Tesla's in China. It may be cheap to employ workers there, but it will surpass Tesla by stealing technology. Now that it has, Elon knows Tesla's days are numbered.",1,2026-03-09T06:12:36Z
JLB3l-5ZvvM,I'll never buy any thing from mr Nazi Elon,0,2026-03-09T00:23:17Z
JLB3l-5ZvvM,"Byd has no selfdriving yet, tesla already selfdriving",1,2026-03-08T02:36:27Z
JLB3l-5ZvvM,This is bull shi5. You can't drive nor can you even park. I don't take you seriously nor your test. Good luck keeweee.,0,2026-03-07T02:02:29Z
JLB3l-5ZvvM,"In late 2024 and 2025, BYD issued major recalls affecting over 200,000 vehicles due to fire risks and safety defects, rather than a specific number of reported explosions. Specifically, nearly 100,000 Dolphin/Yuan Plus EVs were recalled in Sept 2024 for steering unit fire risks, and over 115,000 Tang/Yuan Pro vehicles were recalled in Oct 2025 for battery/motor issues.",1,2026-03-06T19:06:08Z
JLB3l-5ZvvM,"Great comparison! One thing I'd love to see explored further: how do these two stack up on **long road trips** with kids? Charging infrastructure, real-world range anxiety, and interior noise levels on the highway seem like the biggest practical concerns for families.",0,2026-03-04T09:12:23Z
JLB3l-5ZvvM,Great review Gavin...   but you didn't mention 'turning circle' .   My Model 3 RWD is lousy to maneuver in tight spaces.,1,2026-03-01T17:18:05Z
JLB3l-5ZvvM,Ewww and Ewww 🤢 🤕 🤮,0,2026-03-01T03:25:08Z
JLB3l-5ZvvM,Penguin vs panda,0,2026-02-27T18:44:52Z
JLB3l-5ZvvM,It not byd it cyd coppy your dream😂😅,1,2026-02-27T03:47:42Z
JLB3l-5ZvvM,Which car actually charges you a subscription fee to use luxury amenities like the heated and cooled seats = Tesla.,0,2026-02-26T04:31:54Z
JLB3l-5ZvvM,"""Tell the spuds from the kūmara..."" Love these  reviews.",0,2026-02-25T02:34:54Z
JLB3l-5ZvvM,I still pick toyota ev.,0,2026-02-24T14:25:02Z
JLB3l-5ZvvM,Chinese rust bucket!,0,2026-02-24T00:17:34Z
JLB3l-5ZvvM,"Very informative, thanks!",0,2026-02-22T14:12:50Z
JLB3l-5ZvvM,which one is better for white？,0,2026-02-21T08:55:32Z
JLB3l-5ZvvM,Tesla I like the technology but I hate the interior so much! It feels overly simplistic and no HUD display for speed...Giant touchscreens pls go away! Glove box access via the screen come on argh!!!!,1,2026-02-21T06:50:21Z
JLB3l-5ZvvM,"Chinese BYD is garbage, nothing to compare with Tesla.",1,2026-02-19T03:26:09Z
JLB3l-5ZvvM,😂😂😂 made in china  vs made in china,0,2026-02-17T02:23:31Z
JLB3l-5ZvvM,BYD looks better.  To buy a Telsa nowadays in the US is kinda like identifying yourself as a douche bag.  Too bad BYD not available in US.,0,2026-02-17T01:18:20Z
JLB3l-5ZvvM,Don’t forget byd giving you a passenger at all time for china being able to listen into your car,0,2026-02-15T18:10:30Z
JLB3l-5ZvvM,I bought BYD Shark 6🔥🔥🔥🔥🔥🔥🔥,0,2026-02-14T08:17:00Z
JLB3l-5ZvvM,Would never buy a Chinese tin can.,0,2026-02-14T02:54:38Z
JLB3l-5ZvvM,It's not even a close competition. BYD rapes...full stop.,0,2026-02-13T16:58:13Z
JLB3l-5ZvvM,No thanks I’ll stick to my gas powered Ford . Those cars look like shit my god man you British have know taste.,0,2026-02-12T23:01:26Z
JLB3l-5ZvvM,Extra social credit points for you comrade.,0,2026-02-12T14:39:26Z
JLB3l-5ZvvM,"If the 800 is in their new atto3, then surely, the existing sealion range will get it next? Right? Firesale on old stock? Does byd do that?",0,2026-02-12T08:30:57Z
JLB3l-5ZvvM,No one wants to buy a Tesla...... a certainly will never buy one,0,2026-02-10T13:19:44Z
JLB3l-5ZvvM,"Made in China has low quality, dont waste your money buying Chinese product",0,2026-02-10T08:54:09Z
JLB3l-5ZvvM,"This is Elon Musk fault by introducing and producing Tesla inside China, what happen now, China was STEALING and  Copying Tesla techology and developed BYD, now china is competing for Tesla using Tesla technology.😅",0,2026-02-10T08:53:14Z
JLB3l-5ZvvM,"BYD copies off Tesla. Tesla has been proven to be reliable and versa vice for BYD. BYD is NOT known for quality. You guys in NZ are being mislead by the BYD which is funded by the CCP. Go with Tesla, you’ll sleep better at night.",0,2026-02-10T03:46:26Z
JLB3l-5ZvvM,But one purchase supports a disgusting nazi. BYD all day long.,0,2026-02-08T18:36:37Z
JLB3l-5ZvvM,"People compare brands, but value matters more. BYD gives more for less 💯",0,2026-02-07T21:58:36Z
JLB3l-5ZvvM,what about services or maintainance price for each of them?,0,2026-02-07T11:23:53Z
JLB3l-5ZvvM,I have a tesla model 3 (since 2019) and can confirm Tesla's turn like the titanic. Worst turning ability of any car i've ever had. Everything else is fun.,0,2026-02-06T19:30:02Z
JLB3l-5ZvvM,How are the dash and interior materials in each? The BYD appears to have a lot of that piano black and what looks to be cheaper plastic. The piano black plastics look so cheap to me.,0,2026-02-05T16:25:49Z
JLB3l-5ZvvM,One was made by a nazi and the other was made in china.,0,2026-02-05T13:40:25Z
JLB3l-5ZvvM,Aren't seat belts mandatory in New Zealand?,0,2026-02-05T03:43:19Z
JLB3l-5ZvvM,Sing HU 💙 for 💙 spiritual health ✨️,0,2026-02-05T00:50:06Z
JLB3l-5ZvvM,At least the BYD isn't made by a Fucking Nazi.,1,2026-02-04T00:17:04Z
JLB3l-5ZvvM,Taking manufacturers word for range is a mistake.. they never add up in reality..  btw you're an idiot..,0,2026-02-03T22:51:04Z
JLB3l-5ZvvM,There are many other EV brands better than BYD,0,2026-02-03T13:31:03Z
JLB3l-5ZvvM,"To convert between inches and centimeters:

Inches/5 = (cm-32)/9",0,2026-02-03T12:08:34Z
JLB3l-5ZvvM,"It is a pedo, Nazi car vs BYD",0,2026-02-02T21:28:50Z
JLB3l-5ZvvM,"Here is a list of the specific ""safety"" and ""security"" problems experts and politicians are currently debating:

1. The ""Spy Car"" Problem (Data Privacy)
Security experts, including former CSIS (Canadian Security Intelligence Service) officers, have called these vehicles ""rolling spy vans"" for a few reasons:

Constant Surveillance: These cars have multiple cameras, high-definition microphones, and GPS trackers. The concern is that they can record everything happening inside and outside the vehicle and send that data back to servers in China.

Legal Cooperation: Under Chinese law, companies like BYD or Xiaomi are required to cooperate with the Chinese government if asked for data, which could include mapping sensitive Canadian infrastructure or tracking specific people.

2. Remote Control Risk (Cybersecurity)
The biggest fear is that these cars are essentially computers on wheels that can be updated wirelessly.

""Kill Switch"": Theoretically, if there were a conflict or diplomatic tension, a software update could be used to remotely disable the car or even take control of the steering and brakes while the car is driving.

Infrastructure Attacks: Because these cars plug into our electrical grid to charge, experts worry they could be used as a ""portal"" to launch cyberattacks against Canada's energy or communication networks.

3. Fire & Hardware Safety (The ""Self-Burn"" Issue)
There have been many viral videos of Chinese EVs catching fire, which has sparked a huge debate in China and now in Canada.

Thermal Runaway: Some Chinese batteries have been reported to engulf a car in flames in as little as 10 to 60 seconds, which doesn't leave much time for a family to escape.

Corner Cutting: To keep prices so low, some companies have been accused of skipping safety safeguards or using ""ternary"" batteries that are powerful but less stable than the ones used by companies like Hyundai.

4. ""Ghost"" Companies (Support Issues)
The Chinese EV market is overcrowded. Analysts predict that dozens of these brands will go bankrupt or shut down by the end of 2026.

If you buy a car from a company that disappears, you won't be able to get software updates, parts for repairs, or use your warranty. This makes the car ""unsafe"" to drive in the long run because it can't be maintained.",0,2026-02-02T00:20:09Z
JLB3l-5ZvvM,تحيا 🖖 الصين 🇨🇳 التنين 🐉 ملوك 🤴 التكنولوجيا ❤❤❤❤❤❤❤,0,2026-02-01T22:48:41Z
JLB3l-5ZvvM,i would try to take your review seriously if you would at least try to hide your bias toward tesla,0,2026-02-01T16:47:18Z
JLB3l-5ZvvM,BYD is not made by crazy Elon Musk so I’m getting the BYD,0,2026-01-31T23:43:18Z
